-- phpMyAdmin SQL Dump
-- version 5.2.1
-- https://www.phpmyadmin.net/
--
-- Servidor: localhost
-- Tiempo de generaci칩n: 19-05-2025 a las 01:33:26
-- Versi칩n del servidor: 8.0.40
-- Versi칩n de PHP: 8.4.1

SET SQL_MODE = "NO_AUTO_VALUE_ON_ZERO";
START TRANSACTION;
SET time_zone = "+00:00";


/*!40101 SET @OLD_CHARACTER_SET_CLIENT=@@CHARACTER_SET_CLIENT */;
/*!40101 SET @OLD_CHARACTER_SET_RESULTS=@@CHARACTER_SET_RESULTS */;
/*!40101 SET @OLD_COLLATION_CONNECTION=@@COLLATION_CONNECTION */;
/*!40101 SET NAMES utf8mb4 */;

--
-- Base de datos: `v_farmacia`
--

-- --------------------------------------------------------

--
-- Estructura de tabla para la tabla `cliente`
--

CREATE TABLE `cliente` (
  `idcliente` int NOT NULL,
  `cedula` varchar(15) COLLATE utf8mb3_spanish_ci NOT NULL,
  `nombre` varchar(100) COLLATE utf8mb3_spanish_ci NOT NULL,
  `telefono` varchar(15) COLLATE utf8mb3_spanish_ci NOT NULL,
  `direccion` varchar(200) COLLATE utf8mb3_spanish_ci NOT NULL,
  `email` varchar(100) COLLATE utf8mb3_spanish_ci NOT NULL
) ENGINE=InnoDB DEFAULT CHARSET=utf8mb3 COLLATE=utf8mb3_spanish_ci;

--
-- Volcado de datos para la tabla `cliente`
--

INSERT INTO `cliente` (`idcliente`, `cedula`, `nombre`, `telefono`, `direccion`, `email`) VALUES
(10, '1712207586', 'Jadith Sabay', '0984041656', 'Solanda', 'silvernetquito2012@gmail.com'),
(11, '1111111111', 'Consumidor Final', '09999999', 'Consumidor Final', 'consumidorf@email.com'),
(12, '1717532525', 'Patricia Sabay', '0979161875', 'SOLANDA', 'elizabethsabay2019@gmail.com'),
(13, '1715576169', 'se침ora amable', '0993306378', 'Quitumbe', '00000000000@000000'),
(14, '1707670640', 'Marcia Collahuazo', '098303754', 'san juan', 'marceco1964@gmail.com'),
(15, '1704972536', 'Monica Cervantes', '09952179454', 'quitumbe', '0000@0000000'),
(16, '1703332092', 'Maria Perez', '02966146', 'quitumbe', 'mariastalker387@gmail.com'),
(17, '1718565540', 'Camila Mediavilla', '0998225074', 'quitumbe', 'nirvanamediavilla@gmail.com'),
(18, '1750988733', 'Noelia Sisalema', '0987446997', 'Quitumbe', 'noeliasimone23@hotmail.com'),
(19, '1713840583', 'Willian Andrade', '0999738572', 'Solanda', 'andradewillian450@gmail.com'),
(20, '1711541415', 'Luis Villarroel', '2678379', 'Quitumbe', 'luisvillarroel1971@hotmail.com'),
(21, '1718532011', 'Angela Rea', '0983380263', 'Chillogallo', 'angela_rea@hotmail.com'),
(22, '1204883266', 'Hilda Garcia', '0999332338', 'Quitumbe', 'gissel11@hotmail.com'),
(23, '0102068467', 'Maria Zhumi Pugo', '0981218642', 'Los caciques y los shuares 2-16', 'abuelitamalu1944@gmail.com'),
(24, '1791969146', 'Escuela Rafael Buchelli', '3035139', 'Quitumbe', 'secretaria@rafaelbuchelli.com');

-- --------------------------------------------------------

--
-- Estructura de tabla para la tabla `configuracion`
--

CREATE TABLE `configuracion` (
  `id` int NOT NULL,
  `nombre` varchar(100) COLLATE utf8mb3_spanish_ci NOT NULL,
  `telefono` varchar(15) COLLATE utf8mb3_spanish_ci NOT NULL,
  `email` varchar(100) COLLATE utf8mb3_spanish_ci NOT NULL,
  `direccion` text COLLATE utf8mb3_spanish_ci NOT NULL
) ENGINE=InnoDB DEFAULT CHARSET=utf8mb3 COLLATE=utf8mb3_spanish_ci;

--
-- Volcado de datos para la tabla `configuracion`
--

INSERT INTO `configuracion` (`id`, `nombre`, `telefono`, `email`, `direccion`) VALUES
(1, 'Farmacias FarmaTotal', '0984047656', 'silvernetquito2012@gmail.com', 'San Gabriel Sur de Quito');

-- --------------------------------------------------------

--
-- Estructura de tabla para la tabla `detalle_permisos`
--

CREATE TABLE `detalle_permisos` (
  `id` int NOT NULL,
  `id_permiso` int NOT NULL,
  `id_usuario` int NOT NULL
) ENGINE=InnoDB DEFAULT CHARSET=utf8mb4 COLLATE=utf8mb4_general_ci;

--
-- Volcado de datos para la tabla `detalle_permisos`
--

INSERT INTO `detalle_permisos` (`id`, `id_permiso`, `id_usuario`) VALUES
(59, 3, 9),
(60, 5, 9),
(61, 6, 9),
(204, 3, 14),
(205, 5, 14),
(206, 6, 14),
(210, 3, 13),
(211, 5, 13),
(212, 6, 13),
(223, 3, 12),
(224, 4, 12),
(225, 5, 12),
(226, 6, 12),
(227, 7, 12),
(228, 8, 12),
(229, 9, 12),
(230, 11, 12),
(231, 12, 12),
(232, 13, 12),
(245, 1, 1),
(246, 2, 1),
(247, 3, 1),
(248, 4, 1),
(249, 5, 1),
(250, 6, 1),
(251, 7, 1),
(252, 8, 1),
(253, 9, 1),
(254, 10, 1),
(255, 11, 1),
(256, 12, 1),
(257, 13, 1);

-- --------------------------------------------------------

--
-- Estructura de tabla para la tabla `detalle_temp`
--

CREATE TABLE `detalle_temp` (
  `id` int NOT NULL,
  `id_usuario` int NOT NULL,
  `id_producto` int NOT NULL,
  `tipo_prod` varchar(10) COLLATE utf8mb3_spanish_ci NOT NULL,
  `cantidad` int NOT NULL,
  `descuento` decimal(10,2) NOT NULL DEFAULT '0.00',
  `precio_costo` decimal(10,2) NOT NULL,
  `precio_venta` decimal(10,2) NOT NULL,
  `iva` decimal(10,2) NOT NULL,
  `total` decimal(10,2) NOT NULL
) ENGINE=InnoDB DEFAULT CHARSET=utf8mb3 COLLATE=utf8mb3_spanish_ci;

-- --------------------------------------------------------

--
-- Estructura de tabla para la tabla `detalle_venta`
--

CREATE TABLE `detalle_venta` (
  `id` int NOT NULL,
  `id_producto` int NOT NULL,
  `id_venta` int NOT NULL,
  `tipo_prod` varchar(10) COLLATE utf8mb4_general_ci NOT NULL,
  `cantidad` int NOT NULL,
  `descuento` decimal(10,2) NOT NULL DEFAULT '0.00',
  `precio` decimal(10,2) NOT NULL,
  `iva` decimal(10,2) NOT NULL,
  `precioPVP` decimal(10,2) NOT NULL,
  `total` decimal(10,2) NOT NULL DEFAULT '0.00'
) ENGINE=InnoDB DEFAULT CHARSET=utf8mb4 COLLATE=utf8mb4_general_ci;

--
-- Volcado de datos para la tabla `detalle_venta`
--

INSERT INTO `detalle_venta` (`id`, `id_producto`, `id_venta`, `tipo_prod`, `cantidad`, `descuento`, `precio`, `iva`, `precioPVP`, `total`) VALUES
(153, 139, 221, 'F', 1, 0.00, 2.71, 0.00, 2.77, 2.77),
(154, 226, 222, 'F', 2, 0.00, 0.35, 0.00, 0.42, 0.84),
(155, 243, 223, 'U', 2, 0.22, 0.75, 0.00, 1.10, 1.98),
(156, 247, 224, 'F', 2, 0.37, 0.52, 0.00, 0.74, 1.11),
(157, 73, 225, 'F', 1, 0.00, 0.10, 0.00, 0.11, 0.11),
(158, 183, 226, 'U', 2, 1.96, 1.77, 0.00, 3.27, 4.60),
(159, 171, 227, 'U', 2, 0.00, 3.00, 0.00, 5.85, 11.70),
(160, 148, 227, 'U', 1, 0.00, 7.00, 0.00, 8.80, 8.80),
(161, 222, 228, 'U', 1, 0.00, 3.80, 0.00, 4.49, 4.49),
(162, 181, 228, 'U', 1, 0.00, 10.85, 0.00, 12.00, 12.00),
(163, 119, 228, 'F', 2, 0.00, 0.00, 0.00, 0.02, 0.04),
(164, 282, 229, 'U', 1, 0.00, 0.35, 0.10, 0.70, 0.70),
(165, 246, 230, 'F', 1, 0.00, 0.24, 0.00, 0.30, 0.30),
(166, 163, 230, 'F', 1, 0.00, 1.00, 0.00, 1.25, 1.25),
(167, 176, 231, 'F', 4, 0.00, 0.50, 0.00, 0.56, 2.24),
(168, 301, 232, 'U', 1, 1.75, 2.95, 0.00, 3.50, 1.76),
(169, 181, 233, 'U', 1, 0.00, 10.85, 0.00, 12.00, 12.00),
(170, 282, 233, 'U', 1, 0.00, 0.35, 0.10, 0.70, 0.70),
(171, 238, 234, 'F', 3, 0.00, 0.67, 0.00, 0.83, 2.49),
(172, 63, 235, 'F', 3, 0.00, 0.60, 0.00, 0.60, 1.80),
(173, 302, 236, 'F', 2, 0.00, 0.40, 0.00, 0.60, 1.20),
(174, 130, 237, 'U', 1, 0.00, 8.05, 0.00, 4.50, 4.50),
(175, 137, 238, 'F', 1, 0.00, 0.33, 0.00, 0.44, 0.44),
(176, 247, 238, 'F', 1, 0.00, 0.52, 0.00, 0.74, 0.74),
(177, 143, 239, 'F', 1, 0.00, 1.35, 0.00, 1.50, 1.50),
(178, 132, 239, 'F', 1, 0.00, 0.46, 0.00, 0.60, 0.60),
(179, 65, 240, 'F', 2, 0.00, 0.33, 0.00, 0.37, 0.74),
(180, 255, 241, 'F', 2, 0.00, 0.33, 0.00, 0.31, 0.62),
(181, 176, 242, 'F', 1, 0.00, 0.50, 0.00, 0.56, 0.56),
(182, 209, 243, 'F', 3, 0.00, 2.64, 0.00, 2.85, 8.55),
(183, 69, 244, 'F', 5, 0.00, 0.57, 0.00, 0.85, 4.25),
(184, 251, 245, 'F', 1, 0.00, 0.70, 0.00, 1.00, 1.00),
(185, 132, 246, 'F', 3, 0.00, 0.46, 0.00, 0.60, 1.80),
(186, 138, 247, 'F', 2, 0.00, 0.68, 0.00, 0.85, 1.70),
(187, 309, 248, 'U', 1, 0.00, 0.05, 0.01, 0.10, 0.10),
(188, 80, 249, 'F', 1, 0.19, 0.50, 0.00, 0.94, 0.75),
(189, 258, 250, 'F', 10, 5.00, 0.50, 0.00, 1.00, 5.00),
(190, 183, 250, 'U', 1, 0.33, 1.77, 0.00, 3.27, 2.94),
(191, 82, 251, 'F', 2, 0.26, 0.20, 0.00, 0.51, 0.77),
(192, 258, 252, 'F', 4, 1.20, 0.50, 0.00, 1.00, 2.80),
(193, 94, 253, 'F', 5, 3.38, 1.30, 0.00, 1.88, 6.02),
(194, 262, 253, 'F', 2, 0.45, 0.63, 0.00, 0.89, 1.34),
(195, 207, 254, 'F', 1, 0.00, 0.08, 0.00, 0.90, 0.90),
(196, 172, 255, 'U', 1, 0.00, 6.95, 0.00, 3.29, 3.29),
(197, 176, 256, 'F', 1, 0.00, 0.50, 0.00, 0.50, 0.50),
(198, 176, 257, 'F', 4, 0.00, 0.50, 0.00, 0.50, 2.00),
(199, 148, 258, 'F', 4, 0.00, 0.35, 0.00, 0.40, 1.60),
(200, 221, 259, 'U', 1, 0.00, 0.85, 0.00, 1.30, 1.30),
(201, 82, 260, 'F', 2, 0.00, 0.20, 0.00, 0.40, 0.80),
(202, 62, 261, 'F', 4, 0.00, 0.53, 0.00, 0.60, 2.40),
(203, 299, 262, 'F', 1, 0.42, 0.90, 0.00, 1.40, 0.98),
(204, 290, 263, 'U', 1, 0.00, 1.88, 0.00, 3.00, 3.00),
(205, 133, 264, 'F', 10, 0.00, 0.03, 0.00, 0.10, 1.00),
(206, 177, 265, 'F', 1, 0.00, 1.00, 0.00, 1.00, 1.00),
(207, 137, 265, 'F', 1, 0.00, 0.33, 0.00, 0.40, 0.40),
(208, 310, 265, 'F', 1, 0.00, 1.23, 0.00, 1.25, 1.25),
(209, 179, 266, 'F', 3, 0.00, 0.51, 0.00, 0.70, 2.10),
(210, 275, 267, 'U', 1, 0.00, 0.50, 0.00, 0.74, 0.74),
(211, 31, 267, 'U', 1, 0.00, 0.87, 0.17, 1.10, 1.10),
(212, 176, 268, 'F', 1, 0.00, 0.50, 0.00, 0.50, 0.50),
(213, 240, 269, 'F', 3, 0.00, 0.13, 0.00, 0.50, 1.50),
(214, 244, 269, 'F', 4, 0.00, 0.26, 0.00, 0.25, 1.00),
(215, 300, 270, 'F', 2, 0.00, 0.25, 0.00, 0.35, 0.70),
(216, 133, 271, 'F', 10, 0.00, 0.03, 0.00, 0.05, 0.50),
(217, 300, 272, 'F', 2, 0.00, 0.25, 0.00, 0.35, 0.70),
(218, 129, 273, 'U', 1, 0.00, 2.60, 0.00, 3.00, 3.00),
(219, 107, 274, 'F', 1, 0.00, 0.47, 0.00, 0.50, 0.50),
(220, 209, 275, 'F', 2, 0.00, 2.64, 0.00, 2.70, 5.40),
(221, 269, 276, 'U', 1, 0.00, 1.00, 0.00, 1.50, 1.50),
(222, 309, 277, 'U', 1, 0.00, 0.05, 0.01, 0.10, 0.10),
(223, 324, 278, 'U', 1, 0.00, 0.10, 0.00, 0.15, 0.15),
(224, 221, 279, 'U', 1, 0.00, 0.85, 0.00, 1.30, 1.30),
(225, 98, 280, 'F', 2, 0.00, 0.34, 0.00, 0.30, 0.60),
(226, 133, 281, 'F', 10, 0.00, 0.03, 0.00, 0.05, 0.50),
(227, 291, 282, 'F', 4, 0.00, 0.07, 0.00, 0.25, 1.00),
(228, 133, 283, 'F', 10, 0.00, 0.03, 0.00, 0.05, 0.50),
(229, 251, 283, 'F', 1, 0.00, 0.70, 0.00, 0.90, 0.90),
(230, 322, 283, 'F', 2, 0.50, 0.64, 0.00, 1.25, 2.00),
(231, 319, 284, 'U', 1, 0.00, 1.55, 0.00, 2.00, 2.00),
(232, 102, 285, 'F', 3, 1.10, 1.70, 0.00, 4.60, 12.70),
(233, 149, 286, 'F', 5, 0.00, 0.17, 0.00, 0.20, 1.00),
(234, 179, 287, 'F', 3, 0.00, 0.51, 0.00, 0.70, 2.10),
(235, 147, 287, 'F', 3, 0.00, 0.05, 0.00, 0.10, 0.30),
(236, 317, 288, 'F', 2, 0.00, 0.25, 0.00, 0.35, 0.70),
(237, 230, 289, 'F', 4, 0.00, 1.07, 0.00, 1.00, 4.00),
(238, 84, 290, 'U', 1, 0.00, 6.80, 0.00, 7.00, 7.00),
(239, 100, 291, 'U', 1, 1.58, 6.50, 0.00, 7.89, 6.31),
(240, 244, 292, 'F', 6, 0.00, 0.26, 0.00, 0.25, 1.50),
(241, 98, 293, 'F', 2, 0.00, 0.34, 0.00, 0.30, 0.60),
(242, 63, 293, 'F', 2, 0.00, 0.60, 0.00, 0.60, 1.20),
(243, 155, 294, 'F', 2, 0.00, 0.42, 0.00, 0.90, 1.80),
(244, 154, 295, 'F', 4, 0.00, 0.20, 0.00, 0.20, 0.80),
(245, 139, 296, 'F', 1, 0.00, 2.71, 0.00, 2.00, 2.00),
(246, 337, 297, 'U', 1, 0.00, 2.00, 0.00, 3.00, 3.00),
(247, 133, 298, 'F', 10, 0.00, 0.03, 0.00, 0.05, 0.50),
(248, 302, 299, 'F', 2, 0.18, 0.40, 0.00, 0.60, 1.02),
(249, 155, 300, 'F', 2, 0.00, 0.42, 0.00, 0.90, 1.80),
(250, 61, 301, 'F', 2, 0.00, 0.24, 0.00, 0.25, 0.50),
(251, 196, 302, 'U', 1, 0.22, 0.90, 0.00, 1.49, 1.27),
(252, 118, 303, 'F', 2, 0.00, 0.00, 0.00, 0.25, 0.50),
(253, 118, 304, 'F', 3, 0.00, 0.00, 0.00, 0.25, 0.75),
(254, 147, 305, 'F', 10, 0.00, 0.05, 0.00, 0.10, 1.00),
(255, 98, 306, 'F', 2, 0.06, 0.34, 0.00, 0.30, 0.54),
(256, 135, 307, 'F', 2, 0.00, 0.50, 0.00, 0.50, 1.00),
(257, 29, 308, 'U', 1, 0.00, 1.25, 0.23, 1.50, 1.50),
(258, 221, 309, 'F', 10, 0.00, 0.09, 0.00, 0.10, 1.00),
(259, 148, 310, 'F', 2, 0.00, 0.35, 0.00, 0.40, 0.80),
(260, 244, 311, 'F', 2, 0.00, 0.26, 0.00, 0.25, 0.50),
(261, 118, 312, 'F', 10, 0.00, 0.00, 0.00, 0.25, 2.50),
(262, 336, 313, 'U', 1, 0.00, 3.44, 0.00, 5.00, 5.00),
(263, 176, 314, 'F', 1, 0.00, 0.50, 0.00, 0.50, 0.50),
(264, 343, 315, 'U', 1, 0.87, 4.55, 0.00, 5.80, 4.93),
(265, 141, 316, 'F', 1, 0.06, 0.55, 0.00, 0.60, 0.54),
(266, 210, 317, 'F', 2, 0.00, 0.81, 0.00, 1.00, 2.00),
(267, 244, 317, 'F', 4, 0.00, 0.26, 0.00, 0.25, 1.00),
(268, 85, 318, 'U', 1, 1.08, 4.74, 0.00, 6.00, 4.92),
(269, 321, 319, 'F', 2, 0.00, 0.20, 0.00, 0.50, 1.00),
(270, 179, 320, 'F', 8, 0.28, 0.51, 0.00, 0.70, 5.32),
(271, 343, 320, 'U', 1, 0.00, 4.55, 0.00, 5.80, 5.80),
(272, 121, 320, 'U', 1, 0.39, 2.45, 0.00, 3.90, 3.51),
(273, 191, 321, 'U', 1, 0.00, 0.78, 0.00, 1.00, 1.00),
(274, 320, 321, 'U', 1, 0.00, 0.14, 0.00, 0.25, 0.25),
(275, 40, 321, 'U', 1, 0.00, 1.63, 0.30, 2.00, 2.00),
(276, 217, 322, 'F', 5, 0.00, 0.17, 0.00, 0.20, 1.00),
(277, 133, 323, 'F', 10, 0.00, 0.03, 0.00, 0.05, 0.50),
(278, 284, 323, 'F', 1, 0.03, 0.60, 0.00, 0.65, 0.62),
(279, 342, 324, 'F', 5, 0.00, 0.23, 0.00, 0.30, 1.50),
(280, 81, 325, 'F', 5, 0.00, 0.14, 0.00, 0.20, 1.00),
(281, 310, 326, 'F', 2, 0.63, 1.23, 0.00, 1.25, 1.88),
(282, 310, 327, 'F', 2, 0.50, 1.23, 0.00, 1.25, 2.01),
(283, 135, 328, 'F', 3, 0.00, 0.50, 0.00, 0.50, 1.50),
(284, 257, 329, 'F', 6, 0.60, 0.32, 0.00, 0.40, 1.80),
(285, 81, 330, 'F', 3, 0.00, 0.14, 0.00, 0.20, 0.60),
(286, 315, 330, 'U', 1, 0.00, 0.63, 0.14, 0.90, 0.90),
(287, 33, 331, 'U', 1, 0.00, 0.81, 0.15, 1.00, 1.00),
(288, 31, 331, 'U', 1, 0.11, 0.87, 0.17, 1.10, 0.99),
(289, 49, 332, 'U', 1, 0.00, 2.21, 0.45, 3.00, 3.00),
(290, 50, 332, 'U', 1, 0.00, 0.66, 0.00, 1.00, 1.00),
(291, 221, 333, 'U', 1, 0.00, 0.85, 0.00, 1.30, 1.30),
(292, 249, 334, 'U', 1, 0.24, 1.10, 0.00, 2.42, 2.18),
(293, 277, 335, 'F', 3, 0.00, 0.01, 0.00, 0.10, 0.30),
(294, 230, 336, 'F', 2, 0.00, 1.07, 0.00, 1.00, 2.00),
(295, 149, 337, 'F', 1, 0.00, 0.17, 0.00, 0.20, 0.20),
(296, 322, 337, 'F', 1, 0.00, 0.64, 0.00, 1.25, 1.25),
(297, 98, 338, 'F', 3, 0.00, 0.34, 0.00, 0.30, 0.90),
(298, 221, 338, 'U', 1, 0.00, 0.85, 0.00, 1.30, 1.30),
(299, 227, 339, 'F', 2, 0.00, 0.15, 0.00, 0.20, 0.40),
(300, 267, 339, 'F', 2, 0.00, 0.29, 0.00, 0.30, 0.60),
(301, 133, 339, 'F', 2, 0.00, 0.03, 0.00, 0.05, 0.10),
(302, 132, 340, 'F', 2, 0.00, 0.46, 0.00, 0.50, 1.00),
(303, 135, 341, 'F', 2, 0.00, 0.50, 0.00, 0.50, 1.00),
(304, 343, 341, 'U', 1, 0.00, 4.55, 0.00, 5.80, 5.80),
(305, 72, 341, 'F', 20, 0.00, 0.13, 0.00, 0.10, 2.00),
(306, 37, 342, 'U', 2, 0.00, 4.15, 0.75, 5.00, 10.00),
(307, 294, 343, 'U', 1, 0.00, 0.85, 0.22, 1.50, 1.50),
(308, 297, 344, 'F', 4, 0.00, 0.28, 0.00, 0.40, 1.60),
(309, 251, 345, 'F', 1, 0.00, 0.70, 0.00, 0.90, 0.90),
(310, 342, 346, 'F', 5, 0.00, 0.23, 0.00, 0.30, 1.50),
(311, 201, 347, 'F', 1, 0.00, 0.80, 0.00, 0.90, 0.90),
(312, 277, 348, 'F', 6, 0.00, 0.01, 0.00, 0.10, 0.60),
(313, 320, 349, 'U', 1, 0.00, 0.14, 0.00, 0.25, 0.25),
(314, 209, 350, 'F', 1, 0.00, 2.64, 0.00, 2.50, 2.50),
(315, 352, 350, 'F', 1, 0.00, 0.79, 0.00, 1.10, 1.10),
(316, 96, 351, 'F', 1, 0.00, 0.44, 0.00, 0.50, 0.50),
(317, 63, 351, 'F', 2, 0.00, 0.60, 0.00, 0.60, 1.20),
(318, 277, 352, 'F', 3, 0.00, 0.01, 0.00, 0.10, 0.30),
(319, 22, 353, 'U', 1, 0.00, 1.13, 0.30, 2.00, 2.00),
(320, 80, 354, 'F', 1, 0.00, 0.50, 0.00, 0.60, 0.60),
(321, 284, 355, 'F', 1, 0.00, 0.60, 0.00, 0.65, 0.65),
(322, 61, 355, 'F', 1, 0.00, 0.24, 0.00, 0.25, 0.25),
(323, 207, 356, 'F', 1, 0.00, 0.08, 0.00, 0.90, 0.90),
(324, 176, 357, 'F', 4, 0.00, 0.50, 0.00, 0.50, 2.00),
(325, 204, 358, 'F', 2, 0.00, 0.40, 0.00, 0.45, 0.90),
(326, 258, 359, 'F', 1, 0.00, 0.50, 0.00, 0.70, 0.70),
(327, 345, 359, 'F', 1, 0.00, 0.49, 0.00, 0.60, 0.60),
(328, 140, 360, 'U', 1, 0.00, 4.00, 0.00, 4.50, 4.50),
(329, 118, 361, 'F', 1, 0.10, 0.00, 0.00, 0.25, 0.16),
(330, 69, 362, 'F', 1, 0.16, 0.57, 0.00, 0.80, 0.64),
(331, 132, 362, 'F', 1, 0.00, 0.46, 0.00, 0.50, 0.50),
(332, 342, 363, 'F', 2, 0.00, 0.23, 0.00, 0.30, 0.60),
(333, 63, 363, 'F', 2, 0.00, 0.60, 0.00, 0.60, 1.20),
(334, 98, 364, 'F', 1, 0.00, 0.34, 0.00, 0.30, 0.30),
(335, 24, 365, 'U', 1, 0.00, 1.40, 0.27, 1.80, 1.80),
(336, 139, 366, 'F', 3, 0.00, 2.71, 0.00, 2.00, 6.00),
(337, 150, 366, 'F', 3, 0.00, 0.06, 0.00, 0.20, 0.60),
(338, 136, 366, 'F', 3, 0.00, 0.50, 0.00, 0.60, 1.80),
(339, 213, 367, 'U', 1, 0.00, 1.20, 0.27, 1.80, 1.80),
(340, 133, 368, 'F', 10, 0.00, 0.03, 0.00, 0.05, 0.50),
(341, 62, 368, 'F', 1, 0.00, 0.53, 0.00, 0.60, 0.60),
(342, 98, 368, 'F', 1, 0.00, 0.34, 0.00, 0.30, 0.30),
(343, 154, 368, 'F', 4, 0.00, 0.20, 0.00, 0.20, 0.80),
(344, 148, 369, 'F', 4, 0.00, 0.35, 0.00, 0.40, 1.60),
(345, 148, 370, 'F', 1, 0.00, 0.35, 0.00, 0.40, 0.40),
(346, 226, 371, 'F', 3, 0.00, 0.35, 0.00, 0.40, 1.20),
(347, 173, 372, 'F', 1, 0.00, 1.48, 0.00, 1.50, 1.50),
(348, 228, 373, 'U', 1, 0.34, 4.00, 0.00, 6.89, 6.55),
(349, 244, 374, 'F', 1, 0.00, 0.26, 0.00, 0.25, 0.25),
(350, 137, 374, 'F', 1, 0.00, 0.33, 0.00, 0.40, 0.40),
(351, 87, 374, 'U', 1, 0.00, 6.00, 0.00, 7.00, 7.00),
(352, 97, 375, 'F', 3, 0.00, 0.61, 0.00, 0.60, 1.80),
(353, 349, 375, 'F', 5, 0.00, 0.28, 0.00, 0.40, 2.00),
(354, 173, 376, 'F', 2, 0.00, 1.48, 0.00, 1.50, 3.00),
(355, 154, 377, 'F', 2, 0.00, 0.20, 0.00, 0.20, 0.40),
(356, 152, 378, 'F', 3, 0.00, 0.13, 0.00, 0.15, 0.45),
(357, 244, 378, 'F', 2, 0.00, 0.26, 0.00, 0.30, 0.60),
(358, 176, 379, 'F', 3, 0.00, 0.50, 0.00, 0.50, 1.50),
(359, 309, 380, 'U', 1, 0.00, 0.05, 0.01, 0.10, 0.10),
(360, 324, 380, 'U', 1, 0.00, 0.10, 0.00, 0.15, 0.15),
(361, 137, 381, 'F', 4, 0.00, 0.33, 0.00, 0.40, 1.60),
(362, 154, 381, 'F', 3, 0.00, 0.20, 0.00, 0.25, 0.75),
(363, 141, 381, 'F', 1, 0.00, 0.55, 0.00, 0.60, 0.60),
(364, 118, 381, 'F', 1, 0.00, 0.00, 0.00, 0.20, 0.20),
(365, 146, 382, 'U', 1, 0.00, 1.65, 0.00, 2.36, 2.36),
(366, 85, 382, 'U', 1, 0.00, 4.74, 0.00, 6.00, 6.00),
(367, 321, 383, 'F', 2, 0.00, 0.20, 0.00, 0.50, 1.00),
(368, 97, 384, 'F', 1, 0.00, 0.61, 0.00, 0.60, 0.60),
(369, 147, 384, 'F', 3, 0.00, 0.05, 0.00, 0.10, 0.30),
(370, 63, 384, 'F', 1, 0.00, 0.60, 0.00, 0.60, 0.60),
(371, 243, 385, 'U', 2, 0.22, 0.75, 0.00, 1.10, 1.98),
(372, 303, 386, 'F', 1, 0.00, 0.72, 0.00, 2.00, 2.00),
(373, 261, 387, 'F', 10, 0.00, 0.89, 0.00, 0.90, 9.00),
(374, 82, 388, 'F', 2, 0.00, 0.20, 0.00, 0.40, 0.80),
(375, 63, 389, 'F', 2, 0.00, 0.60, 0.00, 0.60, 1.20),
(376, 357, 390, 'F', 1, 0.00, 0.31, 0.00, 0.50, 0.50),
(377, 176, 391, 'U', 1, 0.00, 0.44, 0.00, 0.60, 0.60),
(378, 312, 391, 'F', 10, 0.00, 0.23, 0.00, 0.30, 3.00),
(379, 312, 392, 'F', 10, 0.00, 0.23, 0.00, 0.30, 3.00),
(380, 247, 393, 'F', 2, 0.14, 0.52, 0.00, 0.70, 1.26),
(381, 289, 394, 'U', 1, 0.19, 6.40, 0.00, 9.36, 9.17),
(382, 359, 395, 'F', 2, 0.00, 0.43, 0.00, 0.60, 1.20),
(383, 166, 396, 'U', 1, 0.00, 2.05, 0.00, 4.29, 4.29),
(384, 226, 397, 'F', 5, 0.00, 0.35, 0.00, 0.40, 2.00),
(385, 243, 398, 'U', 3, 0.00, 0.75, 0.00, 1.10, 3.30),
(386, 141, 399, 'F', 1, 0.00, 0.55, 0.00, 0.60, 0.60),
(387, 352, 400, 'F', 1, 0.00, 0.79, 0.00, 1.10, 1.10),
(388, 216, 401, 'F', 3, 0.17, 0.45, 0.00, 0.55, 1.49),
(389, 364, 402, 'F', 1, 0.00, 0.44, 0.00, 0.60, 0.60),
(390, 133, 403, 'F', 20, 0.00, 0.03, 0.00, 0.05, 1.00),
(391, 166, 404, 'U', 1, 0.13, 2.05, 0.00, 4.29, 4.16),
(392, 183, 405, 'U', 1, 0.00, 1.77, 0.00, 3.27, 3.27),
(393, 284, 406, 'F', 2, 0.10, 0.60, 0.00, 0.65, 1.21),
(394, 221, 407, 'F', 4, 0.00, 0.09, 0.00, 0.10, 0.40),
(395, 226, 408, 'F', 3, 0.00, 0.35, 0.00, 0.40, 1.20),
(396, 171, 408, 'F', 1, 0.40, 1.00, 0.00, 2.00, 1.60),
(397, 44, 409, 'U', 2, 0.30, 1.31, 0.23, 1.50, 2.70),
(398, 98, 410, 'F', 2, 0.00, 0.34, 0.00, 0.30, 0.60),
(399, 357, 410, 'F', 2, 0.00, 0.31, 0.00, 0.50, 1.00),
(400, 50, 411, 'U', 1, 0.00, 0.66, 0.00, 1.00, 1.00),
(401, 221, 412, 'F', 6, 0.00, 0.09, 0.00, 0.10, 0.60),
(402, 81, 412, 'F', 4, 0.00, 0.14, 0.00, 0.20, 0.80),
(403, 270, 413, 'F', 2, 0.00, 0.05, 0.00, 0.10, 0.20),
(404, 351, 414, 'U', 1, 0.96, 6.79, 0.00, 9.64, 8.68),
(405, 61, 415, 'F', 5, 0.00, 0.24, 0.00, 0.25, 1.25),
(406, 139, 416, 'F', 5, 0.00, 2.71, 0.00, 2.00, 10.00),
(407, 133, 416, 'F', 10, 0.00, 0.03, 0.00, 0.05, 0.50),
(408, 133, 417, 'F', 5, 0.00, 0.03, 0.00, 0.05, 0.25),
(409, 243, 418, 'U', 1, 0.00, 0.75, 0.00, 1.10, 1.10),
(410, 304, 419, 'U', 1, 0.00, 0.94, 0.00, 1.25, 1.25),
(411, 138, 420, 'F', 1, 0.00, 0.68, 0.00, 0.80, 0.80),
(412, 137, 420, 'F', 3, 0.00, 0.33, 0.00, 0.40, 1.20),
(413, 22, 421, 'U', 1, 0.00, 1.13, 0.30, 2.00, 2.00),
(414, 376, 422, 'U', 1, 0.00, 0.62, 0.00, 1.00, 1.00),
(415, 395, 423, 'U', 1, 0.00, 0.24, 0.00, 0.30, 0.30),
(416, 396, 424, 'U', 1, 0.00, 0.58, 0.00, 0.70, 0.70),
(417, 122, 425, 'U', 1, 0.00, 4.90, 0.00, 6.50, 6.50),
(418, 379, 426, 'U', 1, 0.00, 0.48, 0.00, 0.60, 0.60),
(419, 94, 427, 'F', 1, 0.14, 1.30, 0.00, 1.40, 1.26),
(420, 407, 428, 'F', 2, 0.00, 2.00, 0.00, 0.50, 1.00),
(421, 105, 429, 'F', 2, 0.00, 0.48, 0.00, 0.50, 1.00),
(422, 63, 429, 'F', 1, 0.00, 0.60, 0.00, 0.60, 0.60),
(423, 394, 430, 'U', 1, 0.00, 0.32, 0.00, 0.40, 0.40),
(424, 133, 431, 'F', 10, 0.00, 0.03, 0.00, 0.05, 0.50),
(425, 97, 432, 'F', 2, 0.00, 0.61, 0.00, 0.60, 1.20),
(426, 81, 432, 'F', 2, 0.00, 0.14, 0.00, 0.20, 0.40),
(427, 63, 432, 'F', 1, 0.00, 0.60, 0.00, 0.60, 0.60),
(428, 405, 433, 'U', 1, 0.00, 1.00, 0.00, 1.50, 1.50),
(429, 343, 434, 'U', 1, 0.87, 4.55, 0.00, 5.80, 4.93),
(430, 377, 435, 'U', 1, 0.00, 0.72, 0.00, 1.00, 1.00),
(431, 142, 436, 'F', 3, 0.00, 0.20, 0.00, 0.30, 0.90),
(432, 372, 437, 'U', 1, 0.00, 0.25, 0.00, 0.30, 0.30),
(433, 65, 438, 'F', 3, 0.18, 0.33, 0.00, 0.40, 1.02),
(434, 24, 439, 'U', 1, 0.00, 1.40, 0.27, 1.80, 1.80),
(435, 133, 440, 'F', 10, 0.00, 0.03, 0.00, 0.05, 0.50),
(436, 308, 441, 'F', 1, 0.00, 0.78, 0.00, 0.90, 0.90),
(437, 69, 442, 'F', 1, 0.00, 0.57, 0.00, 0.50, 0.50),
(438, 90, 443, 'U', 1, 0.00, 6.50, 0.00, 6.90, 6.90),
(439, 65, 444, 'F', 1, 0.00, 0.33, 0.00, 0.40, 0.40),
(440, 345, 445, 'F', 2, 0.00, 0.49, 0.00, 0.60, 1.20),
(441, 68, 445, 'F', 3, 0.24, 0.38, 0.00, 0.40, 0.96),
(442, 203, 446, 'F', 1, 0.00, 0.43, 0.00, 0.40, 0.40),
(443, 118, 447, 'F', 5, 0.00, 0.00, 0.00, 0.15, 0.75),
(444, 62, 447, 'F', 2, 0.00, 0.53, 0.00, 0.50, 1.00),
(445, 136, 448, 'F', 2, 0.00, 0.50, 0.00, 0.60, 1.20),
(446, 410, 449, 'U', 1, 0.00, 6.00, 0.00, 6.00, 6.00),
(447, 411, 450, 'U', 1, 0.00, 7.00, 0.00, 7.00, 7.00),
(448, 118, 451, 'F', 3, 0.00, 0.00, 0.00, 0.15, 0.45),
(449, 62, 452, 'F', 1, 0.00, 0.53, 0.00, 0.50, 0.50),
(450, 267, 453, 'F', 9, 0.00, 0.29, 0.00, 0.30, 2.70),
(451, 153, 453, 'F', 4, 0.00, 2.04, 0.00, 2.60, 10.40),
(452, 251, 453, 'F', 1, 0.00, 0.70, 0.00, 0.90, 0.90),
(453, 148, 454, 'F', 10, 0.00, 0.35, 0.00, 0.40, 4.00),
(454, 394, 455, 'U', 1, 0.00, 0.32, 0.00, 0.40, 0.40),
(455, 203, 456, 'F', 2, 0.00, 0.43, 0.00, 0.40, 0.80),
(456, 153, 457, 'F', 2, 1.04, 2.04, 0.00, 2.60, 4.16),
(457, 261, 458, 'F', 1, 0.00, 0.89, 0.00, 0.90, 0.90),
(458, 336, 459, 'U', 1, 0.00, 3.44, 0.00, 5.00, 5.00),
(459, 356, 460, 'F', 3, 0.00, 0.18, 0.00, 0.30, 0.90),
(460, 105, 461, 'F', 5, 0.00, 0.48, 0.00, 0.50, 2.50),
(461, 342, 462, 'F', 10, 0.00, 0.23, 0.00, 0.30, 3.00),
(462, 116, 463, 'F', 2, 0.00, 0.00, 0.00, 0.40, 0.80),
(463, 303, 464, 'F', 1, 0.00, 0.72, 0.00, 2.00, 2.00),
(464, 357, 465, 'F', 1, 0.00, 0.31, 0.00, 0.50, 0.50),
(465, 330, 465, 'F', 1, 0.00, 0.44, 0.00, 0.60, 0.60),
(466, 364, 466, 'F', 1, 0.00, 0.42, 0.00, 0.60, 0.60),
(467, 221, 467, 'U', 1, 0.00, 0.85, 0.00, 1.30, 1.30),
(468, 68, 467, 'F', 3, 0.18, 0.38, 0.00, 0.40, 1.02),
(469, 396, 467, 'U', 1, 0.00, 0.58, 0.00, 0.70, 0.70),
(470, 136, 468, 'F', 2, 0.00, 0.50, 0.00, 0.60, 1.20),
(471, 132, 469, 'F', 2, 0.00, 0.46, 0.00, 0.50, 1.00),
(472, 116, 470, 'F', 2, 0.00, 0.00, 0.00, 0.40, 0.80),
(473, 221, 471, 'F', 2, 0.00, 0.09, 0.00, 0.10, 0.20),
(474, 359, 471, 'F', 1, 0.00, 0.43, 0.00, 0.60, 0.60),
(475, 180, 472, 'F', 2, 0.00, 0.26, 0.00, 0.35, 0.70),
(476, 138, 473, 'F', 4, 1.12, 0.68, 0.00, 0.80, 2.08),
(477, 139, 474, 'F', 1, 0.00, 2.71, 0.00, 2.00, 2.00),
(478, 384, 475, 'F', 2, 0.00, 0.32, 0.00, 0.40, 0.80),
(479, 63, 476, 'F', 1, 0.00, 0.60, 0.00, 0.60, 0.60),
(480, 161, 477, 'F', 10, 0.00, 0.34, 0.00, 0.30, 3.00),
(481, 270, 478, 'F', 5, 0.00, 0.07, 0.00, 0.10, 0.50),
(482, 314, 479, 'U', 1, 0.00, 0.75, 0.17, 1.10, 1.10),
(483, 250, 480, 'F', 2, 0.00, 0.22, 0.00, 0.25, 0.50),
(484, 313, 481, 'F', 1, 0.00, 0.86, 0.00, 1.45, 1.45),
(485, 412, 482, 'F', 3, 0.00, 0.18, 0.00, 0.20, 0.60),
(486, 330, 483, 'F', 9, 0.00, 0.44, 0.00, 0.50, 4.50),
(487, 136, 484, 'F', 3, 0.00, 0.50, 0.00, 0.60, 1.80),
(488, 133, 485, 'F', 10, 0.00, 0.03, 0.00, 0.05, 0.50),
(489, 63, 485, 'F', 2, 0.00, 0.60, 0.00, 0.60, 1.20),
(490, 73, 486, 'F', 1, 0.00, 0.10, 0.00, 0.10, 0.10),
(491, 136, 486, 'F', 1, 0.00, 0.50, 0.00, 0.60, 0.60),
(492, 132, 487, 'F', 6, 0.00, 0.46, 0.00, 0.50, 3.00),
(493, 364, 487, 'F', 4, 0.00, 0.42, 0.00, 0.60, 2.40),
(494, 267, 488, 'F', 2, 0.00, 0.29, 0.00, 0.30, 0.60),
(495, 377, 488, 'U', 1, 0.00, 0.72, 0.00, 1.00, 1.00),
(496, 367, 489, 'U', 1, 0.00, 0.38, 0.00, 0.50, 0.50),
(497, 221, 490, 'U', 1, 0.13, 0.85, 0.00, 1.30, 1.17),
(498, 105, 491, 'F', 3, 0.00, 0.48, 0.00, 0.50, 1.50),
(499, 141, 492, 'F', 1, 0.00, 0.55, 0.00, 0.60, 0.60),
(500, 63, 492, 'F', 1, 0.00, 0.60, 0.00, 0.60, 0.60),
(501, 284, 493, 'F', 2, 0.26, 0.60, 0.00, 0.65, 1.04),
(502, 133, 494, 'F', 20, 0.00, 0.03, 0.00, 0.05, 1.00),
(503, 382, 495, 'F', 3, 0.00, 0.13, 0.00, 0.25, 0.75),
(504, 375, 495, 'F', 1, 0.00, 0.43, 0.00, 0.50, 0.50),
(505, 61, 496, 'F', 4, 0.00, 0.24, 0.00, 0.25, 1.00),
(506, 192, 497, 'U', 1, 0.00, 0.78, 0.00, 1.00, 1.00),
(507, 132, 498, 'F', 1, 0.00, 0.46, 0.00, 0.50, 0.50),
(508, 217, 499, 'F', 5, 0.00, 0.17, 0.00, 0.20, 1.00),
(509, 298, 500, 'F', 2, 0.00, 0.68, 0.00, 0.90, 1.80),
(510, 221, 501, 'U', 1, 0.26, 0.85, 0.00, 1.30, 1.04),
(511, 357, 502, 'F', 2, 0.00, 0.31, 0.00, 0.50, 1.00),
(512, 284, 502, 'F', 2, 0.00, 0.60, 0.00, 0.65, 1.30),
(513, 302, 503, 'F', 2, 0.00, 0.40, 0.00, 0.60, 1.20),
(514, 324, 504, 'U', 4, 0.00, 0.10, 0.00, 0.15, 0.60),
(515, 309, 504, 'U', 4, 0.00, 0.05, 0.01, 0.10, 0.40),
(516, 209, 505, 'F', 1, 0.50, 2.64, 0.00, 2.50, 2.00),
(517, 163, 506, 'F', 1, 0.18, 1.00, 0.00, 1.20, 1.02),
(518, 352, 507, 'F', 1, 0.00, 0.79, 0.00, 1.00, 1.00),
(519, 342, 508, 'F', 10, 0.00, 0.23, 0.00, 0.30, 3.00),
(520, 70, 508, 'F', 5, 0.00, 0.23, 0.00, 0.20, 1.00),
(521, 163, 509, 'F', 1, 0.12, 1.00, 0.00, 1.20, 1.08),
(522, 382, 510, 'F', 3, 0.00, 0.13, 0.00, 0.25, 0.75),
(523, 150, 510, 'F', 3, 0.23, 0.06, 0.00, 0.30, 0.69),
(524, 98, 511, 'F', 1, 0.00, 0.34, 0.00, 0.30, 0.30),
(525, 63, 511, 'F', 2, 0.00, 0.60, 0.00, 0.60, 1.20),
(526, 73, 512, 'F', 10, 0.00, 0.10, 0.00, 0.10, 1.00),
(527, 63, 513, 'F', 2, 0.00, 0.60, 0.00, 0.60, 1.20),
(528, 98, 513, 'F', 2, 0.00, 0.34, 0.00, 0.30, 0.60),
(529, 361, 514, 'F', 2, 0.00, 0.38, 0.00, 0.50, 1.00),
(530, 352, 514, 'F', 1, 0.00, 0.79, 0.00, 1.00, 1.00),
(531, 81, 515, 'F', 10, 0.00, 0.14, 0.00, 0.20, 2.00),
(532, 363, 516, 'F', 2, 0.00, 0.18, 0.00, 0.35, 0.70),
(533, 133, 517, 'F', 40, 0.00, 0.03, 0.00, 0.05, 2.00),
(534, 412, 518, 'F', 4, 0.00, 0.18, 0.00, 0.20, 0.80),
(535, 382, 519, 'F', 3, 0.00, 0.13, 0.00, 0.25, 0.75),
(536, 261, 519, 'F', 2, 0.00, 0.89, 0.00, 0.90, 1.80),
(537, 98, 520, 'F', 2, 0.00, 0.34, 0.00, 0.30, 0.60),
(538, 62, 520, 'F', 2, 0.00, 0.53, 0.00, 0.50, 1.00),
(539, 63, 520, 'F', 2, 0.00, 0.60, 0.00, 0.60, 1.20),
(540, 105, 521, 'F', 4, 0.00, 0.48, 0.00, 0.50, 2.00),
(541, 364, 522, 'F', 1, 0.00, 0.42, 0.00, 0.60, 0.60),
(542, 322, 523, 'F', 1, 0.00, 0.64, 0.00, 1.25, 1.25),
(543, 141, 523, 'F', 1, 0.00, 0.55, 0.00, 0.60, 0.60),
(544, 129, 524, 'U', 2, 0.00, 2.60, 0.00, 3.00, 6.00),
(545, 392, 525, 'U', 2, 0.00, 0.19, 0.00, 0.25, 0.50),
(546, 139, 526, 'F', 2, 0.00, 2.71, 0.00, 2.00, 4.00),
(547, 105, 527, 'F', 6, 0.00, 0.48, 0.00, 0.50, 3.00),
(548, 338, 528, 'U', 1, 0.30, 1.00, 0.00, 1.50, 1.20),
(549, 270, 529, 'F', 4, 0.00, 0.07, 0.00, 0.10, 0.40),
(550, 207, 530, 'F', 1, 0.00, 0.08, 0.00, 0.90, 0.90),
(551, 344, 531, 'U', 6, 0.00, 0.00, 0.00, 0.10, 0.60),
(552, 306, 532, 'F', 2, 0.00, 0.06, 0.00, 0.10, 0.20),
(553, 148, 533, 'F', 1, 0.00, 0.35, 0.00, 0.40, 0.40),
(554, 116, 534, 'F', 1, 0.00, 0.00, 0.00, 0.40, 0.40),
(555, 201, 535, 'F', 3, 0.00, 0.80, 0.00, 0.90, 2.70),
(556, 261, 536, 'F', 2, 0.00, 0.89, 0.00, 0.90, 1.80),
(557, 97, 537, 'F', 4, 0.36, 0.61, 0.00, 0.60, 2.04),
(558, 118, 538, 'F', 1, 0.00, 0.00, 0.00, 0.15, 0.15),
(559, 136, 539, 'F', 1, 0.00, 0.50, 0.00, 0.60, 0.60),
(560, 384, 540, 'F', 2, 0.00, 0.32, 0.00, 0.40, 0.80),
(561, 142, 541, 'F', 1, 0.00, 0.20, 0.00, 0.30, 0.30),
(562, 180, 541, 'F', 1, 0.00, 0.26, 0.00, 0.35, 0.35),
(563, 322, 542, 'F', 1, 0.00, 0.64, 0.00, 1.25, 1.25),
(564, 244, 543, 'F', 2, 0.00, 0.26, 0.00, 0.30, 0.60),
(565, 206, 544, 'F', 1, 0.00, 0.07, 0.00, 0.90, 0.90),
(566, 300, 545, 'F', 5, 0.18, 0.25, 0.00, 0.35, 1.58),
(567, 345, 546, 'F', 4, 0.36, 0.49, 0.00, 0.60, 2.04),
(568, 221, 547, 'U', 1, 0.13, 0.85, 0.00, 1.30, 1.17),
(569, 147, 548, 'F', 10, 0.00, 0.05, 0.00, 0.10, 1.00),
(570, 244, 549, 'F', 10, 0.00, 0.26, 0.00, 0.30, 3.00),
(571, 137, 550, 'F', 3, 0.00, 0.33, 0.00, 0.40, 1.20),
(572, 372, 551, 'U', 1, 0.00, 0.25, 0.00, 0.30, 0.30),
(573, 380, 552, 'U', 1, 0.00, 0.48, 0.00, 0.60, 0.60),
(574, 395, 553, 'U', 1, 0.00, 0.24, 0.00, 0.30, 0.30),
(575, 390, 554, 'F', 1, 0.00, 0.98, 0.00, 2.00, 2.00),
(576, 103, 555, 'U', 1, 0.00, 2.85, 0.00, 4.09, 4.09),
(577, 94, 556, 'F', 1, 0.14, 1.30, 0.00, 1.40, 1.26),
(578, 377, 557, 'U', 1, 0.00, 0.72, 0.00, 1.00, 1.00),
(579, 423, 558, 'F', 3, 0.00, 0.44, 0.00, 0.60, 1.80),
(580, 138, 558, 'F', 3, 0.00, 0.68, 0.00, 0.50, 1.50),
(581, 439, 559, 'F', 1, 0.00, 0.29, 0.00, 0.50, 0.50),
(582, 107, 560, 'F', 2, 0.00, 0.47, 0.00, 0.55, 1.10),
(583, 155, 560, 'F', 1, 0.00, 0.42, 0.00, 0.90, 0.90),
(584, 383, 561, 'U', 1, 0.00, 4.59, 0.00, 7.65, 7.65),
(585, 50, 561, 'U', 1, 0.00, 0.66, 0.00, 1.00, 1.00),
(586, 391, 562, 'U', 1, 0.00, 0.41, 0.00, 0.50, 0.50),
(587, 361, 563, 'F', 2, 0.00, 0.38, 0.00, 0.50, 1.00),
(588, 244, 564, 'F', 2, 0.00, 0.26, 0.00, 0.30, 0.60),
(589, 68, 565, 'F', 3, 0.18, 0.38, 0.00, 0.40, 1.02),
(590, 221, 566, 'U', 1, 0.00, 0.85, 0.00, 1.30, 1.30),
(591, 416, 566, 'F', 1, 0.00, 0.52, 0.00, 0.80, 0.80),
(592, 97, 567, 'F', 2, 0.00, 0.60, 0.00, 0.60, 1.20),
(593, 423, 567, 'F', 4, 0.00, 0.44, 0.00, 0.60, 2.40),
(594, 382, 568, 'F', 4, 0.00, 0.13, 0.00, 0.25, 1.00),
(595, 321, 568, 'F', 2, 0.00, 0.20, 0.00, 0.50, 1.00),
(596, 65, 569, 'F', 2, 0.00, 0.33, 0.00, 0.40, 0.80),
(597, 138, 570, 'F', 2, 0.00, 0.68, 0.00, 0.50, 1.00),
(598, 297, 571, 'F', 4, 0.00, 0.28, 0.00, 0.40, 1.60),
(599, 423, 572, 'F', 3, 0.00, 0.44, 0.00, 0.60, 1.80),
(600, 373, 573, 'U', 1, 0.00, 0.71, 0.00, 1.00, 1.00),
(601, 297, 574, 'F', 2, 0.00, 0.28, 0.00, 0.40, 0.80),
(602, 434, 574, 'F', 2, 0.00, 0.28, 0.00, 1.00, 2.00),
(603, 76, 575, 'F', 1, 0.00, 0.80, 0.00, 1.10, 1.10),
(604, 32, 576, 'U', 1, 0.19, 1.02, 0.19, 1.25, 1.07),
(605, 390, 577, 'F', 2, 0.00, 0.98, 0.00, 2.00, 4.00),
(606, 124, 577, 'U', 1, 0.00, 10.00, 0.00, 13.24, 13.24),
(607, 434, 578, 'F', 2, 0.00, 0.28, 0.00, 1.00, 2.00),
(608, 242, 579, 'U', 1, 0.00, 3.70, 0.00, 4.14, 4.14),
(609, 138, 580, 'F', 3, 0.00, 0.68, 0.00, 0.50, 1.50),
(610, 68, 581, 'F', 3, 0.18, 0.38, 0.00, 0.40, 1.02),
(611, 81, 582, 'F', 5, 0.00, 0.14, 0.00, 0.20, 1.00),
(612, 105, 583, 'F', 12, 0.00, 0.48, 0.00, 0.50, 6.00),
(613, 438, 584, 'F', 1, 0.00, 1.25, 0.00, 1.80, 1.80),
(614, 62, 585, 'F', 2, 0.00, 0.53, 0.00, 0.50, 1.00),
(615, 349, 586, 'F', 2, 0.00, 0.28, 0.00, 0.40, 0.80),
(616, 141, 587, 'F', 1, 0.00, 0.55, 0.00, 0.60, 0.60),
(617, 50, 588, 'U', 1, 0.00, 0.66, 0.00, 1.00, 1.00),
(618, 303, 588, 'F', 1, 0.00, 0.72, 0.00, 2.00, 2.00),
(619, 290, 588, 'U', 1, 0.00, 1.88, 0.00, 3.00, 3.00),
(620, 22, 589, 'U', 1, 0.00, 1.13, 0.30, 2.00, 2.00),
(621, 424, 590, 'F', 3, 0.00, 0.78, 0.00, 0.25, 0.75),
(622, 31, 591, 'U', 1, 0.11, 0.87, 0.17, 1.10, 0.99),
(623, 364, 592, 'F', 10, 0.00, 0.42, 0.00, 0.60, 6.00),
(624, 423, 593, 'F', 1, 0.00, 0.44, 0.00, 0.60, 0.60),
(625, 428, 594, 'F', 5, 0.00, 0.71, 0.00, 0.85, 4.25),
(626, 304, 595, 'U', 1, 0.00, 0.94, 0.00, 1.25, 1.25),
(627, 39, 595, 'U', 1, 0.00, 0.80, 0.23, 1.50, 1.50),
(628, 147, 595, 'F', 9, 0.00, 0.05, 0.00, 0.10, 0.90),
(629, 105, 596, 'F', 4, 0.00, 0.48, 0.00, 0.50, 2.00),
(630, 133, 596, 'F', 10, 0.00, 0.03, 0.00, 0.05, 0.50),
(631, 62, 597, 'F', 3, 0.00, 0.53, 0.00, 0.50, 1.50),
(632, 147, 597, 'F', 5, 0.00, 0.05, 0.00, 0.10, 0.50),
(633, 61, 598, 'F', 2, 0.00, 0.24, 0.00, 0.25, 0.50),
(634, 136, 599, 'F', 3, 0.00, 0.50, 0.00, 0.60, 1.80),
(635, 308, 600, 'F', 5, 0.68, 0.78, 0.00, 0.90, 3.83),
(636, 324, 601, 'U', 2, 0.00, 0.10, 0.00, 0.15, 0.30),
(637, 309, 601, 'U', 2, 0.00, 0.05, 0.01, 0.10, 0.20),
(638, 138, 602, 'F', 3, 0.00, 0.68, 0.00, 0.50, 1.50),
(639, 434, 602, 'F', 3, 0.00, 0.28, 0.00, 1.00, 3.00),
(640, 133, 602, 'F', 10, 0.00, 0.03, 0.00, 0.05, 0.50),
(641, 278, 603, 'U', 1, 0.00, 1.00, 0.00, 2.00, 2.00),
(642, 352, 604, 'F', 1, 0.00, 0.79, 0.00, 1.00, 1.00),
(643, 364, 605, 'F', 1, 0.00, 0.42, 0.00, 0.60, 0.60),
(644, 25, 606, 'U', 1, 0.50, 0.36, 0.15, 1.00, 0.50),
(645, 230, 607, 'F', 2, 0.00, 1.07, 0.00, 1.00, 2.00),
(646, 295, 608, 'U', 1, 0.00, 1.00, 0.22, 1.50, 1.50),
(647, 34, 608, 'U', 1, 0.00, 1.93, 0.38, 2.50, 2.50),
(648, 403, 609, 'U', 1, 0.00, 0.19, 0.00, 0.25, 0.25),
(649, 437, 610, 'F', 1, 0.00, 1.45, 0.00, 2.00, 2.00),
(650, 304, 611, 'U', 1, 0.00, 0.94, 0.00, 1.25, 1.25),
(651, 270, 611, 'F', 4, 0.00, 0.07, 0.00, 0.10, 0.40),
(652, 94, 612, 'F', 5, 0.00, 1.00, 0.00, 1.00, 5.00),
(653, 141, 612, 'F', 4, 0.00, 0.55, 0.00, 0.60, 2.40),
(654, 458, 613, 'F', 10, 0.50, 0.35, 0.00, 0.50, 4.50),
(655, 342, 614, 'F', 3, 0.00, 0.23, 0.00, 0.30, 0.90),
(656, 245, 615, 'F', 10, 0.00, 0.28, 0.00, 0.30, 3.00),
(657, 147, 616, 'F', 9, 0.00, 0.05, 0.00, 0.10, 0.90),
(658, 277, 617, 'F', 3, 0.00, 0.01, 0.00, 0.10, 0.30),
(659, 416, 618, 'F', 2, 0.00, 0.52, 0.00, 0.80, 1.60),
(660, 142, 619, 'F', 6, 0.00, 0.20, 0.00, 0.30, 1.80),
(661, 180, 619, 'F', 1, 0.00, 0.26, 0.00, 0.35, 0.35),
(662, 246, 619, 'F', 2, 0.00, 0.24, 0.00, 0.30, 0.60),
(663, 350, 619, 'F', 2, 0.00, 0.21, 0.00, 0.30, 0.60),
(664, 405, 619, 'U', 1, 0.00, 1.00, 0.00, 1.50, 1.50),
(665, 406, 619, 'U', 1, 0.00, 1.00, 0.00, 1.50, 1.50),
(666, 34, 620, 'U', 1, 0.00, 1.93, 0.38, 2.50, 2.50),
(667, 308, 621, 'F', 5, 0.86, 0.78, 0.00, 0.90, 3.67),
(668, 407, 622, 'F', 2, 0.00, 2.00, 0.00, 0.50, 1.00),
(669, 354, 623, 'F', 5, 0.00, 0.18, 0.00, 0.50, 2.50),
(670, 50, 624, 'U', 1, 0.00, 0.66, 0.00, 1.00, 1.00),
(671, 426, 625, 'F', 1, 0.00, 0.11, 0.00, 0.20, 0.20),
(672, 133, 626, 'F', 10, 0.00, 0.03, 0.00, 0.05, 0.50),
(673, 141, 627, 'F', 1, 0.00, 0.55, 0.00, 0.60, 0.60),
(674, 150, 628, 'F', 9, 0.00, 0.06, 0.00, 0.30, 2.70),
(675, 203, 628, 'F', 9, 0.00, 0.43, 0.00, 0.40, 3.60),
(676, 364, 629, 'F', 1, 0.00, 0.42, 0.00, 0.60, 0.60),
(677, 149, 629, 'F', 2, 0.00, 0.17, 0.00, 0.20, 0.40),
(678, 364, 630, 'F', 1, 0.00, 0.42, 0.00, 0.60, 0.60),
(679, 136, 631, 'F', 3, 0.00, 0.50, 0.00, 0.60, 1.80),
(680, 260, 632, 'F', 2, 0.64, 1.50, 0.00, 1.60, 2.56),
(681, 81, 633, 'F', 10, 0.00, 0.14, 0.00, 0.20, 2.00),
(682, 426, 634, 'F', 1, 0.00, 0.11, 0.00, 0.20, 0.20),
(683, 437, 634, 'F', 1, 0.00, 1.45, 0.00, 2.00, 2.00),
(684, 243, 634, 'U', 1, 0.00, 0.75, 0.00, 1.10, 1.10),
(685, 301, 635, 'U', 1, 0.00, 2.95, 0.00, 3.50, 3.50),
(686, 384, 636, 'F', 1, 0.00, 0.32, 0.00, 0.40, 0.40),
(687, 364, 637, 'F', 3, 0.00, 0.42, 0.00, 0.60, 1.80),
(688, 246, 638, 'F', 3, 0.00, 0.24, 0.00, 0.30, 0.90),
(689, 406, 639, 'U', 2, 0.00, 1.00, 0.00, 1.50, 3.00),
(690, 50, 639, 'U', 1, 0.00, 0.66, 0.00, 1.00, 1.00),
(691, 301, 640, 'U', 1, 0.35, 2.95, 0.00, 3.50, 3.15),
(692, 352, 641, 'F', 2, 0.00, 0.79, 0.00, 1.00, 2.00),
(693, 228, 642, 'U', 1, 0.69, 4.00, 0.00, 6.89, 6.20),
(694, 270, 643, 'F', 10, 0.00, 0.07, 0.00, 0.10, 1.00),
(695, 258, 644, 'F', 1, 0.07, 0.50, 0.00, 0.70, 0.63),
(696, 349, 644, 'F', 1, 0.00, 0.28, 0.00, 0.40, 0.40),
(697, 384, 645, 'F', 1, 0.00, 0.32, 0.00, 0.40, 0.40),
(698, 243, 645, 'U', 1, 0.11, 0.75, 0.00, 1.10, 0.99),
(699, 469, 646, 'F', 20, 0.00, 0.30, 0.00, 0.50, 10.00),
(700, 434, 647, 'F', 3, 0.00, 0.28, 0.00, 1.00, 3.00),
(701, 133, 648, 'F', 10, 0.00, 0.03, 0.00, 0.05, 0.50),
(702, 130, 649, 'U', 1, 0.00, 8.05, 0.00, 4.50, 4.50),
(703, 132, 650, 'F', 1, 0.00, 0.46, 0.00, 0.50, 0.50),
(704, 221, 650, 'F', 5, 0.00, 0.09, 0.00, 0.10, 0.50),
(705, 350, 651, 'F', 2, 0.00, 0.21, 0.00, 0.30, 0.60),
(706, 82, 652, 'F', 2, 0.00, 0.20, 0.00, 0.40, 0.80),
(707, 388, 653, 'F', 2, 0.22, 0.61, 0.00, 1.10, 1.98),
(708, 132, 654, 'F', 2, 0.00, 0.46, 0.00, 0.50, 1.00),
(709, 61, 654, 'F', 1, 0.00, 0.24, 0.00, 0.25, 0.25),
(710, 80, 655, 'F', 1, 0.00, 0.50, 0.00, 0.60, 0.60),
(711, 324, 655, 'U', 1, 0.00, 0.10, 0.00, 0.15, 0.15),
(712, 309, 655, 'U', 1, 0.00, 0.05, 0.01, 0.10, 0.10),
(713, 318, 656, 'F', 2, 0.00, 0.33, 0.00, 0.50, 1.00),
(714, 308, 657, 'F', 2, 0.16, 0.78, 0.00, 0.80, 1.44),
(715, 224, 658, 'F', 3, 0.00, 0.58, 0.00, 0.50, 1.50),
(716, 338, 659, 'U', 1, 0.00, 1.00, 0.00, 1.50, 1.50),
(717, 82, 660, 'F', 2, 0.00, 0.20, 0.00, 0.40, 0.80),
(718, 211, 661, 'U', 1, 0.45, 3.10, 0.00, 4.54, 4.09),
(719, 81, 662, 'F', 6, 0.00, 0.14, 0.00, 0.20, 1.20),
(720, 342, 662, 'F', 6, 0.00, 0.23, 0.00, 0.30, 1.80),
(721, 148, 663, 'F', 3, 0.00, 0.35, 0.00, 0.40, 1.20),
(722, 412, 663, 'F', 2, 0.00, 0.18, 0.00, 0.20, 0.40),
(723, 203, 664, 'F', 2, 0.00, 0.43, 0.00, 0.40, 0.80),
(724, 180, 664, 'F', 2, 0.00, 0.26, 0.00, 0.35, 0.70),
(725, 82, 665, 'F', 1, 0.00, 0.20, 0.00, 0.40, 0.40),
(726, 148, 665, 'F', 6, 0.00, 0.35, 0.00, 0.40, 2.40),
(727, 105, 666, 'F', 3, 0.00, 0.48, 0.00, 0.50, 1.50),
(728, 254, 667, 'F', 6, 0.00, 0.40, 0.00, 0.50, 3.00),
(729, 412, 668, 'F', 2, 0.00, 0.18, 0.00, 0.20, 0.40),
(730, 247, 669, 'F', 1, 0.00, 0.52, 0.00, 0.70, 0.70),
(731, 342, 670, 'F', 2, 0.00, 0.23, 0.00, 0.30, 0.60),
(732, 318, 671, 'F', 4, 0.00, 0.33, 0.00, 0.50, 2.00),
(733, 469, 672, 'F', 3, 0.00, 0.30, 0.00, 0.50, 1.50),
(734, 247, 672, 'F', 1, 0.00, 0.52, 0.00, 0.70, 0.70),
(735, 62, 673, 'F', 2, 0.00, 0.53, 0.00, 0.50, 1.00),
(736, 388, 674, 'F', 1, 0.00, 0.61, 0.00, 1.10, 1.10),
(737, 382, 675, 'F', 4, 0.00, 0.13, 0.00, 0.25, 1.00),
(738, 254, 676, 'F', 2, 0.00, 0.40, 0.00, 0.50, 1.00),
(739, 62, 677, 'F', 2, 0.00, 0.53, 0.00, 0.50, 1.00),
(740, 245, 678, 'F', 10, 0.00, 0.28, 0.00, 0.30, 3.00),
(741, 302, 679, 'F', 2, 0.00, 0.40, 0.00, 0.60, 1.20),
(742, 364, 680, 'F', 1, 0.00, 0.42, 0.00, 0.60, 0.60),
(743, 309, 681, 'U', 1, 0.00, 0.05, 0.01, 0.10, 0.10),
(744, 297, 682, 'F', 1, 0.00, 0.28, 0.00, 0.40, 0.40),
(745, 346, 683, 'U', 1, 0.00, 1.30, 0.00, 1.53, 1.53),
(746, 65, 684, 'F', 1, 0.00, 0.33, 0.00, 0.40, 0.40),
(747, 247, 685, 'F', 3, 0.00, 0.52, 0.00, 0.70, 2.10),
(748, 439, 685, 'F', 2, 0.00, 0.29, 0.00, 0.50, 1.00),
(749, 136, 686, 'F', 2, 0.00, 0.50, 0.00, 0.60, 1.20),
(750, 364, 686, 'F', 1, 0.00, 0.42, 0.00, 0.60, 0.60),
(751, 129, 687, 'U', 1, 0.30, 2.60, 0.00, 3.00, 2.70),
(752, 324, 688, 'U', 2, 0.00, 0.10, 0.00, 0.15, 0.30),
(753, 469, 689, 'F', 2, 0.00, 0.30, 0.00, 0.50, 1.00),
(754, 384, 690, 'F', 3, 0.00, 0.32, 0.00, 0.40, 1.20),
(755, 342, 691, 'F', 2, 0.00, 0.23, 0.00, 0.30, 0.60),
(756, 221, 691, 'F', 5, 0.00, 0.09, 0.00, 0.10, 0.50),
(757, 26, 692, 'U', 1, 0.00, 0.61, 0.12, 0.80, 0.80),
(758, 50, 693, 'U', 1, 0.00, 0.66, 0.00, 1.00, 1.00),
(759, 438, 693, 'F', 1, 0.00, 1.25, 0.00, 1.80, 1.80),
(760, 138, 694, 'F', 2, 0.00, 0.68, 0.00, 0.50, 1.00),
(761, 404, 694, 'U', 1, 0.00, 1.00, 0.00, 1.50, 1.50),
(762, 336, 695, 'U', 1, 0.00, 3.44, 0.00, 5.00, 5.00),
(763, 268, 696, 'U', 1, 0.00, 0.80, 0.00, 1.00, 1.00),
(764, 278, 697, 'U', 1, 0.00, 1.00, 0.00, 2.00, 2.00),
(765, 356, 698, 'F', 2, 0.00, 0.18, 0.00, 0.30, 0.60),
(766, 62, 699, 'F', 2, 0.00, 0.53, 0.00, 0.50, 1.00),
(767, 138, 700, 'F', 1, 0.00, 0.68, 0.00, 0.50, 0.50),
(768, 412, 700, 'F', 1, 0.00, 0.18, 0.00, 0.20, 0.20),
(769, 228, 701, 'U', 1, 0.34, 4.00, 0.00, 6.89, 6.55),
(770, 230, 702, 'F', 2, 0.00, 1.07, 0.00, 1.00, 2.00),
(771, 105, 703, 'F', 2, 0.00, 0.48, 0.00, 0.50, 1.00),
(772, 151, 704, 'F', 6, 0.45, 0.50, 0.00, 0.50, 2.55),
(773, 351, 705, 'U', 1, 0.96, 6.79, 0.00, 9.64, 8.68),
(774, 177, 706, 'F', 1, 0.00, 1.00, 0.00, 1.00, 1.00),
(775, 364, 707, 'F', 1, 0.00, 0.42, 0.00, 0.60, 0.60),
(776, 105, 708, 'F', 1, 0.00, 0.48, 0.00, 0.50, 0.50),
(777, 470, 708, 'F', 1, 0.00, 0.25, 0.00, 0.50, 0.50),
(778, 416, 708, 'F', 2, 0.00, 0.52, 0.00, 0.80, 1.60),
(779, 64, 709, 'F', 4, 0.39, 0.60, 0.00, 0.70, 2.41),
(780, 149, 709, 'F', 4, 0.00, 0.17, 0.00, 0.20, 0.80),
(781, 62, 710, 'F', 1, 0.00, 0.53, 0.00, 0.50, 0.50),
(782, 247, 711, 'F', 1, 0.00, 0.52, 0.00, 0.70, 0.70),
(783, 412, 712, 'F', 1, 0.00, 0.18, 0.00, 0.20, 0.20),
(784, 138, 713, 'F', 1, 0.00, 0.68, 0.00, 0.50, 0.50),
(785, 69, 714, 'F', 1, 0.00, 0.57, 0.00, 0.50, 0.50),
(786, 390, 714, 'F', 1, 0.00, 0.98, 0.00, 2.00, 2.00),
(787, 244, 715, 'F', 1, 0.00, 0.26, 0.00, 0.30, 0.30),
(788, 133, 716, 'F', 10, 0.00, 0.03, 0.00, 0.05, 0.50),
(789, 212, 717, 'U', 1, 0.45, 3.10, 0.00, 4.54, 4.09),
(790, 116, 718, 'F', 1, 0.00, 0.10, 0.00, 0.15, 0.15),
(791, 221, 719, 'F', 3, 0.00, 0.09, 0.00, 0.10, 0.30),
(792, 70, 720, 'F', 2, 0.00, 0.23, 0.00, 0.20, 0.40),
(793, 324, 721, 'U', 1, 0.00, 0.10, 0.00, 0.15, 0.15),
(794, 309, 721, 'U', 1, 0.00, 0.05, 0.01, 0.10, 0.10),
(795, 151, 722, 'F', 10, 0.00, 0.50, 0.00, 0.40, 4.00),
(796, 105, 722, 'F', 2, 0.00, 0.48, 0.00, 0.50, 1.00),
(797, 138, 723, 'F', 2, 0.00, 0.68, 0.00, 0.50, 1.00),
(798, 142, 724, 'F', 1, 0.00, 0.20, 0.00, 0.30, 0.30),
(799, 350, 724, 'F', 1, 0.00, 0.21, 0.00, 0.30, 0.30),
(800, 139, 725, 'F', 2, 0.60, 2.71, 0.00, 2.00, 3.40),
(801, 84, 726, 'U', 1, 1.05, 6.80, 0.00, 7.00, 5.95),
(802, 133, 726, 'F', 10, 0.00, 0.03, 0.00, 0.05, 0.50),
(803, 434, 726, 'F', 3, 0.00, 0.28, 0.00, 1.00, 3.00),
(804, 97, 727, 'F', 2, 0.00, 0.60, 0.00, 0.60, 1.20),
(805, 364, 728, 'F', 1, 0.00, 0.42, 0.00, 0.60, 0.60),
(806, 203, 729, 'F', 2, 0.12, 0.43, 0.00, 0.47, 0.82),
(807, 422, 729, 'U', 1, 0.35, 4.67, 0.00, 6.95, 6.62),
(808, 278, 730, 'U', 1, 0.00, 1.00, 0.00, 2.00, 2.00),
(809, 65, 731, 'F', 1, 0.00, 0.33, 0.00, 0.40, 0.40),
(810, 148, 732, 'F', 1, 0.00, 0.19, 0.00, 0.40, 0.40),
(811, 221, 733, 'F', 1, 0.00, 0.09, 0.00, 0.10, 0.10),
(812, 357, 733, 'F', 1, 0.00, 0.31, 0.00, 0.50, 0.50),
(813, 337, 734, 'F', 1, 0.00, 0.50, 0.00, 0.75, 0.75),
(814, 258, 735, 'F', 2, 0.00, 0.50, 0.00, 0.70, 1.40),
(815, 270, 736, 'F', 10, 0.00, 0.07, 0.00, 0.10, 1.00),
(816, 226, 737, 'F', 2, 0.00, 0.35, 0.00, 0.40, 0.80),
(817, 388, 737, 'F', 1, 0.11, 0.61, 0.00, 1.10, 0.99),
(818, 345, 738, 'F', 1, 0.00, 0.49, 0.00, 0.60, 0.60),
(819, 174, 739, 'F', 1, 0.00, 2.05, 0.00, 2.40, 2.40),
(820, 234, 740, 'F', 4, 0.00, 0.60, 0.00, 0.60, 2.40),
(821, 161, 741, 'F', 10, 0.00, 0.34, 0.00, 0.30, 3.00),
(822, 80, 742, 'F', 1, 0.00, 0.50, 0.00, 0.60, 0.60),
(823, 443, 743, 'F', 1, 0.00, 0.96, 0.00, 1.10, 1.10),
(824, 434, 744, 'F', 3, 0.00, 0.28, 0.00, 1.00, 3.00),
(825, 277, 745, 'F', 2, 0.00, 0.01, 0.00, 0.10, 0.20),
(826, 132, 746, 'F', 2, 0.00, 0.46, 0.00, 0.50, 1.00),
(827, 107, 747, 'F', 2, 0.00, 0.47, 0.00, 0.55, 1.10),
(828, 118, 748, 'F', 1, 0.06, 0.00, 0.00, 0.15, 0.11),
(829, 342, 749, 'F', 3, 0.00, 0.23, 0.00, 0.30, 0.90),
(830, 118, 750, 'F', 2, 0.11, 0.00, 0.00, 0.15, 0.19),
(831, 65, 751, 'F', 2, 0.00, 0.33, 0.00, 0.40, 0.80),
(832, 294, 751, 'U', 1, 0.00, 0.85, 0.22, 1.50, 1.50),
(833, 434, 751, 'F', 2, 0.00, 0.28, 0.00, 1.00, 2.00),
(834, 305, 752, 'F', 5, 0.00, 0.47, 0.00, 0.50, 2.50),
(835, 324, 753, 'U', 1, 0.00, 0.10, 0.00, 0.15, 0.15),
(836, 470, 754, 'F', 2, 0.00, 0.25, 0.00, 0.50, 1.00),
(837, 328, 755, 'U', 1, 0.00, 4.29, 0.00, 7.80, 7.80),
(838, 349, 756, 'F', 3, 0.00, 0.28, 0.00, 0.40, 1.20),
(839, 443, 757, 'F', 3, 0.00, 0.96, 0.00, 1.10, 3.30),
(840, 244, 758, 'F', 1, 0.00, 0.26, 0.00, 0.30, 0.30),
(841, 359, 758, 'F', 1, 0.00, 0.43, 0.00, 0.60, 0.60),
(842, 443, 758, 'F', 1, 0.00, 0.96, 0.00, 1.10, 1.10),
(843, 247, 759, 'F', 1, 0.00, 0.52, 0.00, 0.70, 0.70),
(844, 384, 760, 'F', 1, 0.00, 0.32, 0.00, 0.40, 0.40),
(845, 133, 761, 'F', 10, 0.00, 0.03, 0.00, 0.05, 0.50),
(846, 221, 762, 'F', 4, 0.00, 0.09, 0.00, 0.10, 0.40),
(847, 350, 763, 'F', 2, 0.00, 0.21, 0.00, 0.30, 0.60),
(848, 138, 764, 'F', 10, 0.00, 0.50, 0.00, 0.50, 5.00),
(849, 191, 764, 'U', 1, 0.00, 0.78, 0.00, 1.00, 1.00),
(850, 270, 764, 'F', 2, 0.00, 0.07, 0.00, 0.10, 0.20),
(851, 89, 765, 'F', 4, 0.00, 0.33, 0.00, 0.50, 2.00),
(852, 133, 766, 'F', 10, 0.00, 0.03, 0.00, 0.05, 0.50),
(853, 50, 766, 'U', 1, 0.00, 0.66, 0.00, 1.00, 1.00),
(854, 470, 767, 'F', 1, 0.00, 0.25, 0.00, 0.50, 0.50),
(855, 62, 767, 'F', 1, 0.00, 0.53, 0.00, 0.60, 0.60),
(856, 345, 768, 'F', 2, 0.00, 0.49, 0.00, 0.60, 1.20),
(857, 75, 768, 'F', 2, 0.00, 0.45, 0.00, 0.50, 1.00),
(858, 317, 769, 'F', 10, 0.00, 0.25, 0.00, 0.35, 3.50),
(859, 65, 770, 'F', 3, 0.00, 0.33, 0.00, 0.40, 1.20),
(860, 345, 770, 'F', 2, 0.00, 0.49, 0.00, 0.60, 1.20),
(861, 489, 771, 'F', 1, 0.00, 0.82, 0.00, 1.20, 1.20),
(862, 270, 771, 'F', 10, 0.00, 0.07, 0.00, 0.10, 1.00),
(863, 343, 772, 'U', 1, 0.58, 4.55, 0.00, 5.80, 5.22),
(864, 501, 773, 'U', 1, 0.00, 0.87, 0.00, 2.50, 2.50),
(865, 416, 774, 'F', 1, 0.00, 0.52, 0.00, 0.80, 0.80),
(866, 133, 774, 'F', 1, 0.00, 0.03, 0.00, 0.05, 0.05),
(867, 97, 775, 'F', 2, 0.00, 0.60, 0.00, 0.60, 1.20),
(868, 180, 776, 'F', 3, 0.00, 0.26, 0.00, 0.30, 0.90),
(869, 361, 776, 'F', 3, 0.00, 0.38, 0.00, 0.50, 1.50),
(870, 169, 776, 'F', 2, 0.00, 0.70, 0.00, 0.70, 1.40),
(871, 492, 777, 'F', 6, 0.00, 0.24, 0.00, 0.45, 2.70),
(872, 324, 778, 'U', 1, 0.00, 0.10, 0.00, 0.15, 0.15),
(873, 309, 778, 'U', 1, 0.00, 0.05, 0.01, 0.10, 0.10),
(874, 36, 778, 'U', 1, 0.00, 0.85, 0.17, 1.15, 1.15),
(875, 390, 779, 'F', 1, 0.00, 0.98, 0.00, 2.00, 2.00),
(876, 247, 780, 'F', 1, 0.00, 0.52, 0.00, 0.70, 0.70),
(877, 81, 781, 'F', 10, 0.00, 0.14, 0.00, 0.20, 2.00),
(878, 504, 782, 'F', 10, 0.15, 0.08, 0.00, 0.15, 1.35),
(879, 412, 783, 'F', 3, 0.00, 0.18, 0.00, 0.20, 0.60),
(880, 270, 784, 'F', 3, 0.00, 0.07, 0.00, 0.10, 0.30),
(881, 62, 785, 'F', 2, 0.00, 0.53, 0.00, 0.50, 1.00),
(882, 192, 786, 'U', 1, 0.00, 0.78, 0.00, 1.00, 1.00),
(883, 133, 787, 'F', 20, 0.00, 0.03, 0.00, 0.05, 1.00),
(884, 373, 788, 'U', 1, 0.00, 0.71, 0.00, 1.00, 1.00),
(885, 340, 789, 'U', 1, 0.00, 5.15, 0.00, 6.60, 6.60),
(886, 39, 789, 'U', 1, 0.00, 0.80, 0.23, 1.50, 1.50),
(887, 117, 789, 'F', 1, 0.00, 0.10, 0.00, 0.12, 0.12),
(888, 53, 790, 'U', 1, 0.00, 0.21, 0.05, 0.30, 0.30),
(889, 221, 790, 'U', 1, 0.00, 0.85, 0.00, 1.30, 1.30),
(890, 244, 791, 'F', 1, 0.00, 0.26, 0.00, 0.30, 0.30),
(891, 346, 792, 'U', 1, 0.00, 1.30, 0.00, 1.53, 1.53),
(892, 467, 793, 'U', 1, 0.00, 1.51, 0.00, 3.00, 3.00),
(893, 80, 794, 'F', 3, 0.00, 0.50, 0.00, 0.60, 1.80),
(894, 117, 795, 'F', 5, 0.00, 0.10, 0.00, 0.12, 0.60),
(895, 64, 796, 'F', 1, 0.00, 0.60, 0.00, 0.60, 0.60),
(896, 299, 796, 'F', 1, 0.00, 0.90, 0.00, 1.00, 1.00),
(897, 498, 797, 'F', 10, 0.00, 0.14, 0.00, 0.30, 3.00),
(898, 434, 798, 'F', 3, 0.00, 0.28, 0.00, 1.00, 3.00),
(899, 384, 799, 'F', 2, 0.00, 0.32, 0.00, 0.40, 0.80),
(900, 62, 799, 'F', 1, 0.00, 0.53, 0.00, 0.50, 0.50),
(901, 148, 800, 'F', 2, 0.00, 0.19, 0.00, 0.40, 0.80),
(902, 350, 801, 'F', 1, 0.00, 0.21, 0.00, 0.30, 0.30),
(903, 159, 802, 'U', 1, 0.00, 4.05, 0.00, 5.00, 5.00),
(904, 498, 803, 'F', 3, 0.00, 0.14, 0.00, 0.30, 0.90),
(905, 221, 803, 'F', 1, 0.00, 0.09, 0.00, 0.10, 0.10),
(906, 504, 804, 'F', 2, 0.00, 0.08, 0.00, 0.15, 0.30),
(907, 453, 805, 'U', 1, 0.00, 1.00, 0.00, 1.80, 1.80),
(908, 384, 806, 'F', 4, 0.00, 0.32, 0.00, 0.40, 1.60),
(909, 498, 807, 'F', 3, 0.00, 0.14, 0.00, 0.30, 0.90),
(910, 416, 807, 'F', 2, 0.00, 0.52, 0.00, 0.80, 1.60),
(911, 514, 808, 'F', 1, 0.00, 1.30, 0.00, 1.25, 1.25),
(912, 402, 809, 'U', 1, 0.00, 0.78, 0.00, 1.00, 1.00),
(913, 426, 810, 'F', 10, 0.00, 0.11, 0.00, 0.20, 2.00),
(914, 133, 811, 'F', 10, 0.00, 0.03, 0.00, 0.05, 0.50),
(915, 416, 811, 'F', 2, 0.00, 0.52, 0.00, 0.80, 1.60),
(916, 477, 812, 'F', 3, 0.00, 0.99, 0.00, 1.50, 4.50),
(917, 138, 813, 'F', 2, 0.00, 0.92, 0.00, 0.50, 1.00),
(918, 317, 814, 'F', 1, 0.00, 0.25, 0.00, 0.35, 0.35),
(919, 428, 814, 'F', 1, 0.00, 0.71, 0.00, 0.85, 0.85),
(920, 207, 815, 'F', 1, 0.00, 0.08, 0.00, 0.90, 0.90),
(921, 306, 816, 'F', 2, 0.00, 0.06, 0.00, 0.10, 0.20),
(922, 481, 817, 'U', 1, 0.38, 5.07, 0.00, 7.61, 7.23),
(923, 470, 818, 'F', 3, 0.00, 0.25, 0.00, 0.50, 1.50),
(924, 210, 819, 'F', 1, 0.00, 0.81, 0.00, 1.00, 1.00),
(925, 97, 820, 'F', 6, 0.18, 0.60, 0.00, 0.60, 3.42),
(926, 80, 821, 'F', 1, 0.00, 0.50, 0.00, 0.60, 0.60),
(927, 308, 822, 'F', 3, 0.00, 0.78, 0.00, 0.80, 2.40),
(928, 336, 822, 'F', 1, 2.21, 3.89, 0.00, 7.35, 5.16),
(929, 183, 823, 'U', 1, 0.00, 1.77, 0.00, 3.27, 3.27),
(930, 336, 824, 'F', 1, 0.00, 3.89, 0.00, 6.00, 6.00),
(931, 82, 825, 'F', 2, 0.00, 0.20, 0.00, 0.40, 0.80),
(932, 423, 826, 'F', 2, 0.00, 0.44, 0.00, 0.60, 1.20),
(933, 464, 826, 'U', 1, 0.00, 1.00, 0.00, 1.50, 1.50),
(934, 204, 827, 'F', 4, 0.00, 0.40, 0.00, 0.45, 1.80),
(935, 350, 827, 'F', 3, 0.00, 0.21, 0.00, 0.30, 0.90),
(936, 398, 827, 'U', 1, 0.00, 0.77, 0.00, 0.98, 0.98),
(937, 155, 828, 'F', 2, 0.00, 0.42, 0.00, 0.90, 1.80),
(938, 364, 829, 'F', 2, 0.00, 0.42, 0.00, 0.60, 1.20),
(939, 319, 830, 'U', 1, 0.00, 1.55, 0.00, 2.10, 2.10),
(940, 438, 830, 'F', 1, 0.00, 1.25, 0.00, 1.80, 1.80),
(941, 336, 831, 'F', 1, 0.00, 3.89, 0.00, 6.00, 6.00),
(942, 284, 832, 'F', 2, 0.07, 0.60, 0.00, 0.65, 1.24),
(943, 212, 833, 'U', 1, 0.45, 3.10, 0.00, 4.54, 4.09),
(944, 416, 833, 'F', 1, 0.00, 0.52, 0.00, 0.80, 0.80),
(945, 81, 834, 'F', 4, 0.00, 0.14, 0.00, 0.20, 0.80),
(946, 69, 835, 'F', 2, 0.26, 0.57, 0.00, 0.64, 1.02),
(947, 141, 836, 'F', 2, 0.00, 0.55, 0.00, 0.60, 1.20),
(948, 364, 836, 'F', 1, 0.00, 0.42, 0.00, 0.60, 0.60),
(949, 247, 837, 'F', 1, 0.00, 0.52, 0.00, 0.70, 0.70),
(950, 514, 838, 'F', 4, 0.50, 1.30, 0.00, 1.25, 4.50),
(951, 68, 839, 'F', 3, 0.12, 0.38, 0.00, 0.40, 1.08),
(952, 137, 840, 'F', 3, 0.00, 0.37, 0.00, 0.44, 1.32),
(953, 364, 841, 'F', 1, 0.00, 0.42, 0.00, 0.60, 0.60),
(954, 405, 842, 'U', 1, 0.00, 1.00, 0.00, 1.50, 1.50),
(955, 406, 842, 'U', 2, 0.00, 1.00, 0.00, 1.50, 3.00),
(956, 442, 843, 'U', 1, 0.51, 6.06, 0.00, 8.48, 7.97),
(957, 460, 844, 'U', 1, 0.00, 7.25, 1.27, 8.50, 8.50),
(958, 345, 845, 'F', 1, 0.00, 0.49, 0.00, 0.60, 0.60),
(959, 155, 846, 'F', 1, 0.00, 0.42, 0.00, 0.90, 0.90),
(960, 129, 847, 'U', 1, 0.00, 2.46, 0.00, 3.00, 3.00),
(961, 440, 848, 'U', 1, 0.00, 0.85, 0.15, 1.00, 1.00),
(962, 456, 848, 'U', 1, 0.00, 0.71, 0.15, 1.00, 1.00),
(963, 65, 848, 'F', 2, 0.00, 0.33, 0.00, 0.40, 0.80),
(964, 82, 849, 'F', 4, 0.00, 0.20, 0.00, 0.40, 1.60),
(965, 206, 850, 'F', 1, 0.00, 0.07, 0.00, 0.75, 0.75),
(966, 359, 851, 'F', 1, 0.00, 0.43, 0.00, 0.60, 0.60),
(967, 244, 851, 'F', 1, 0.00, 0.26, 0.00, 0.30, 0.30),
(968, 210, 851, 'F', 1, 0.00, 0.81, 0.00, 1.00, 1.00),
(969, 270, 852, 'F', 3, 0.00, 0.07, 0.00, 0.10, 0.30),
(970, 278, 852, 'U', 1, 0.00, 1.00, 0.00, 2.00, 2.00),
(971, 357, 853, 'F', 4, 0.00, 0.31, 0.00, 0.50, 2.00),
(972, 149, 854, 'F', 9, 0.00, 0.17, 0.00, 0.20, 1.80),
(973, 434, 854, 'F', 3, 0.00, 0.28, 0.00, 1.00, 3.00),
(974, 300, 855, 'F', 4, 0.00, 0.25, 0.00, 0.35, 1.40),
(975, 71, 856, 'F', 2, 0.00, 0.08, 0.00, 0.10, 0.20),
(976, 137, 857, 'F', 2, 0.00, 0.37, 0.00, 0.44, 0.88),
(977, 364, 858, 'F', 1, 0.00, 0.42, 0.00, 0.60, 0.60),
(978, 258, 859, 'F', 4, 0.28, 0.50, 0.00, 0.70, 2.52),
(979, 23, 860, 'U', 1, 0.45, 2.42, 0.45, 3.00, 2.55),
(980, 148, 861, 'F', 2, 0.00, 0.19, 0.00, 0.40, 0.80),
(981, 257, 862, 'F', 1, 0.00, 0.32, 0.00, 0.40, 0.40),
(982, 154, 862, 'F', 3, 0.00, 0.20, 0.00, 0.25, 0.75),
(983, 434, 863, 'F', 3, 0.00, 0.28, 0.00, 1.00, 3.00),
(984, 136, 864, 'F', 3, 0.00, 0.50, 0.00, 0.50, 1.50),
(985, 221, 865, 'U', 1, 0.20, 0.85, 0.00, 1.30, 1.11),
(986, 97, 866, 'F', 8, 0.00, 0.60, 0.00, 0.60, 4.80),
(987, 271, 867, 'U', 1, 0.00, 0.00, 0.00, 5.00, 5.00),
(988, 405, 868, 'U', 1, 0.00, 1.00, 0.00, 1.50, 1.50),
(989, 191, 868, 'U', 1, 0.00, 0.78, 0.00, 1.00, 1.00),
(990, 270, 868, 'F', 3, 0.00, 0.07, 0.00, 0.10, 0.30),
(991, 489, 869, 'F', 2, 0.00, 0.82, 0.00, 1.20, 2.40),
(992, 311, 870, 'U', 1, 0.29, 4.10, 0.00, 5.77, 5.48),
(993, 244, 871, 'F', 2, 0.00, 0.26, 0.00, 0.30, 0.60),
(994, 359, 871, 'F', 2, 0.00, 0.43, 0.00, 0.60, 1.20),
(995, 300, 872, 'F', 1, 0.00, 0.25, 0.00, 0.35, 0.35),
(996, 216, 872, 'F', 1, 0.00, 0.45, 0.00, 0.55, 0.55),
(997, 257, 873, 'F', 1, 0.00, 0.32, 0.00, 0.40, 0.40),
(998, 154, 873, 'F', 3, 0.00, 0.20, 0.00, 0.20, 0.60),
(999, 439, 874, 'F', 1, 0.00, 0.29, 0.00, 0.50, 0.50),
(1000, 255, 874, 'F', 1, 0.00, 0.33, 0.00, 0.39, 0.39),
(1001, 487, 875, 'F', 2, 0.00, 0.66, 0.00, 1.00, 2.00),
(1002, 357, 876, 'F', 5, 0.00, 0.31, 0.00, 0.50, 2.50),
(1003, 251, 877, 'F', 3, 0.00, 0.70, 0.00, 1.00, 3.00),
(1004, 498, 877, 'F', 1, 0.00, 0.14, 0.00, 0.30, 0.30),
(1005, 344, 877, 'U', 3, 0.00, 0.00, 0.00, 0.10, 0.30),
(1006, 68, 878, 'F', 3, 0.18, 0.38, 0.00, 0.40, 1.02),
(1007, 82, 879, 'F', 2, 0.00, 0.20, 0.00, 0.40, 0.80),
(1008, 443, 880, 'F', 1, 0.00, 0.96, 0.00, 1.10, 1.10),
(1009, 470, 881, 'F', 2, 0.00, 0.25, 0.00, 0.50, 1.00),
(1010, 65, 882, 'F', 2, 0.00, 0.33, 0.00, 0.40, 0.80),
(1011, 324, 883, 'U', 1, 0.00, 0.10, 0.00, 0.15, 0.15),
(1012, 221, 884, 'F', 10, 0.00, 0.09, 0.00, 0.10, 1.00),
(1013, 426, 885, 'F', 5, 0.00, 0.13, 0.00, 0.20, 1.00),
(1014, 141, 886, 'F', 1, 0.00, 0.55, 0.00, 0.60, 0.60),
(1015, 390, 887, 'F', 1, 0.00, 0.98, 0.00, 2.00, 2.00),
(1016, 168, 887, 'F', 1, 0.00, 0.70, 0.00, 0.70, 0.70),
(1017, 351, 888, 'U', 1, 0.96, 6.79, 0.00, 9.64, 8.68),
(1018, 301, 889, 'U', 1, 0.00, 2.95, 0.00, 3.50, 3.50),
(1019, 69, 890, 'F', 1, 0.13, 0.57, 0.00, 0.64, 0.51),
(1020, 364, 891, 'F', 1, 0.00, 0.42, 0.00, 0.60, 0.60),
(1021, 61, 892, 'F', 2, 0.00, 0.24, 0.00, 0.25, 0.50),
(1022, 440, 892, 'U', 1, 0.00, 0.85, 0.15, 1.00, 1.00),
(1023, 504, 893, 'F', 6, 0.00, 0.08, 0.00, 0.15, 0.90),
(1024, 133, 893, 'F', 10, 0.00, 0.03, 0.00, 0.05, 0.50),
(1025, 80, 894, 'F', 3, 0.00, 0.50, 0.00, 0.60, 1.80),
(1026, 384, 895, 'F', 1, 0.00, 0.32, 0.00, 0.40, 0.40),
(1027, 148, 895, 'F', 1, 0.00, 0.19, 0.00, 0.40, 0.40),
(1028, 421, 896, 'F', 2, 0.00, 0.30, 0.00, 0.40, 0.80),
(1029, 498, 896, 'F', 4, 0.00, 0.14, 0.00, 0.30, 1.20),
(1030, 221, 897, 'F', 10, 0.00, 0.09, 0.00, 0.10, 1.00),
(1031, 443, 897, 'F', 1, 0.11, 0.96, 0.00, 1.10, 0.99),
(1032, 154, 898, 'F', 3, 0.00, 0.20, 0.00, 0.20, 0.60),
(1033, 210, 898, 'F', 1, 0.00, 0.81, 0.00, 1.00, 1.00),
(1034, 154, 899, 'F', 5, 0.00, 0.20, 0.00, 0.20, 1.00),
(1035, 405, 900, 'U', 1, 0.00, 1.00, 0.00, 1.50, 1.50),
(1036, 228, 901, 'U', 1, 0.00, 4.00, 0.00, 6.89, 6.89),
(1037, 289, 902, 'F', 1, 0.00, 1.60, 0.00, 3.00, 3.00),
(1038, 467, 902, 'U', 1, 0.00, 1.51, 0.00, 3.00, 3.00),
(1039, 300, 903, 'F', 2, 0.00, 0.25, 0.00, 0.35, 0.70),
(1040, 179, 904, 'F', 20, 1.40, 0.51, 0.00, 0.70, 12.60),
(1041, 221, 905, 'U', 1, 0.26, 0.85, 0.00, 1.30, 1.04),
(1042, 504, 905, 'F', 9, 0.00, 0.08, 0.00, 0.15, 1.35),
(1043, 133, 905, 'F', 10, 0.00, 0.03, 0.00, 0.05, 0.50),
(1044, 132, 906, 'F', 1, 0.00, 0.46, 0.00, 0.50, 0.50),
(1045, 34, 907, 'U', 1, 0.00, 1.93, 0.38, 2.50, 2.50),
(1046, 82, 908, 'F', 2, 0.00, 0.20, 0.00, 0.40, 0.80),
(1047, 226, 909, 'F', 3, 0.00, 0.35, 0.00, 0.40, 1.20),
(1048, 517, 910, 'F', 1, 0.33, 2.66, 0.00, 3.25, 2.93),
(1049, 274, 910, 'U', 1, 0.35, 3.15, 0.00, 3.50, 3.15),
(1050, 203, 911, 'F', 2, 0.00, 0.43, 0.00, 0.40, 0.80),
(1051, 86, 912, 'U', 1, 0.45, 3.10, 0.00, 4.50, 4.05),
(1052, 216, 913, 'F', 3, 0.00, 0.45, 0.00, 0.50, 1.50),
(1053, 504, 914, 'F', 10, 0.00, 0.08, 0.00, 0.15, 1.50),
(1054, 147, 915, 'F', 15, 0.00, 0.05, 0.00, 0.10, 1.50),
(1055, 434, 915, 'F', 3, 0.00, 0.28, 0.00, 1.00, 3.00),
(1056, 105, 916, 'F', 6, 0.00, 0.48, 0.00, 0.50, 3.00),
(1057, 416, 916, 'F', 2, 0.00, 0.52, 0.00, 0.80, 1.60),
(1058, 416, 917, 'F', 1, 0.00, 0.52, 0.00, 0.80, 0.80),
(1059, 324, 918, 'U', 1, 0.00, 0.10, 0.00, 0.15, 0.15),
(1060, 309, 918, 'U', 1, 0.00, 0.05, 0.01, 0.10, 0.10),
(1061, 300, 919, 'F', 3, 0.00, 0.25, 0.00, 0.35, 1.05),
(1062, 426, 920, 'F', 1, 0.00, 0.13, 0.00, 0.20, 0.20),
(1063, 503, 920, 'U', 1, 0.00, 0.17, 0.00, 0.30, 0.30),
(1064, 203, 921, 'F', 2, 0.00, 0.43, 0.00, 0.40, 0.80),
(1065, 297, 922, 'F', 4, 0.00, 0.28, 0.00, 0.40, 1.60),
(1066, 357, 923, 'F', 1, 0.00, 0.31, 0.00, 0.50, 0.50),
(1067, 207, 924, 'F', 1, 0.00, 0.08, 0.00, 0.90, 0.90),
(1068, 470, 924, 'F', 4, 0.00, 0.25, 0.00, 0.50, 2.00),
(1069, 359, 925, 'F', 4, 0.00, 0.43, 0.00, 0.60, 2.40),
(1070, 244, 925, 'F', 3, 0.00, 0.26, 0.00, 0.30, 0.90),
(1071, 352, 926, 'F', 2, 0.00, 0.79, 0.00, 1.00, 2.00),
(1072, 345, 926, 'F', 2, 0.00, 0.49, 0.00, 0.60, 1.20),
(1073, 514, 927, 'F', 2, 0.00, 1.30, 0.00, 1.25, 2.50),
(1074, 105, 928, 'F', 3, 0.00, 0.48, 0.00, 0.50, 1.50),
(1075, 138, 928, 'F', 4, 0.00, 0.38, 0.00, 0.85, 3.40),
(1076, 467, 929, 'U', 1, 0.00, 1.51, 0.00, 3.00, 3.00),
(1077, 340, 930, 'U', 1, 0.66, 5.08, 0.00, 6.60, 5.94),
(1078, 109, 931, 'F', 1, 0.00, 0.75, 0.00, 0.80, 0.80),
(1079, 68, 932, 'F', 3, 0.12, 0.38, 0.00, 0.40, 1.08),
(1080, 80, 933, 'F', 1, 0.00, 0.50, 0.00, 0.60, 0.60),
(1081, 148, 934, 'F', 1, 0.00, 0.19, 0.00, 0.40, 0.40),
(1082, 345, 935, 'F', 2, 0.00, 0.49, 0.00, 0.60, 1.20),
(1083, 148, 935, 'F', 2, 0.00, 0.19, 0.00, 0.40, 0.80),
(1084, 105, 936, 'F', 2, 0.00, 0.48, 0.00, 0.50, 1.00),
(1085, 364, 936, 'F', 1, 0.00, 0.42, 0.00, 0.60, 0.60),
(1086, 345, 936, 'F', 2, 0.00, 0.49, 0.00, 0.60, 1.20),
(1087, 209, 937, 'F', 1, 0.00, 2.64, 0.00, 2.83, 2.83),
(1088, 244, 938, 'F', 6, 0.00, 0.26, 0.00, 0.30, 1.80),
(1089, 262, 939, 'F', 1, 0.00, 0.63, 0.00, 0.70, 0.70),
(1090, 513, 939, 'F', 1, 0.00, 0.87, 0.00, 1.20, 1.20),
(1091, 470, 940, 'F', 1, 0.00, 0.25, 0.00, 0.50, 0.50),
(1092, 279, 941, 'U', 1, 0.00, 1.00, 0.00, 2.00, 2.00);
INSERT INTO `detalle_venta` (`id`, `id_producto`, `id_venta`, `tipo_prod`, `cantidad`, `descuento`, `precio`, `iva`, `precioPVP`, `total`) VALUES
(1093, 301, 942, 'U', 1, 0.00, 2.95, 0.00, 3.50, 3.50),
(1094, 82, 943, 'F', 2, 0.00, 0.20, 0.00, 0.40, 0.80),
(1095, 154, 944, 'F', 10, 0.00, 0.20, 0.00, 0.20, 2.00),
(1096, 438, 944, 'F', 1, 0.09, 1.25, 0.00, 1.80, 1.71),
(1097, 439, 945, 'F', 1, 0.00, 0.29, 0.00, 0.50, 0.50),
(1098, 416, 946, 'F', 1, 0.00, 0.52, 0.00, 0.80, 0.80),
(1099, 170, 947, 'F', 1, 0.00, 0.70, 0.00, 0.70, 0.70),
(1100, 168, 947, 'F', 1, 0.00, 0.70, 0.00, 0.70, 0.70),
(1101, 416, 947, 'F', 1, 0.00, 0.52, 0.00, 0.80, 0.80),
(1102, 169, 948, 'F', 1, 0.00, 0.70, 0.00, 0.70, 0.70),
(1103, 133, 949, 'F', 20, 0.00, 0.03, 0.00, 0.05, 1.00),
(1104, 390, 950, 'F', 2, 0.00, 0.98, 0.00, 2.00, 4.00),
(1105, 277, 951, 'F', 2, 0.00, 0.01, 0.00, 0.10, 0.20),
(1106, 514, 952, 'F', 2, 0.00, 0.91, 0.00, 1.25, 2.50),
(1107, 277, 953, 'F', 2, 0.00, 0.01, 0.00, 0.10, 0.20),
(1108, 473, 954, 'U', 1, 0.00, 0.54, 0.00, 0.80, 0.80),
(1109, 138, 955, 'F', 3, 0.00, 0.81, 0.00, 0.85, 2.55),
(1110, 169, 956, 'F', 1, 0.00, 0.70, 0.00, 0.70, 0.70),
(1111, 61, 956, 'F', 1, 0.00, 0.24, 0.00, 0.25, 0.25),
(1112, 297, 956, 'F', 1, 0.00, 0.28, 0.00, 0.40, 0.40),
(1113, 345, 957, 'F', 2, 0.00, 0.49, 0.00, 0.60, 1.20),
(1114, 434, 958, 'F', 3, 0.00, 0.28, 0.00, 1.00, 3.00),
(1115, 349, 958, 'F', 2, 0.00, 0.28, 0.00, 0.40, 0.80),
(1116, 498, 958, 'F', 1, 0.00, 0.14, 0.00, 0.30, 0.30),
(1117, 190, 959, 'F', 1, 0.25, 0.00, 0.00, 0.50, 0.25),
(1118, 269, 960, 'U', 1, 0.00, 1.00, 0.00, 1.50, 1.50),
(1119, 186, 961, 'U', 1, 0.00, 1.70, 0.00, 2.17, 2.17),
(1120, 336, 962, 'F', 1, 0.00, 11.66, 0.00, 6.00, 6.00),
(1121, 209, 963, 'F', 1, 0.42, 2.64, 0.00, 2.83, 2.41),
(1122, 416, 964, 'F', 2, 0.00, 0.52, 0.00, 0.80, 1.60),
(1123, 470, 964, 'F', 1, 0.00, 0.25, 0.00, 0.50, 0.50),
(1124, 133, 965, 'F', 10, 0.00, 0.03, 0.00, 0.05, 0.50),
(1125, 532, 966, 'U', 1, 0.00, 0.39, 0.11, 0.75, 0.75),
(1126, 116, 966, 'F', 1, 0.00, 0.10, 0.00, 0.15, 0.15),
(1127, 426, 967, 'F', 10, 0.00, 0.13, 0.00, 0.20, 2.00),
(1128, 136, 968, 'F', 6, 0.00, 0.50, 0.00, 0.65, 3.90),
(1129, 310, 968, 'F', 8, 0.80, 1.23, 0.00, 1.00, 7.20),
(1130, 151, 969, 'F', 10, 0.00, 0.31, 0.00, 0.50, 5.00),
(1131, 439, 970, 'F', 1, 0.00, 0.29, 0.00, 0.50, 0.50),
(1132, 404, 971, 'U', 1, 0.00, 1.00, 0.00, 1.50, 1.50),
(1133, 96, 972, 'F', 1, 0.00, 0.44, 0.00, 0.50, 0.50),
(1134, 349, 973, 'F', 1, 0.00, 0.28, 0.00, 0.40, 0.40),
(1135, 168, 973, 'F', 1, 0.00, 0.70, 0.00, 0.70, 0.70),
(1136, 65, 974, 'F', 2, 0.00, 0.33, 0.00, 0.40, 0.80),
(1137, 465, 975, 'U', 1, 0.00, 5.12, 0.00, 6.83, 6.83),
(1138, 388, 976, 'U', 3, 0.99, 1.21, 0.00, 2.20, 5.61),
(1139, 434, 977, 'F', 3, 0.00, 0.28, 0.00, 1.00, 3.00),
(1140, 523, 978, 'F', 2, 0.00, 0.38, 0.00, 0.50, 1.00),
(1141, 242, 979, 'U', 1, 0.00, 3.70, 0.00, 4.14, 4.14),
(1142, 62, 980, 'F', 2, 0.00, 0.53, 0.00, 0.50, 1.00),
(1143, 303, 980, 'F', 1, 0.00, 0.72, 0.00, 2.00, 2.00),
(1144, 404, 981, 'U', 2, 0.00, 1.00, 0.00, 1.50, 3.00),
(1145, 329, 982, 'U', 1, 0.85, 6.20, 0.00, 8.50, 7.65),
(1146, 137, 983, 'F', 2, 0.00, 0.37, 0.00, 0.44, 0.88),
(1147, 141, 983, 'F', 1, 0.00, 0.55, 0.00, 0.60, 0.60),
(1148, 324, 984, 'U', 1, 0.00, 0.10, 0.00, 0.15, 0.15),
(1149, 284, 985, 'F', 2, 0.12, 0.60, 0.00, 0.65, 1.19),
(1150, 148, 986, 'F', 2, 0.00, 0.19, 0.00, 0.40, 0.80),
(1151, 295, 987, 'U', 1, 0.00, 1.00, 0.22, 1.50, 1.50),
(1152, 138, 988, 'F', 2, 0.00, 0.81, 0.00, 0.85, 1.70),
(1153, 269, 989, 'U', 1, 0.00, 1.00, 0.00, 1.50, 1.50),
(1154, 284, 990, 'F', 1, 0.07, 0.60, 0.00, 0.65, 0.59),
(1155, 365, 991, 'U', 1, 0.00, 0.54, 0.00, 0.65, 0.65),
(1156, 94, 992, 'F', 2, 0.00, 1.00, 0.00, 1.25, 2.50),
(1157, 141, 992, 'F', 2, 0.00, 0.55, 0.00, 0.60, 1.20),
(1158, 390, 993, 'F', 1, 0.00, 0.98, 0.00, 2.00, 2.00),
(1159, 168, 993, 'F', 1, 0.00, 0.70, 0.00, 0.70, 0.70),
(1160, 223, 994, 'F', 2, 0.00, 0.28, 0.00, 0.30, 0.60),
(1161, 345, 995, 'F', 2, 0.00, 0.49, 0.00, 0.60, 1.20),
(1162, 511, 996, 'U', 1, 0.00, 4.40, 0.00, 5.28, 5.28),
(1163, 201, 997, 'F', 10, 0.00, 0.80, 0.00, 0.50, 5.00),
(1164, 261, 997, 'F', 2, 0.00, 0.89, 0.00, 0.90, 1.80),
(1165, 216, 998, 'F', 2, 0.00, 0.45, 0.00, 0.50, 1.00),
(1166, 234, 999, 'F', 1, 0.00, 0.60, 0.00, 0.60, 0.60),
(1167, 69, 1000, 'F', 2, 0.26, 0.57, 0.00, 0.64, 1.02),
(1168, 133, 1001, 'F', 20, 0.00, 0.03, 0.00, 0.05, 1.00),
(1169, 223, 1002, 'F', 2, 0.06, 0.28, 0.00, 0.30, 0.54),
(1170, 195, 1003, 'U', 1, 0.00, 2.79, 0.00, 3.43, 3.43),
(1171, 499, 1003, 'U', 1, 0.00, 3.73, 0.00, 5.58, 5.58),
(1172, 518, 1004, 'F', 4, 0.00, 0.11, 0.00, 0.25, 1.00),
(1173, 194, 1005, 'U', 1, 0.00, 1.85, 0.00, 2.20, 2.20),
(1174, 244, 1006, 'F', 3, 0.00, 0.26, 0.00, 0.30, 0.90),
(1175, 277, 1007, 'F', 1, 0.00, 0.01, 0.00, 0.10, 0.10),
(1176, 223, 1008, 'F', 4, 0.12, 0.28, 0.00, 0.30, 1.08),
(1177, 439, 1008, 'F', 2, 0.00, 0.29, 0.00, 0.50, 1.00),
(1178, 84, 1009, 'U', 1, 0.00, 6.80, 0.00, 7.00, 7.00),
(1179, 343, 1010, 'U', 1, 0.58, 4.55, 0.00, 5.80, 5.22),
(1180, 94, 1011, 'F', 2, 0.00, 1.00, 0.00, 1.25, 2.50),
(1181, 221, 1012, 'U', 1, 0.07, 0.71, 0.00, 1.30, 1.24),
(1182, 495, 1013, 'U', 1, 0.00, 2.24, 0.00, 4.00, 4.00),
(1183, 494, 1013, 'F', 8, 0.00, 0.04, 0.00, 0.20, 1.60),
(1184, 344, 1014, 'U', 2, 0.00, 0.00, 0.00, 0.10, 0.20),
(1185, 61, 1015, 'F', 1, 0.00, 0.24, 0.00, 0.25, 0.25),
(1186, 467, 1016, 'U', 1, 0.00, 1.51, 0.00, 3.00, 3.00),
(1187, 138, 1017, 'F', 2, 0.00, 0.81, 0.00, 0.85, 1.70),
(1188, 542, 1018, 'F', 10, 0.00, 0.17, 0.00, 0.30, 3.00),
(1189, 223, 1019, 'F', 4, 0.18, 0.28, 0.00, 0.30, 1.02),
(1190, 221, 1020, 'F', 2, 0.00, 0.07, 0.00, 0.12, 0.24),
(1191, 297, 1021, 'F', 1, 0.00, 0.28, 0.00, 0.40, 0.40),
(1192, 384, 1021, 'F', 1, 0.00, 0.32, 0.00, 0.40, 0.40),
(1193, 258, 1022, 'F', 3, 0.00, 0.50, 0.00, 0.70, 2.10),
(1194, 284, 1023, 'F', 2, 0.00, 0.60, 0.00, 0.65, 1.30),
(1195, 508, 1024, 'F', 3, 0.00, 0.39, 0.00, 0.50, 1.50),
(1196, 338, 1024, 'U', 1, 0.00, 0.97, 0.00, 1.51, 1.51),
(1197, 498, 1025, 'F', 4, 0.00, 0.14, 0.00, 0.30, 1.20),
(1198, 520, 1026, 'U', 1, 0.00, 2.37, 0.00, 3.00, 3.00),
(1199, 270, 1027, 'F', 1, 0.00, 0.07, 0.00, 0.10, 0.10),
(1200, 24, 1028, 'U', 1, 0.00, 1.40, 0.27, 1.80, 1.80),
(1201, 28, 1028, 'U', 1, 0.00, 1.86, 0.38, 2.50, 2.50),
(1202, 29, 1029, 'U', 1, 0.00, 1.25, 0.23, 1.50, 1.50),
(1203, 34, 1030, 'U', 1, 0.00, 1.93, 0.38, 2.50, 2.50),
(1204, 366, 1031, 'U', 1, 0.00, 0.20, 0.00, 0.25, 0.25),
(1205, 415, 1031, 'U', 1, 0.00, 0.40, 0.12, 0.80, 0.80),
(1206, 306, 1031, 'F', 2, 0.00, 0.06, 0.00, 0.10, 0.20),
(1207, 61, 1032, 'F', 2, 0.00, 0.24, 0.00, 0.25, 0.50),
(1208, 368, 1032, 'U', 1, 0.00, 0.50, 0.00, 0.60, 0.60),
(1209, 326, 1032, 'U', 1, 0.50, 0.80, 0.00, 1.00, 0.50),
(1210, 401, 1033, 'U', 1, 0.00, 0.39, 0.00, 0.50, 0.50),
(1211, 403, 1033, 'U', 1, 0.00, 0.19, 0.00, 0.25, 0.25),
(1212, 423, 1034, 'F', 3, 0.00, 0.44, 0.00, 0.60, 1.80),
(1213, 470, 1034, 'F', 3, 0.00, 0.25, 0.00, 0.50, 1.50),
(1214, 364, 1035, 'F', 1, 0.00, 0.42, 0.00, 0.60, 0.60),
(1215, 391, 1035, 'U', 1, 0.00, 0.41, 0.00, 0.50, 0.50),
(1216, 303, 1036, 'F', 1, 0.00, 0.72, 0.00, 2.00, 2.00),
(1217, 209, 1037, 'F', 2, 0.62, 2.64, 0.00, 2.83, 5.04),
(1218, 347, 1038, 'F', 1, 0.00, 0.22, 0.00, 0.30, 0.30),
(1219, 350, 1039, 'F', 1, 0.00, 0.21, 0.00, 0.30, 0.30),
(1220, 302, 1040, 'F', 2, 0.00, 0.40, 0.00, 0.60, 1.20),
(1221, 364, 1041, 'F', 1, 0.00, 0.42, 0.00, 0.60, 0.60),
(1222, 467, 1042, 'U', 1, 0.00, 1.51, 0.00, 3.00, 3.00),
(1223, 142, 1043, 'F', 3, 0.00, 0.20, 0.00, 0.30, 0.90),
(1224, 180, 1043, 'F', 2, 0.00, 0.26, 0.00, 0.30, 0.60),
(1225, 406, 1043, 'U', 1, 0.00, 1.00, 0.00, 1.50, 1.50),
(1226, 180, 1044, 'F', 2, 0.00, 0.26, 0.00, 0.30, 0.60),
(1227, 462, 1045, 'U', 1, 0.00, 7.25, 1.27, 8.50, 8.50),
(1228, 300, 1046, 'F', 1, 0.00, 0.28, 0.00, 0.35, 0.35),
(1229, 300, 1047, 'F', 2, 0.00, 0.28, 0.00, 0.35, 0.70),
(1230, 151, 1048, 'F', 6, 0.00, 0.31, 0.00, 0.50, 3.00),
(1231, 345, 1049, 'F', 2, 0.00, 0.49, 0.00, 0.60, 1.20),
(1232, 137, 1050, 'F', 4, 0.00, 0.37, 0.00, 0.44, 1.76),
(1233, 453, 1051, 'U', 1, 0.00, 1.00, 0.00, 1.80, 1.80),
(1234, 364, 1052, 'F', 2, 0.00, 0.42, 0.00, 0.60, 1.20),
(1235, 439, 1052, 'F', 1, 0.00, 0.29, 0.00, 0.50, 0.50),
(1236, 405, 1052, 'U', 1, 0.00, 1.00, 0.00, 1.50, 1.50),
(1237, 406, 1052, 'U', 1, 0.00, 1.00, 0.00, 1.50, 1.50),
(1238, 142, 1053, 'F', 3, 0.00, 0.20, 0.00, 0.30, 0.90),
(1239, 169, 1054, 'F', 1, 0.00, 0.70, 0.00, 0.70, 0.70),
(1240, 222, 1055, 'U', 1, 0.00, 3.80, 0.00, 4.49, 4.49),
(1241, 346, 1056, 'U', 1, 0.00, 1.20, 0.00, 1.53, 1.53),
(1242, 321, 1057, 'F', 2, 0.00, 0.20, 0.00, 0.50, 1.00),
(1243, 55, 1057, 'U', 6, 0.29, 0.28, 0.05, 0.35, 1.82),
(1244, 57, 1058, 'U', 1, 0.00, 7.15, 1.35, 9.00, 9.00),
(1245, 58, 1058, 'U', 2, 0.00, 3.01, 0.53, 3.50, 7.00),
(1246, 407, 1059, 'F', 2, 0.00, 2.00, 0.00, 0.50, 1.00),
(1247, 138, 1060, 'F', 2, 0.43, 0.81, 0.00, 0.85, 1.28),
(1248, 228, 1061, 'U', 1, 0.69, 4.00, 0.00, 6.89, 6.20),
(1249, 137, 1062, 'F', 2, 0.00, 0.37, 0.00, 0.44, 0.88),
(1250, 417, 1063, 'U', 1, 0.00, 4.32, 0.00, 5.76, 5.76),
(1251, 414, 1064, 'U', 3, 0.00, 0.55, 0.17, 1.10, 3.30),
(1252, 443, 1065, 'F', 1, 0.11, 0.96, 0.00, 1.10, 0.99),
(1253, 64, 1066, 'F', 1, 0.00, 0.60, 0.00, 0.60, 0.60),
(1254, 69, 1067, 'F', 2, 0.00, 0.57, 0.00, 0.64, 1.28),
(1255, 352, 1068, 'F', 1, 0.00, 0.79, 0.00, 1.00, 1.00),
(1256, 542, 1069, 'F', 5, 0.00, 0.17, 0.00, 0.30, 1.50),
(1257, 24, 1069, 'U', 1, 0.00, 1.40, 0.27, 1.80, 1.80),
(1258, 48, 1070, 'U', 1, 0.00, 2.73, 0.49, 3.25, 3.25),
(1259, 416, 1071, 'F', 1, 0.00, 0.52, 0.00, 0.80, 0.80),
(1260, 82, 1072, 'F', 2, 0.00, 0.20, 0.00, 0.40, 0.80),
(1261, 139, 1073, 'F', 1, 0.78, 2.71, 0.00, 2.77, 1.99),
(1262, 503, 1074, 'U', 1, 0.00, 0.17, 0.00, 0.30, 0.30),
(1263, 133, 1075, 'F', 20, 0.00, 0.03, 0.00, 0.05, 1.00),
(1264, 467, 1076, 'U', 1, 0.00, 1.51, 0.00, 3.00, 3.00),
(1265, 347, 1077, 'F', 3, 0.00, 0.22, 0.00, 0.30, 0.90),
(1266, 390, 1078, 'F', 2, 0.00, 0.98, 0.00, 2.00, 4.00),
(1267, 209, 1079, 'F', 2, 1.13, 2.64, 0.00, 2.83, 4.53),
(1268, 85, 1080, 'U', 1, 0.00, 4.74, 0.00, 6.00, 6.00),
(1269, 300, 1081, 'F', 3, 0.00, 0.28, 0.00, 0.35, 1.05),
(1270, 305, 1082, 'F', 6, 0.00, 0.47, 0.00, 0.50, 3.00),
(1271, 319, 1083, 'U', 1, 0.21, 1.61, 0.00, 2.10, 1.89),
(1272, 257, 1084, 'F', 3, 0.00, 0.32, 0.00, 0.40, 1.20),
(1273, 69, 1084, 'F', 3, 0.96, 0.57, 0.00, 0.64, 0.96),
(1274, 117, 1085, 'F', 1, 0.00, 0.10, 0.00, 0.12, 0.12),
(1275, 251, 1086, 'F', 1, 0.00, 0.70, 0.00, 1.00, 1.00),
(1276, 258, 1086, 'F', 2, 0.00, 0.50, 0.00, 0.70, 1.40),
(1277, 258, 1087, 'F', 6, 0.00, 0.50, 0.00, 0.70, 4.20),
(1278, 103, 1088, 'U', 1, 0.00, 2.85, 0.00, 4.09, 4.09),
(1279, 429, 1089, 'F', 6, 0.00, 0.41, 0.00, 0.55, 3.30),
(1280, 468, 1090, 'F', 4, 0.00, 0.88, 0.00, 1.50, 6.00),
(1281, 270, 1091, 'F', 2, 0.00, 0.07, 0.00, 0.10, 0.20),
(1282, 321, 1092, 'F', 4, 0.00, 0.20, 0.00, 0.50, 2.00),
(1283, 407, 1092, 'F', 2, 0.00, 2.00, 0.00, 0.50, 1.00),
(1284, 519, 1093, 'U', 1, 0.00, 3.81, 0.00, 4.95, 4.95),
(1285, 461, 1094, 'F', 6, 0.11, 0.20, 0.00, 0.35, 2.00),
(1286, 118, 1095, 'F', 1, 0.00, 0.00, 0.00, 0.10, 0.10),
(1287, 361, 1096, 'F', 3, 0.00, 0.38, 0.00, 0.50, 1.50),
(1288, 270, 1097, 'F', 4, 0.00, 0.07, 0.00, 0.10, 0.40),
(1289, 303, 1098, 'F', 1, 0.00, 0.72, 0.00, 2.00, 2.00),
(1290, 279, 1099, 'U', 1, 0.00, 1.00, 0.00, 2.00, 2.00),
(1291, 294, 1100, 'U', 1, 0.00, 0.85, 0.22, 1.50, 1.50),
(1292, 523, 1101, 'F', 2, 0.00, 0.38, 0.00, 0.50, 1.00),
(1293, 148, 1102, 'F', 1, 0.00, 0.19, 0.00, 0.40, 0.40),
(1294, 416, 1102, 'F', 1, 0.00, 0.52, 0.00, 0.80, 0.80),
(1295, 485, 1103, 'F', 1, 0.33, 4.53, 0.00, 6.50, 6.18),
(1296, 225, 1104, 'U', 1, 0.19, 2.41, 0.00, 3.75, 3.57),
(1297, 270, 1105, 'F', 4, 0.00, 0.07, 0.00, 0.10, 0.40),
(1298, 517, 1106, 'F', 1, 0.00, 2.66, 0.00, 3.25, 3.25),
(1299, 518, 1107, 'F', 1, 0.00, 0.11, 0.00, 0.25, 0.25),
(1300, 547, 1108, 'F', 5, 0.00, 1.11, 0.00, 1.50, 7.50),
(1301, 280, 1109, 'U', 1, 0.00, 0.75, 0.15, 1.00, 1.00),
(1302, 548, 1110, 'U', 1, 0.00, 0.45, 0.00, 1.00, 1.00),
(1303, 549, 1111, 'U', 2, 0.00, 1.70, 0.00, 2.00, 4.00),
(1304, 42, 1112, 'U', 1, 0.35, 2.58, 0.53, 3.50, 3.15),
(1305, 461, 1113, 'F', 6, 0.11, 0.20, 0.00, 0.35, 2.00),
(1306, 514, 1114, 'F', 1, 0.00, 0.91, 0.00, 1.25, 1.25),
(1307, 381, 1114, 'U', 1, 0.00, 0.40, 0.00, 0.50, 0.50),
(1308, 422, 1115, 'U', 1, 0.00, 5.70, 0.00, 6.95, 6.95),
(1309, 59, 1115, 'U', 1, 0.00, 2.31, 0.42, 2.80, 2.80),
(1310, 438, 1116, 'F', 2, 0.36, 1.25, 0.00, 1.80, 3.24),
(1311, 349, 1117, 'F', 4, 0.00, 0.28, 0.00, 0.40, 1.60),
(1312, 141, 1117, 'F', 1, 0.12, 0.55, 0.00, 0.60, 0.48),
(1313, 155, 1118, 'F', 1, 0.00, 0.42, 0.00, 0.90, 0.90),
(1314, 297, 1118, 'F', 1, 0.00, 0.28, 0.00, 0.40, 0.40),
(1315, 321, 1119, 'F', 4, 0.00, 0.20, 0.00, 0.50, 2.00),
(1316, 305, 1120, 'F', 1, 0.00, 0.47, 0.00, 0.50, 0.50),
(1317, 436, 1121, 'F', 2, 0.00, 0.54, 0.00, 0.60, 1.20),
(1318, 426, 1122, 'F', 10, 0.00, 0.13, 0.00, 0.20, 2.00),
(1319, 308, 1123, 'F', 1, 0.00, 0.78, 0.00, 0.80, 0.80),
(1320, 551, 1123, 'F', 1, 0.00, 0.05, 0.00, 1.00, 1.00),
(1321, 461, 1124, 'F', 3, 0.05, 0.20, 0.00, 0.35, 1.00),
(1322, 359, 1125, 'F', 1, 0.00, 0.43, 0.00, 0.60, 0.60),
(1323, 542, 1125, 'F', 1, 0.00, 0.17, 0.00, 0.30, 0.30),
(1324, 82, 1126, 'F', 1, 0.00, 0.20, 0.00, 0.40, 0.40),
(1325, 321, 1126, 'F', 1, 0.00, 0.20, 0.00, 0.50, 0.50),
(1326, 75, 1127, 'F', 1, 0.00, 0.45, 0.00, 0.50, 0.50),
(1327, 345, 1127, 'F', 2, 0.00, 0.49, 0.00, 0.60, 1.20),
(1328, 443, 1128, 'F', 1, 0.00, 0.96, 0.00, 1.10, 1.10),
(1329, 318, 1129, 'F', 2, 0.00, 0.33, 0.00, 0.50, 1.00),
(1330, 147, 1130, 'F', 4, 0.00, 0.05, 0.00, 0.10, 0.40),
(1331, 316, 1130, 'U', 1, 0.00, 0.72, 0.18, 1.20, 1.20),
(1332, 498, 1131, 'F', 10, 0.15, 0.14, 0.00, 0.30, 2.85),
(1333, 116, 1132, 'F', 3, 0.00, 0.10, 0.00, 0.15, 0.45),
(1334, 302, 1133, 'F', 2, 0.00, 0.40, 0.00, 0.60, 1.20),
(1335, 436, 1134, 'F', 1, 0.00, 0.54, 0.00, 0.60, 0.60),
(1336, 309, 1135, 'U', 3, 0.00, 0.05, 0.01, 0.10, 0.30),
(1337, 406, 1136, 'U', 1, 0.00, 1.00, 0.00, 1.50, 1.50),
(1338, 141, 1137, 'F', 3, 0.00, 0.55, 0.00, 0.60, 1.80),
(1339, 297, 1137, 'F', 4, 0.16, 0.28, 0.00, 0.40, 1.44),
(1340, 443, 1138, 'F', 1, 0.00, 0.96, 0.00, 1.10, 1.10),
(1341, 524, 1139, 'F', 1, 0.00, 5.32, 0.00, 8.45, 8.45),
(1342, 362, 1140, 'U', 1, 0.00, 2.89, 0.00, 3.80, 3.80),
(1343, 226, 1141, 'F', 2, 0.00, 0.35, 0.00, 0.40, 0.80),
(1344, 426, 1142, 'F', 1, 0.00, 0.13, 0.00, 0.20, 0.20),
(1345, 545, 1142, 'U', 1, 0.00, 1.99, 0.00, 2.99, 2.99),
(1346, 524, 1143, 'F', 1, 0.00, 5.32, 0.00, 8.45, 8.45),
(1347, 82, 1144, 'F', 2, 0.00, 0.20, 0.00, 0.40, 0.80),
(1348, 284, 1144, 'F', 2, 0.26, 0.60, 0.00, 0.65, 1.05),
(1349, 82, 1145, 'F', 2, 0.00, 0.20, 0.00, 0.40, 0.80),
(1350, 183, 1146, 'U', 1, 0.00, 2.29, 0.00, 3.27, 3.27),
(1351, 80, 1147, 'F', 3, 0.00, 0.50, 0.00, 0.60, 1.80),
(1352, 300, 1148, 'F', 3, 0.00, 0.28, 0.00, 0.35, 1.05),
(1353, 247, 1149, 'F', 1, 0.00, 0.52, 0.00, 0.70, 0.70),
(1354, 234, 1150, 'F', 1, 0.00, 0.60, 0.00, 0.60, 0.60),
(1355, 434, 1151, 'F', 3, 0.00, 0.28, 0.00, 1.00, 3.00),
(1356, 436, 1152, 'F', 5, 0.00, 0.54, 0.00, 0.60, 3.00),
(1357, 412, 1153, 'F', 3, 0.00, 0.18, 0.00, 0.20, 0.60),
(1358, 209, 1154, 'F', 2, 0.00, 2.64, 0.00, 2.50, 5.00),
(1359, 212, 1155, 'U', 1, 0.00, 3.10, 0.00, 1.50, 1.50),
(1360, 383, 1156, 'U', 1, 0.77, 4.59, 0.00, 7.65, 6.89),
(1361, 461, 1157, 'F', 3, 0.05, 0.20, 0.00, 0.35, 1.00),
(1362, 434, 1158, 'F', 3, 0.00, 0.28, 0.00, 1.00, 3.00),
(1363, 133, 1158, 'F', 10, 0.00, 0.03, 0.00, 0.05, 0.50),
(1364, 62, 1158, 'F', 1, 0.00, 0.53, 0.00, 0.50, 0.50),
(1365, 357, 1159, 'F', 2, 0.00, 0.31, 0.00, 0.50, 1.00),
(1366, 105, 1160, 'F', 2, 0.00, 0.48, 0.00, 0.50, 1.00),
(1367, 105, 1161, 'F', 4, 0.00, 0.48, 0.00, 0.50, 2.00),
(1368, 390, 1162, 'F', 2, 0.00, 0.98, 0.00, 2.00, 4.00),
(1369, 494, 1163, 'F', 3, 0.00, 0.04, 0.00, 0.20, 0.60),
(1370, 344, 1163, 'U', 1, 0.00, 0.00, 0.00, 0.10, 0.10),
(1371, 94, 1164, 'F', 1, 0.25, 1.00, 0.00, 1.25, 1.01),
(1372, 517, 1165, 'F', 1, 0.00, 2.66, 0.00, 3.25, 3.25),
(1373, 344, 1165, 'U', 1, 0.00, 0.00, 0.00, 0.10, 0.10),
(1374, 303, 1166, 'F', 1, 0.00, 0.72, 0.00, 2.00, 2.00),
(1375, 416, 1167, 'F', 1, 0.24, 0.52, 0.00, 0.80, 0.56),
(1376, 470, 1167, 'F', 1, 0.00, 0.25, 0.00, 0.50, 0.50),
(1377, 361, 1168, 'F', 2, 0.00, 0.38, 0.00, 0.50, 1.00),
(1378, 243, 1169, 'U', 1, 0.00, 0.75, 0.00, 1.10, 1.10),
(1379, 118, 1170, 'F', 3, 0.00, 0.00, 0.00, 0.10, 0.30),
(1380, 364, 1171, 'F', 1, 0.00, 0.42, 0.00, 0.60, 0.60),
(1381, 235, 1172, 'F', 4, 0.00, 0.20, 0.00, 0.20, 0.80),
(1382, 173, 1173, 'F', 4, 1.20, 1.48, 0.00, 1.50, 4.80),
(1383, 300, 1174, 'F', 3, 0.00, 0.28, 0.00, 0.35, 1.05),
(1384, 518, 1175, 'F', 2, 0.00, 0.11, 0.00, 0.15, 0.30),
(1385, 291, 1176, 'F', 10, 0.00, 0.07, 0.00, 0.10, 1.00),
(1386, 258, 1176, 'F', 2, 0.00, 0.50, 0.00, 0.70, 1.40),
(1387, 479, 1177, 'U', 1, 0.00, 6.11, 0.00, 8.00, 8.00),
(1388, 458, 1178, 'F', 2, 0.00, 0.35, 0.00, 0.50, 1.00),
(1389, 249, 1179, 'F', 1, 0.18, 0.49, 0.00, 1.21, 1.03),
(1390, 71, 1179, 'F', 14, 0.00, 0.08, 0.00, 0.10, 1.40),
(1391, 340, 1180, 'U', 1, 0.66, 5.08, 0.00, 6.60, 5.94),
(1392, 439, 1181, 'F', 2, 0.00, 0.29, 0.00, 0.50, 1.00),
(1393, 470, 1182, 'F', 4, 0.00, 0.25, 0.00, 0.50, 2.00),
(1394, 436, 1183, 'F', 12, 0.72, 0.54, 0.00, 0.50, 6.00),
(1395, 359, 1184, 'F', 1, 0.00, 0.43, 0.00, 0.60, 0.60),
(1396, 542, 1184, 'F', 1, 0.00, 0.17, 0.00, 0.30, 0.30),
(1397, 89, 1185, 'F', 10, 1.50, 0.33, 0.00, 0.30, 1.50),
(1398, 78, 1186, 'F', 2, 0.00, 0.27, 0.00, 0.40, 0.80),
(1399, 68, 1187, 'F', 6, 0.48, 0.38, 0.00, 0.40, 1.92),
(1400, 226, 1188, 'F', 6, 0.00, 0.35, 0.00, 0.40, 2.40),
(1401, 437, 1188, 'F', 1, 0.00, 1.45, 0.00, 2.00, 2.00),
(1402, 439, 1189, 'F', 1, 0.00, 0.29, 0.00, 0.50, 0.50),
(1403, 118, 1190, 'F', 4, 0.00, 0.00, 0.00, 0.10, 0.40),
(1404, 313, 1191, 'F', 4, 0.00, 0.86, 0.00, 1.45, 5.80),
(1405, 527, 1192, 'F', 10, 0.00, 0.12, 0.00, 0.25, 2.50),
(1406, 461, 1193, 'F', 6, 0.00, 0.20, 0.00, 0.35, 2.10),
(1407, 155, 1194, 'F', 1, 0.00, 0.42, 0.00, 0.90, 0.90),
(1408, 345, 1195, 'F', 2, 0.00, 0.49, 0.00, 0.60, 1.20),
(1409, 297, 1196, 'F', 2, 0.00, 0.28, 0.00, 0.40, 0.80),
(1410, 361, 1197, 'F', 3, 0.00, 0.38, 0.00, 0.50, 1.50),
(1411, 141, 1198, 'F', 2, 0.18, 0.55, 0.00, 0.60, 1.02),
(1412, 258, 1199, 'F', 1, 0.00, 0.50, 0.00, 0.70, 0.70),
(1413, 148, 1200, 'F', 1, 0.00, 0.19, 0.00, 0.40, 0.40),
(1414, 421, 1200, 'F', 1, 0.00, 0.30, 0.00, 0.40, 0.40),
(1415, 569, 1201, 'F', 1, 0.00, 0.10, 0.00, 0.20, 0.20),
(1416, 470, 1202, 'F', 1, 0.00, 0.25, 0.00, 0.50, 0.50),
(1417, 62, 1202, 'F', 1, 0.00, 0.53, 0.00, 0.50, 0.50),
(1418, 347, 1203, 'F', 1, 0.00, 0.22, 0.00, 0.30, 0.30),
(1419, 336, 1204, 'F', 1, 0.00, 11.66, 0.00, 6.00, 6.00),
(1420, 209, 1204, 'F', 2, 1.00, 2.64, 0.00, 2.50, 4.00),
(1421, 441, 1204, 'F', 2, 0.00, 0.61, 0.00, 0.75, 1.50),
(1422, 350, 1204, 'F', 2, 0.00, 0.21, 0.00, 0.30, 0.60),
(1423, 443, 1205, 'F', 2, 0.00, 0.96, 0.00, 1.10, 2.20),
(1424, 317, 1206, 'F', 1, 0.00, 0.25, 0.00, 0.35, 0.35),
(1425, 461, 1207, 'F', 3, 0.00, 0.20, 0.00, 0.35, 1.05),
(1426, 300, 1208, 'F', 2, 0.00, 0.28, 0.00, 0.35, 0.70),
(1427, 461, 1209, 'F', 6, 0.00, 0.20, 0.00, 0.35, 2.10),
(1428, 133, 1210, 'F', 20, 0.00, 0.03, 0.00, 0.05, 1.00),
(1429, 150, 1211, 'F', 10, 0.00, 0.06, 0.00, 0.30, 3.00),
(1430, 73, 1212, 'F', 10, 0.00, 0.10, 0.00, 0.10, 1.00),
(1431, 498, 1213, 'F', 9, 0.00, 0.14, 0.00, 0.30, 2.70),
(1432, 32, 1214, 'U', 1, 0.13, 1.02, 0.19, 1.25, 1.13),
(1433, 36, 1214, 'U', 1, 0.12, 0.85, 0.17, 1.15, 1.04),
(1434, 569, 1214, 'F', 4, 0.00, 0.10, 0.00, 0.20, 0.80),
(1435, 412, 1215, 'F', 5, 0.00, 0.18, 0.00, 0.20, 1.00),
(1436, 423, 1215, 'F', 2, 0.12, 0.44, 0.00, 0.60, 1.08),
(1437, 148, 1216, 'F', 2, 0.00, 0.19, 0.00, 0.40, 0.80),
(1438, 421, 1216, 'F', 1, 0.00, 0.30, 0.00, 0.40, 0.40),
(1439, 493, 1217, 'F', 2, 0.05, 0.08, 0.00, 0.15, 0.26),
(1440, 221, 1217, 'F', 2, 0.02, 0.07, 0.00, 0.12, 0.22),
(1441, 154, 1218, 'F', 2, 0.00, 0.20, 0.00, 0.20, 0.40),
(1442, 270, 1218, 'F', 1, 0.00, 0.07, 0.00, 0.10, 0.10),
(1443, 117, 1219, 'F', 1, 0.00, 0.10, 0.00, 0.12, 0.12),
(1444, 508, 1220, 'F', 3, 0.00, 0.39, 0.00, 0.50, 1.50),
(1445, 118, 1221, 'F', 15, 0.00, 0.00, 0.00, 0.10, 1.50),
(1446, 498, 1222, 'F', 10, 0.18, 0.14, 0.00, 0.30, 2.82),
(1447, 118, 1223, 'F', 2, 0.00, 0.00, 0.00, 0.10, 0.20),
(1448, 518, 1224, 'F', 3, 0.00, 0.11, 0.00, 0.15, 0.45),
(1449, 180, 1225, 'F', 3, 0.00, 0.26, 0.00, 0.30, 0.90),
(1450, 118, 1226, 'F', 20, 0.00, 0.00, 0.00, 0.10, 2.00),
(1451, 300, 1227, 'F', 3, 0.11, 0.28, 0.00, 0.35, 0.95),
(1452, 69, 1228, 'F', 1, 0.00, 0.57, 0.00, 0.50, 0.50),
(1453, 133, 1229, 'F', 10, 0.00, 0.03, 0.00, 0.05, 0.50),
(1454, 428, 1230, 'F', 3, 0.26, 0.71, 0.00, 0.85, 2.30),
(1455, 305, 1231, 'F', 3, 0.00, 0.47, 0.00, 0.50, 1.50),
(1456, 299, 1232, 'F', 1, 0.00, 0.90, 0.00, 1.00, 1.00),
(1457, 504, 1233, 'F', 1, 0.00, 0.08, 0.00, 0.15, 0.15),
(1458, 133, 1234, 'F', 10, 0.00, 0.03, 0.00, 0.05, 0.50),
(1459, 148, 1235, 'F', 1, 0.00, 0.19, 0.00, 0.40, 0.40),
(1460, 64, 1235, 'F', 1, 0.00, 0.60, 0.00, 0.60, 0.60),
(1461, 438, 1235, 'F', 1, 0.00, 1.25, 0.00, 1.80, 1.80),
(1462, 521, 1236, 'U', 1, 0.20, 3.24, 0.00, 3.95, 3.76),
(1463, 416, 1237, 'F', 1, 0.00, 0.52, 0.00, 0.80, 0.80),
(1464, 73, 1238, 'F', 10, 0.00, 0.10, 0.00, 0.10, 1.00),
(1465, 324, 1239, 'U', 1, 0.00, 0.10, 0.00, 0.15, 0.15),
(1466, 258, 1240, 'F', 2, 0.00, 0.50, 0.00, 0.70, 1.40),
(1467, 350, 1240, 'F', 1, 0.00, 0.21, 0.00, 0.30, 0.30),
(1468, 416, 1241, 'F', 1, 0.00, 0.52, 0.00, 0.80, 0.80),
(1469, 470, 1241, 'F', 1, 0.00, 0.25, 0.00, 0.50, 0.50),
(1470, 203, 1242, 'F', 2, 0.00, 0.43, 0.00, 0.40, 0.80),
(1471, 302, 1243, 'F', 1, 0.00, 0.40, 0.00, 0.60, 0.60),
(1472, 146, 1244, 'U', 1, 0.47, 1.65, 0.00, 2.36, 1.89),
(1473, 251, 1244, 'F', 1, 0.00, 0.70, 0.00, 1.00, 1.00),
(1474, 116, 1244, 'F', 2, 0.00, 0.10, 0.00, 0.15, 0.30),
(1475, 498, 1244, 'F', 10, 0.00, 0.14, 0.00, 0.30, 3.00),
(1476, 324, 1245, 'U', 1, 0.00, 0.10, 0.00, 0.15, 0.15),
(1477, 92, 1246, 'U', 1, 0.26, 1.58, 0.00, 2.63, 2.37),
(1478, 132, 1247, 'F', 2, 0.00, 0.46, 0.00, 0.50, 1.00),
(1479, 118, 1248, 'F', 2, 0.00, 0.00, 0.00, 0.10, 0.20),
(1480, 223, 1249, 'F', 2, 0.00, 0.28, 0.00, 0.30, 0.60),
(1481, 255, 1249, 'F', 1, 0.04, 0.33, 0.00, 0.39, 0.35),
(1482, 100, 1250, 'U', 1, 0.79, 6.50, 0.00, 7.89, 7.10),
(1483, 249, 1250, 'F', 1, 0.12, 0.49, 0.00, 1.21, 1.09),
(1484, 542, 1251, 'F', 1, 0.00, 0.17, 0.00, 0.30, 0.30),
(1485, 203, 1251, 'F', 1, 0.00, 0.43, 0.00, 0.40, 0.40),
(1486, 464, 1252, 'U', 1, 0.00, 1.00, 0.00, 1.50, 1.50),
(1487, 60, 1253, 'U', 1, 0.00, 1.48, 0.28, 1.85, 1.85),
(1488, 502, 1254, 'F', 30, 0.00, 0.03, 0.00, 0.10, 3.00),
(1489, 571, 1255, 'U', 1, 0.00, 0.90, 0.00, 1.50, 1.50),
(1490, 221, 1256, 'F', 2, 0.00, 0.07, 0.00, 0.12, 0.24),
(1491, 364, 1257, 'F', 1, 0.00, 0.42, 0.00, 0.60, 0.60),
(1492, 474, 1258, 'F', 2, 1.50, 1.10, 0.00, 1.50, 1.50),
(1493, 505, 1259, 'F', 1, 0.00, 0.55, 0.00, 0.75, 0.75),
(1494, 118, 1259, 'F', 3, 0.00, 0.00, 0.00, 0.10, 0.30),
(1495, 210, 1260, 'F', 3, 0.45, 0.81, 0.00, 1.00, 2.55),
(1496, 118, 1260, 'F', 6, 0.00, 0.00, 0.00, 0.10, 0.60),
(1497, 563, 1261, 'F', 1, 0.00, 0.64, 0.00, 1.00, 1.00),
(1498, 569, 1262, 'F', 2, 0.00, 0.10, 0.00, 0.20, 0.40),
(1499, 364, 1263, 'F', 1, 0.00, 0.42, 0.00, 0.60, 0.60),
(1500, 180, 1264, 'F', 1, 0.00, 0.26, 0.00, 0.30, 0.30),
(1501, 132, 1265, 'F', 2, 0.00, 0.46, 0.00, 0.50, 1.00),
(1502, 434, 1266, 'F', 5, 0.00, 0.28, 0.00, 1.00, 5.00),
(1503, 432, 1266, 'U', 1, 0.26, 1.55, 0.00, 3.75, 3.51),
(1504, 572, 1267, 'U', 3, 0.00, 0.15, 0.00, 0.25, 0.75),
(1505, 569, 1268, 'F', 3, 0.00, 0.10, 0.00, 0.20, 0.60),
(1506, 416, 1269, 'F', 3, 0.00, 0.52, 0.00, 0.80, 2.40),
(1507, 313, 1270, 'F', 5, 1.81, 0.86, 0.00, 1.45, 5.45),
(1508, 504, 1270, 'F', 12, 0.00, 0.08, 0.00, 0.15, 1.80),
(1509, 223, 1271, 'F', 1, 0.00, 0.28, 0.00, 0.30, 0.30),
(1510, 62, 1271, 'F', 2, 0.00, 0.53, 0.00, 0.50, 1.00),
(1511, 275, 1272, 'U', 1, 0.00, 0.50, 0.00, 0.74, 0.74),
(1512, 470, 1272, 'F', 2, 0.00, 0.25, 0.00, 0.50, 1.00),
(1513, 82, 1272, 'F', 1, 0.00, 0.20, 0.00, 0.40, 0.40),
(1514, 94, 1273, 'F', 1, 0.19, 1.00, 0.00, 1.25, 1.07),
(1515, 261, 1274, 'F', 1, 0.00, 0.89, 0.00, 0.90, 0.90),
(1516, 209, 1274, 'F', 1, 0.50, 2.64, 0.00, 2.50, 2.00),
(1517, 135, 1275, 'F', 2, 0.00, 0.50, 0.00, 0.50, 1.00),
(1518, 138, 1276, 'F', 2, 0.17, 0.72, 0.00, 0.85, 1.53),
(1519, 352, 1277, 'F', 1, 0.00, 0.79, 0.00, 1.00, 1.00),
(1520, 429, 1278, 'F', 2, 0.00, 0.41, 0.00, 0.55, 1.10),
(1521, 498, 1279, 'F', 3, 0.00, 0.14, 0.00, 0.30, 0.90),
(1522, 357, 1279, 'F', 3, 0.00, 0.31, 0.00, 0.50, 1.50),
(1523, 423, 1280, 'F', 3, 0.00, 0.44, 0.00, 0.60, 1.80),
(1524, 70, 1281, 'F', 5, 0.25, 0.23, 0.00, 0.25, 1.01),
(1525, 97, 1282, 'F', 10, 0.60, 0.60, 0.00, 0.60, 5.40),
(1526, 359, 1282, 'F', 5, 0.30, 0.43, 0.00, 0.60, 2.70),
(1527, 147, 1283, 'F', 5, 0.00, 0.05, 0.00, 0.10, 0.50),
(1528, 503, 1283, 'U', 1, 0.00, 0.17, 0.00, 0.30, 0.30),
(1529, 404, 1284, 'U', 1, 0.00, 1.00, 0.00, 1.50, 1.50),
(1530, 333, 1285, 'U', 1, 0.00, 2.40, 0.00, 3.00, 3.00),
(1531, 466, 1286, 'F', 10, 0.53, 0.23, 0.00, 0.35, 2.99),
(1532, 210, 1287, 'F', 3, 0.00, 0.81, 0.00, 1.00, 3.00),
(1533, 461, 1288, 'F', 3, 0.05, 0.20, 0.00, 0.35, 1.01),
(1534, 148, 1289, 'F', 7, 0.00, 0.19, 0.00, 0.40, 2.80),
(1535, 73, 1289, 'F', 10, 0.00, 0.10, 0.00, 0.10, 1.00),
(1536, 324, 1290, 'U', 1, 0.00, 0.10, 0.00, 0.15, 0.15),
(1537, 467, 1291, 'U', 1, 0.00, 1.51, 0.00, 3.00, 3.00),
(1538, 141, 1292, 'F', 1, 0.00, 0.55, 0.00, 0.60, 0.60),
(1539, 228, 1293, 'U', 1, 0.34, 4.00, 0.00, 6.89, 6.55),
(1540, 37, 1294, 'U', 1, 0.00, 4.15, 0.75, 5.00, 5.00),
(1541, 542, 1295, 'F', 2, 0.00, 0.17, 0.00, 0.30, 0.60),
(1542, 359, 1295, 'F', 2, 0.00, 0.43, 0.00, 0.60, 1.20),
(1543, 154, 1296, 'F', 4, 0.00, 0.20, 0.00, 0.20, 0.80),
(1544, 133, 1297, 'F', 10, 0.00, 0.03, 0.00, 0.05, 0.50),
(1545, 508, 1297, 'F', 2, 0.00, 0.39, 0.00, 0.50, 1.00),
(1546, 300, 1297, 'F', 3, 0.00, 0.28, 0.00, 0.35, 1.05),
(1547, 238, 1298, 'F', 3, 0.00, 0.67, 0.00, 0.80, 2.40),
(1548, 522, 1299, 'F', 1, 0.00, 0.43, 0.00, 0.60, 0.60),
(1549, 569, 1300, 'U', 1, 0.00, 9.57, 0.00, 17.00, 17.00),
(1550, 498, 1301, 'F', 10, 0.30, 0.14, 0.00, 0.30, 2.70),
(1551, 82, 1302, 'F', 2, 0.00, 0.20, 0.00, 0.40, 0.80),
(1552, 62, 1303, 'F', 2, 0.00, 0.53, 0.00, 0.50, 1.00),
(1553, 498, 1304, 'F', 3, 0.00, 0.14, 0.00, 0.30, 0.90),
(1554, 536, 1305, 'F', 3, 0.00, 0.24, 0.00, 0.40, 1.20),
(1555, 364, 1305, 'F', 2, 0.00, 0.42, 0.00, 0.60, 1.20),
(1556, 498, 1306, 'F', 10, 0.15, 0.14, 0.00, 0.30, 2.85),
(1557, 255, 1307, 'F', 2, 0.16, 0.33, 0.00, 0.39, 0.62),
(1558, 65, 1308, 'F', 2, 0.00, 0.33, 0.00, 0.40, 0.80),
(1559, 133, 1309, 'F', 2, 0.00, 0.03, 0.00, 0.05, 0.10),
(1560, 297, 1310, 'F', 6, 0.00, 0.28, 0.00, 0.40, 2.40),
(1561, 141, 1311, 'F', 1, 0.00, 0.55, 0.00, 0.60, 0.60),
(1562, 221, 1311, 'F', 1, 0.00, 0.07, 0.00, 0.12, 0.12),
(1563, 247, 1312, 'F', 1, 0.00, 0.52, 0.00, 0.70, 0.70),
(1564, 249, 1313, 'F', 1, 0.00, 0.49, 0.00, 1.21, 1.21),
(1565, 345, 1314, 'F', 2, 0.00, 0.49, 0.00, 0.60, 1.20),
(1566, 148, 1315, 'F', 1, 0.00, 0.19, 0.00, 0.40, 0.40),
(1567, 467, 1316, 'U', 1, 0.00, 1.51, 0.00, 3.00, 3.00),
(1568, 142, 1317, 'F', 2, 0.00, 0.20, 0.00, 0.30, 0.60),
(1569, 131, 1317, 'F', 2, 0.00, 0.90, 0.00, 1.25, 2.50),
(1570, 569, 1318, 'F', 1, 0.00, 0.10, 0.00, 0.20, 0.20),
(1571, 207, 1319, 'F', 1, 0.00, 0.08, 0.00, 0.90, 0.90),
(1572, 313, 1320, 'F', 1, 0.00, 0.86, 0.00, 1.45, 1.45),
(1573, 342, 1321, 'F', 4, 0.18, 0.23, 0.00, 0.30, 1.02),
(1574, 434, 1322, 'F', 2, 0.00, 0.28, 0.00, 1.00, 2.00),
(1575, 221, 1323, 'U', 1, 0.00, 0.71, 0.00, 1.30, 1.30),
(1576, 470, 1323, 'F', 2, 0.00, 0.25, 0.00, 0.50, 1.00),
(1577, 553, 1324, 'F', 1, 0.00, 0.08, 0.00, 0.25, 0.25),
(1578, 141, 1324, 'F', 4, 0.00, 0.55, 0.00, 0.60, 2.40),
(1579, 390, 1324, 'F', 5, 0.00, 0.98, 0.00, 2.00, 10.00),
(1580, 131, 1324, 'F', 1, 0.00, 0.90, 0.00, 1.25, 1.25),
(1581, 62, 1325, 'F', 1, 0.00, 0.53, 0.00, 0.50, 0.50),
(1582, 470, 1325, 'F', 3, 0.00, 0.25, 0.00, 0.50, 1.50),
(1583, 210, 1326, 'F', 2, 0.00, 0.81, 0.00, 1.00, 2.00),
(1584, 384, 1327, 'F', 3, 0.00, 0.32, 0.00, 0.40, 1.20),
(1585, 133, 1327, 'F', 20, 0.00, 0.03, 0.00, 0.05, 1.00),
(1586, 64, 1327, 'F', 1, 0.00, 0.60, 0.00, 0.60, 0.60),
(1587, 216, 1328, 'F', 1, 0.00, 0.45, 0.00, 0.50, 0.50),
(1588, 131, 1329, 'F', 1, 0.00, 0.90, 0.00, 1.25, 1.25),
(1589, 502, 1330, 'F', 5, 0.00, 0.03, 0.00, 0.10, 0.50),
(1590, 502, 1331, 'F', 2, 0.00, 0.03, 0.00, 0.10, 0.20),
(1591, 324, 1332, 'U', 1, 0.00, 0.10, 0.00, 0.15, 0.15),
(1592, 309, 1332, 'U', 1, 0.00, 0.05, 0.01, 0.10, 0.10),
(1593, 46, 1333, 'U', 1, 0.00, 1.41, 0.27, 1.80, 1.80),
(1594, 389, 1333, 'U', 1, 0.00, 1.75, 0.45, 3.00, 3.00),
(1595, 36, 1333, 'U', 1, 0.00, 0.85, 0.17, 1.15, 1.15),
(1596, 30, 1333, 'U', 1, 0.00, 0.43, 0.13, 0.85, 0.85),
(1597, 428, 1333, 'F', 2, 0.00, 0.71, 0.00, 0.85, 1.70),
(1598, 575, 1333, 'F', 10, 0.00, 0.07, 0.00, 0.10, 1.00),
(1599, 147, 1334, 'F', 10, 0.00, 0.05, 0.00, 0.10, 1.00),
(1600, 514, 1335, 'F', 3, 0.00, 0.91, 0.00, 1.25, 3.75),
(1601, 563, 1335, 'F', 4, 0.00, 0.64, 0.00, 1.00, 4.00),
(1602, 131, 1336, 'F', 2, 0.00, 0.90, 0.00, 1.25, 2.50),
(1603, 434, 1337, 'F', 3, 0.00, 0.28, 0.00, 1.00, 3.00),
(1604, 147, 1337, 'F', 5, 0.00, 0.05, 0.00, 0.10, 0.50),
(1605, 271, 1337, 'U', 1, 0.00, 0.00, 0.00, 5.00, 5.00),
(1606, 133, 1338, 'F', 10, 0.00, 0.03, 0.00, 0.05, 0.50),
(1607, 316, 1339, 'U', 1, 0.00, 0.72, 0.18, 1.20, 1.20),
(1608, 180, 1340, 'F', 1, 0.00, 0.26, 0.00, 0.30, 0.30),
(1609, 497, 1341, 'U', 1, 0.00, 1.60, 0.00, 3.00, 3.00),
(1610, 361, 1342, 'F', 1, 0.00, 0.38, 0.00, 0.50, 0.50),
(1611, 142, 1342, 'F', 3, 0.00, 0.20, 0.00, 0.30, 0.90),
(1612, 434, 1343, 'F', 3, 0.00, 0.28, 0.00, 1.00, 3.00),
(1613, 174, 1344, 'F', 1, 0.36, 2.05, 0.00, 2.40, 2.04),
(1614, 490, 1345, 'U', 1, 1.30, 9.10, 0.00, 13.00, 11.70),
(1615, 542, 1346, 'F', 3, 0.00, 0.17, 0.00, 0.30, 0.90),
(1616, 364, 1347, 'F', 3, 0.00, 0.42, 0.00, 0.60, 1.80),
(1617, 428, 1347, 'F', 2, 0.00, 0.71, 0.00, 0.85, 1.70),
(1618, 80, 1347, 'F', 2, 0.00, 0.50, 0.00, 0.60, 1.20),
(1619, 430, 1348, 'F', 2, 0.40, 0.31, 0.00, 1.00, 1.60),
(1620, 324, 1349, 'U', 1, 0.00, 0.10, 0.00, 0.15, 0.15),
(1621, 309, 1349, 'U', 1, 0.00, 0.05, 0.01, 0.10, 0.10),
(1622, 131, 1350, 'F', 2, 0.00, 0.90, 0.00, 1.25, 2.50),
(1623, 142, 1350, 'F', 3, 0.00, 0.20, 0.00, 0.30, 0.90),
(1624, 214, 1351, 'U', 1, 0.00, 2.00, 0.00, 3.00, 3.00),
(1625, 64, 1352, 'F', 2, 0.00, 0.60, 0.00, 0.60, 1.20),
(1626, 426, 1353, 'F', 10, 0.00, 0.13, 0.00, 0.20, 2.00),
(1627, 221, 1353, 'F', 3, 0.00, 0.07, 0.00, 0.12, 0.36),
(1628, 62, 1354, 'F', 1, 0.00, 0.53, 0.00, 0.50, 0.50),
(1629, 254, 1354, 'F', 2, 0.00, 0.40, 0.00, 0.50, 1.00),
(1630, 133, 1355, 'F', 10, 0.00, 0.03, 0.00, 0.05, 0.50),
(1631, 284, 1355, 'F', 4, 0.00, 0.60, 0.00, 0.65, 2.60),
(1632, 62, 1355, 'F', 2, 0.00, 0.53, 0.00, 0.50, 1.00),
(1633, 130, 1355, 'U', 1, 0.00, 3.69, 0.00, 4.50, 4.50),
(1634, 502, 1356, 'F', 4, 0.00, 0.03, 0.00, 0.10, 0.40),
(1635, 129, 1357, 'U', 1, 0.00, 2.46, 0.00, 3.00, 3.00),
(1636, 382, 1358, 'F', 4, 0.00, 0.13, 0.00, 0.25, 1.00),
(1637, 118, 1359, 'F', 3, 0.00, 0.00, 0.00, 0.10, 0.30),
(1638, 81, 1360, 'F', 9, 0.00, 0.14, 0.00, 0.20, 1.80),
(1639, 154, 1360, 'F', 9, 0.00, 0.20, 0.00, 0.20, 1.80),
(1640, 118, 1361, 'F', 1, 0.00, 0.00, 0.00, 0.10, 0.10),
(1641, 324, 1362, 'U', 1, 0.00, 0.10, 0.00, 0.15, 0.15),
(1642, 309, 1362, 'U', 1, 0.00, 0.05, 0.01, 0.10, 0.10),
(1643, 118, 1362, 'F', 2, 0.00, 0.00, 0.00, 0.10, 0.20),
(1644, 545, 1363, 'U', 1, 0.00, 1.99, 0.00, 2.99, 2.99),
(1645, 255, 1364, 'F', 4, 0.00, 0.33, 0.00, 0.30, 1.20),
(1646, 78, 1365, 'F', 10, 0.80, 0.27, 0.00, 0.40, 3.20),
(1647, 139, 1366, 'F', 1, 0.38, 2.71, 0.00, 2.50, 2.13),
(1648, 50, 1367, 'U', 1, 0.00, 0.66, 0.00, 1.00, 1.00),
(1649, 527, 1367, 'F', 10, 0.25, 0.12, 0.00, 0.25, 2.25),
(1650, 38, 1368, 'U', 1, 0.50, 4.15, 0.75, 5.00, 4.50),
(1651, 405, 1369, 'U', 1, 0.00, 1.00, 0.00, 1.50, 1.50),
(1652, 24, 1370, 'U', 1, 0.90, 1.40, 0.27, 1.80, 0.90),
(1653, 136, 1371, 'F', 4, 0.26, 0.50, 0.00, 0.65, 2.34),
(1654, 423, 1371, 'F', 4, 0.00, 0.44, 0.00, 0.60, 2.40),
(1655, 569, 1372, 'F', 4, 0.00, 0.10, 0.00, 0.20, 0.80),
(1656, 115, 1373, 'F', 2, 0.00, 0.05, 0.00, 0.10, 0.20),
(1657, 302, 1374, 'F', 1, 0.00, 0.34, 0.00, 0.60, 0.60),
(1658, 64, 1374, 'F', 1, 0.00, 0.60, 0.00, 0.60, 0.60),
(1659, 118, 1375, 'F', 2, 0.00, 0.00, 0.00, 0.10, 0.20),
(1660, 577, 1375, 'F', 8, 0.00, 0.07, 0.00, 0.10, 0.80),
(1661, 425, 1376, 'U', 1, 0.00, 3.77, 0.00, 5.00, 5.00),
(1662, 221, 1377, 'U', 1, 0.13, 0.71, 0.00, 1.30, 1.17),
(1663, 585, 1378, 'F', 2, 0.00, 0.26, 0.00, 0.50, 1.00),
(1664, 434, 1378, 'F', 2, 0.00, 0.28, 0.00, 1.00, 2.00),
(1665, 439, 1379, 'F', 1, 0.00, 0.29, 0.00, 0.50, 0.50),
(1666, 308, 1380, 'F', 2, 0.08, 0.78, 0.00, 0.80, 1.52),
(1667, 138, 1381, 'F', 2, 0.09, 0.72, 0.00, 0.85, 1.62),
(1668, 251, 1381, 'F', 1, 0.00, 0.70, 0.00, 1.00, 1.00),
(1669, 344, 1381, 'U', 1, 0.00, 0.00, 0.00, 0.10, 0.10),
(1670, 439, 1381, 'F', 1, 0.00, 0.29, 0.00, 0.50, 0.50),
(1671, 109, 1382, 'F', 10, 1.00, 0.75, 0.00, 0.50, 4.00),
(1672, 61, 1383, 'F', 3, 0.00, 0.24, 0.00, 0.25, 0.75),
(1673, 82, 1383, 'F', 2, 0.00, 0.20, 0.00, 0.40, 0.80),
(1674, 364, 1384, 'F', 5, 0.00, 0.42, 0.00, 0.60, 3.00),
(1675, 404, 1385, 'U', 1, 0.00, 1.00, 0.00, 1.50, 1.50),
(1676, 470, 1386, 'F', 1, 0.00, 0.25, 0.00, 0.50, 0.50),
(1677, 587, 1387, 'F', 2, 0.18, 0.39, 0.00, 0.60, 1.02),
(1678, 97, 1388, 'F', 3, 0.00, 0.60, 0.00, 0.65, 1.95),
(1679, 221, 1389, 'F', 3, 0.00, 0.07, 0.00, 0.12, 0.36),
(1680, 439, 1390, 'F', 2, 0.00, 0.29, 0.00, 0.50, 1.00),
(1681, 118, 1390, 'F', 2, 0.00, 0.00, 0.00, 0.10, 0.20),
(1682, 137, 1391, 'F', 1, 0.00, 0.37, 0.00, 0.44, 0.44),
(1683, 578, 1392, 'F', 1, 0.00, 0.25, 0.00, 0.35, 0.35),
(1684, 553, 1392, 'F', 1, 0.00, 0.08, 0.00, 0.25, 0.25),
(1685, 62, 1392, 'F', 1, 0.00, 0.53, 0.00, 0.50, 0.50),
(1686, 81, 1392, 'F', 4, 0.00, 0.14, 0.00, 0.20, 0.80),
(1687, 588, 1392, 'F', 8, 0.00, 0.27, 0.00, 0.40, 3.20),
(1688, 359, 1393, 'F', 2, 0.00, 0.43, 0.00, 0.60, 1.20),
(1689, 116, 1393, 'F', 3, 0.00, 0.10, 0.00, 0.15, 0.45),
(1690, 563, 1394, 'F', 2, 0.00, 0.64, 0.00, 1.00, 2.00),
(1691, 524, 1395, 'F', 1, 0.00, 5.32, 0.00, 8.45, 8.45),
(1692, 434, 1395, 'F', 1, 0.00, 0.28, 0.00, 1.00, 1.00),
(1693, 577, 1396, 'F', 5, 0.00, 0.07, 0.00, 0.10, 0.50),
(1694, 576, 1396, 'F', 5, 0.00, 0.07, 0.00, 0.10, 0.50),
(1695, 434, 1397, 'F', 20, 0.00, 0.28, 0.00, 1.00, 20.00),
(1696, 504, 1397, 'F', 20, 0.00, 0.08, 0.00, 0.15, 3.00),
(1697, 332, 1397, 'U', 1, 0.00, 2.48, 0.00, 3.10, 3.10),
(1698, 275, 1397, 'U', 3, 0.00, 0.50, 0.00, 0.74, 2.22),
(1699, 33, 1397, 'U', 1, 0.00, 0.81, 0.15, 1.00, 1.00),
(1700, 331, 1397, 'U', 2, 0.00, 0.55, 0.00, 0.80, 1.60),
(1701, 485, 1397, 'F', 2, 0.00, 4.53, 0.00, 6.50, 13.00),
(1703, 191, 1398, 'U', 1, 0.00, 0.78, 0.00, 1.00, 1.00),
(1704, 64, 1398, 'F', 2, 0.00, 0.60, 0.00, 0.60, 1.20),
(1705, 440, 1399, 'U', 1, 0.00, 0.85, 0.15, 1.00, 1.00),
(1706, 542, 1400, 'F', 2, 0.00, 0.17, 0.00, 0.30, 0.60),
(1707, 552, 1401, 'F', 4, 0.00, 0.10, 0.00, 0.20, 0.80),
(1708, 116, 1401, 'F', 1, 0.00, 0.10, 0.00, 0.15, 0.15),
(1709, 481, 1402, 'U', 1, 0.76, 5.07, 0.00, 7.61, 6.85),
(1710, 442, 1403, 'U', 1, 0.00, 6.06, 0.00, 8.48, 8.48),
(1711, 142, 1404, 'F', 3, 0.00, 0.20, 0.00, 0.30, 0.90),
(1712, 201, 1405, 'F', 1, 0.00, 0.50, 0.00, 0.50, 0.50),
(1713, 138, 1406, 'F', 4, 0.00, 0.72, 0.00, 0.85, 3.40),
(1714, 62, 1407, 'F', 3, 0.00, 0.53, 0.00, 0.50, 1.50),
(1715, 581, 1408, 'U', 1, 0.00, 1.13, 0.00, 2.55, 2.55),
(1716, 570, 1408, 'U', 1, 0.00, 0.87, 0.00, 1.25, 1.25),
(1717, 341, 1409, 'U', 1, 0.80, 6.52, 0.00, 7.95, 7.16),
(1718, 329, 1409, 'U', 1, 0.43, 6.20, 0.00, 8.50, 8.08),
(1719, 511, 1410, 'U', 1, 0.00, 4.40, 0.00, 5.28, 5.28),
(1720, 569, 1411, 'F', 1, 0.00, 0.10, 0.00, 0.20, 0.20),
(1721, 82, 1412, 'F', 2, 0.00, 0.20, 0.00, 0.40, 0.80),
(1722, 470, 1412, 'F', 2, 0.00, 0.25, 0.00, 0.50, 1.00),
(1723, 421, 1412, 'F', 1, 0.00, 0.30, 0.00, 0.40, 0.40),
(1724, 535, 1413, 'U', 1, 0.00, 1.72, 0.00, 2.17, 2.17),
(1725, 434, 1414, 'F', 3, 0.00, 0.28, 0.00, 1.00, 3.00),
(1726, 300, 1414, 'F', 3, 0.00, 0.28, 0.00, 0.35, 1.05),
(1727, 69, 1415, 'F', 2, 0.00, 0.57, 0.00, 0.40, 0.80),
(1728, 466, 1416, 'F', 6, 0.00, 0.23, 0.00, 0.35, 2.10),
(1729, 203, 1417, 'F', 3, 0.00, 0.43, 0.00, 0.40, 1.20),
(1730, 572, 1418, 'U', 1, 0.00, 0.15, 0.00, 0.25, 0.25),
(1731, 569, 1419, 'F', 1, 0.00, 0.10, 0.00, 0.20, 0.20),
(1732, 155, 1420, 'F', 1, 0.00, 0.42, 0.00, 0.90, 0.90);

-- --------------------------------------------------------

--
-- Estructura de tabla para la tabla `grupo_cuerpo`
--

CREATE TABLE `grupo_cuerpo` (
  `id_grupo` int NOT NULL,
  `nombre` varchar(255) COLLATE utf8mb4_general_ci NOT NULL,
  `detalle` text COLLATE utf8mb4_general_ci NOT NULL
) ENGINE=InnoDB DEFAULT CHARSET=utf8mb4 COLLATE=utf8mb4_general_ci;

-- --------------------------------------------------------

--
-- Estructura de tabla para la tabla `laboratorios`
--

CREATE TABLE `laboratorios` (
  `id` int NOT NULL,
  `laboratorio` varchar(100) COLLATE utf8mb4_general_ci NOT NULL,
  `direccion` varchar(50) COLLATE utf8mb4_general_ci NOT NULL
) ENGINE=InnoDB DEFAULT CHARSET=utf8mb4 COLLATE=utf8mb4_general_ci;

--
-- Volcado de datos para la tabla `laboratorios`
--

INSERT INTO `laboratorios` (`id`, `laboratorio`, `direccion`) VALUES
(1, 'Bag칩', 'Quito'),
(2, 'Nifa', 'Quito'),
(4, 'Hetero', 'Quito'),
(5, 'Lamosan', 'Quito'),
(6, 'Unipharm', 'Suiza'),
(7, 'Farmalaya', 'Duran - Ecuador'),
(8, 'Farmabrand', 'Quito - Ecuador'),
(9, 'Acromax', 'Guayaquil - Ecuador'),
(10, 'La Sant칠', 'Bogot치 - Colombia'),
(11, 'Genfar', 'Cali - Colombia'),
(12, 'ECU', 'Ecuador'),
(13, 'Aurochem', 'Duran - Ecuador'),
(14, 'Menarini', 'Florencia - Italia'),
(15, 'Siegfrid', 'Guayaquil - Ecuador'),
(16, 'Bjamer', 'Guayaquil - Ecuador'),
(17, 'Marcopharma', 'Quito - Ecuador'),
(18, 'Pfizer', 'Espa침a'),
(19, 'Novartis', 'EE.UU'),
(20, 'Abbott', 'Ecuador'),
(21, 'Otros', 'Ecuador'),
(22, 'Tecnofarma', 'Paraguay'),
(23, 'Caplin Point', 'Ecuador'),
(24, 'Megalabs', 'Uruguay'),
(25, 'Bayer', 'Ecuador'),
(26, 'JB', 'Ecuador'),
(27, 'MK', 'Colombia'),
(28, 'Portugal', 'Portugal'),
(29, 'Grunenthal', 'Grunenthal'),
(30, 'Labovida', 'Lavovida'),
(31, 'Rocnarf', 'Rocnarf'),
(32, 'Tecnopharma', 'Tecnopharma'),
(33, 'Siegfried', 'Siegfried'),
(34, 'Merck', 'Merck'),
(35, 'Farbio Pharma', 'Farbio Pharma'),
(36, 'Farma Brand', 'Farma Brand'),
(37, 'Medigener', 'Medigener'),
(38, 'Sanofi', 'Sanofi'),
(39, 'FPC Farmayala', '0000000');

-- --------------------------------------------------------

--
-- Estructura de tabla para la tabla `permisos`
--

CREATE TABLE `permisos` (
  `id` int NOT NULL,
  `nombre` varchar(30) COLLATE utf8mb4_general_ci NOT NULL,
  `nombre_op` varchar(200) COLLATE utf8mb4_general_ci NOT NULL,
  `archivo` varchar(100) COLLATE utf8mb4_general_ci NOT NULL,
  `logo_opcion` varchar(100) COLLATE utf8mb4_general_ci NOT NULL
) ENGINE=InnoDB DEFAULT CHARSET=utf8mb4 COLLATE=utf8mb4_general_ci;

--
-- Volcado de datos para la tabla `permisos`
--

INSERT INTO `permisos` (`id`, `nombre`, `nombre_op`, `archivo`, `logo_opcion`) VALUES
(1, 'configuraci칩n', 'Configuraci칩n', 'config', 'fas fa-cogs mr-2 fa-2x'),
(2, 'usuarios', 'Usuarios', 'usuarios', 'fas fa-user mr-2 fa-2x'),
(3, 'clientes', 'Clientes', 'clientes', 'fas fa-users mr-2 fa-2x'),
(4, 'productos', 'Productos', 'productos', 'fas fa-cubes mr-2 fa-2x'),
(5, 'ventas', 'Historial Ventas', 'lista_ventas', 'fas fa-cash-register mr-2 fa-2x'),
(6, 'nueva_venta', 'Nueva Venta', 'ventas', 'fas fa-cash-register mr-2 fa-2x'),
(7, 'tipos', 'Tipos', 'tipo', 'fas fa-tags mr-2 fa-2x'),
(8, 'presentacion', 'Presentaciones', 'presentacion', 'fas fa-list mr-2 fa-2x'),
(9, 'laboratorios', 'Laboratorios', 'laboratorio', 'fas fa-hospital mr-2 fa-2x'),
(10, 'Reportes', 'Reportes', 'report', 'fas fa-file-archive mr-2 fa-2x'),
(11, 'detalle_utilidad', 'Detalle Utilidad', 'detalle_utilidad', 'fas fa-dollar-sign mr-2 fa-2x'),
(12, 'grupo_c', 'Grupo Corporal', 'grupo_c', 'fas fa-dice-d6 mr-2 fa-2x'),
(13, 'uti_ventas', 'Utilitario Ventas', 'u_ventas', 'fas fa-cash-register mr-2 fa-2x');

-- --------------------------------------------------------

--
-- Estructura de tabla para la tabla `presentacion`
--

CREATE TABLE `presentacion` (
  `id` int NOT NULL,
  `nombre` varchar(100) COLLATE utf8mb4_general_ci NOT NULL,
  `nombre_corto` varchar(10) COLLATE utf8mb4_general_ci NOT NULL
) ENGINE=InnoDB DEFAULT CHARSET=utf8mb4 COLLATE=utf8mb4_general_ci;

--
-- Volcado de datos para la tabla `presentacion`
--

INSERT INTO `presentacion` (`id`, `nombre`, `nombre_corto`) VALUES
(4, 'Caja', 'Caja'),
(5, 'gotero', 'gotero'),
(7, 'frasco', 'frasco'),
(9, 'botella farmaceutica', 'botella'),
(10, 'viales', 'viales'),
(11, 'stick paks', 'stick'),
(12, 'ampollas', 'ampollas'),
(13, 'tubos', 'tubos'),
(14, 'sobres', 'sobre'),
(15, 'Otros', 'Otros'),
(16, 'Paquete', 'Paquete'),
(17, 'Botella', 'Botella');

-- --------------------------------------------------------

--
-- Estructura de tabla para la tabla `producto`
--

CREATE TABLE `producto` (
  `codproducto` int NOT NULL,
  `codigo` varchar(20) COLLATE utf8mb3_spanish_ci NOT NULL,
  `descripcion` varchar(200) COLLATE utf8mb3_spanish_ci NOT NULL,
  `precio` decimal(10,2) NOT NULL,
  `precioIVA` decimal(10,2) NOT NULL,
  `precioPVP` decimal(10,2) NOT NULL,
  `precioFr` decimal(10,2) NOT NULL,
  `precioFr_o` decimal(10,2) NOT NULL,
  `precioFr_c` decimal(10,2) NOT NULL,
  `existencia` int NOT NULL,
  `existencia_fr` int NOT NULL,
  `fraccion` int NOT NULL,
  `id_lab` int NOT NULL,
  `id_presentacion` int NOT NULL,
  `id_tipo` int NOT NULL,
  `id_grupo` varchar(255) COLLATE utf8mb3_spanish_ci NOT NULL,
  `vencimiento` varchar(20) COLLATE utf8mb3_spanish_ci NOT NULL,
  `iva` decimal(10,2) NOT NULL,
  `info_prod` mediumtext COLLATE utf8mb3_spanish_ci NOT NULL
) ENGINE=InnoDB DEFAULT CHARSET=utf8mb3 COLLATE=utf8mb3_spanish_ci;

--
-- Volcado de datos para la tabla `producto`
--

INSERT INTO `producto` (`codproducto`, `codigo`, `descripcion`, `precio`, `precioIVA`, `precioPVP`, `precioFr`, `precioFr_o`, `precioFr_c`, `existencia`, `existencia_fr`, `fraccion`, `id_lab`, `id_presentacion`, `id_tipo`, `id_grupo`, `vencimiento`, `iva`, `info_prod`) VALUES
(22, '7702027040252', 'Toallas higi칠nicas Nosotras Buenas Noches X10', 2.30, 0.42, 2.80, 0.00, 0.00, 0.00, 3, 0, 0, 21, 16, 5, '*', '2027-11-01', 0.15, ''),
(23, '8710692120604', 'Algod칩n Tippys 100gr', 2.42, 0.45, 3.00, 0.00, 0.00, 0.00, 2, 0, 0, 21, 15, 5, '*', '2026-09-01', 0.15, ''),
(24, '7702031132844', 'Aceite Jhonsons Baby 50ml', 1.40, 0.27, 1.80, 0.00, 0.00, 0.00, 1, 0, 0, 21, 15, 5, '*', '0026-09-01', 0.15, ''),
(25, '7500435157476', 'Afeitadora Gillette para mujer 1u', 0.36, 0.15, 1.00, 0.00, 0.00, 0.00, 5, 0, 0, 21, 15, 5, '*', '2026-06-01', 0.15, ''),
(26, '7501037608946', 'Afeitadora Schick Exacta x1', 0.61, 0.12, 0.80, 0.00, 0.00, 0.00, 2, 0, 0, 21, 15, 5, '*', '2026-06-01', 0.15, ''),
(28, '7862136440104', 'Agua micelar LUANA 400ml', 1.86, 0.38, 2.50, 0.00, 0.00, 0.00, 2, 0, 0, 21, 9, 22, '*', '2025-07-17', 0.15, ''),
(29, '7862136440456', 'Agua de rosas LUANA 250ml', 1.25, 0.23, 1.50, 0.00, 0.00, 0.00, 1, 0, 0, 21, 9, 22, '*', '2027-01-08', 0.15, ''),
(30, '840101676953', 'Cotonetes Senyang 100u', 0.43, 0.13, 0.85, 0.00, 0.00, 0.00, 5, 0, 0, 21, 15, 5, '*', '2025-01-01', 0.15, ''),
(31, '7861003201213', 'Crema dental para ni침os Blendy 34gr', 0.87, 0.17, 1.10, 0.00, 0.00, 0.00, 0, 0, 0, 21, 13, 5, '*', '2027-06-01', 0.15, ''),
(32, '7509546685182', 'Crema dental Colgate Triple Acci칩n', 1.02, 0.19, 1.25, 0.00, 0.00, 0.00, 1, 0, 0, 21, 13, 5, '*', '2026-08-01', 0.15, ''),
(33, '7861003200681', 'Crema dental Blendax 82gr', 0.81, 0.15, 1.00, 0.00, 0.00, 0.00, 4, 0, 0, 21, 13, 19, '*', '2027-11-01', 0.15, ''),
(34, '4005800137655', 'Crema Nivea 30ml', 1.93, 0.38, 2.50, 0.00, 0.00, 0.00, 2, 0, 0, 21, 15, 19, '*', '2025-02-01', 0.15, ''),
(35, '7702010470486', 'Desodorante Lady Speed Stick tubo 30gt', 0.85, 0.15, 1.00, 0.00, 0.00, 0.00, 3, 0, 0, 21, 13, 5, '*', '2026-10-01', 0.15, ''),
(36, '7702010470479', 'Desodorante Speed Stick Clinical Complete tubo 30gr', 0.85, 0.17, 1.15, 0.00, 0.00, 0.00, 0, 0, 0, 21, 13, 5, '*', '2026-08-01', 0.15, ''),
(37, '7509546076461', 'Desodorante Speed Stick Extreme Ultra azul 150ml', 4.15, 0.75, 5.00, 0.00, 0.00, 0.00, 0, 0, 0, 21, 15, 5, '*', '2025-09-01', 0.15, ''),
(38, '7509546078045', 'Desodorante Lady Speed Stick Extreme Pro5  rosa 150ml', 4.15, 0.75, 5.00, 0.00, 0.00, 0.00, 2, 0, 0, 21, 15, 26, '*', '2026-01-01', 0.15, ''),
(39, '7861223813012', 'Enjuage bucal Menta sin alcohol Gama 250ml', 0.80, 0.23, 1.50, 0.00, 0.00, 0.00, 1, 0, 0, 21, 9, 22, '*', '2026-12-05', 0.15, ''),
(40, '7861001301496', 'Gel for men Ego control ca칤da 190ml', 1.63, 0.30, 2.00, 0.00, 0.00, 0.00, 1, 0, 0, 21, 15, 5, '*', '2026-01-01', 0.15, ''),
(41, '7861076260049', 'Gel for men Forza 90gr', 0.74, 0.15, 1.00, 0.00, 0.00, 0.00, 3, 0, 0, 21, 15, 5, '*', '2026-01-01', 0.15, ''),
(42, '7891024183083', 'Hilo dental Colgate Menta 25mt', 2.58, 0.53, 3.50, 0.00, 0.00, 0.00, 5, 0, 0, 21, 15, 5, '*', '2026-01-01', 0.15, ''),
(43, '7702027436987', 'Jab칩n 칤ntimo Nosotras Herbal Sachet 18ml', 0.37, 0.08, 0.50, 0.00, 0.00, 0.00, 6, 0, 0, 21, 15, 5, '*', '2025-05-01', 0.15, ''),
(44, '7861042595144', 'Jab칩n 칤ntimo femenino JOIA 250 ml', 1.31, 0.23, 1.50, 0.00, 0.00, 0.00, 1, 0, 0, 21, 17, 22, '*', '2025-10-15', 0.15, ''),
(45, '7861048601931', 'Jab칩n Jolly  de tocador Manzanilla pck x3', 1.41, 0.27, 1.80, 0.00, 0.00, 0.00, 3, 0, 0, 21, 15, 5, '*', '2026-12-17', 0.15, ''),
(46, '7861048601962', 'Jab칩n Jolly  de tocador Floral pck x3', 1.41, 0.27, 1.80, 0.00, 0.00, 0.00, 2, 0, 0, 21, 15, 5, '*', '2026-12-16', 0.15, ''),
(47, '7702010920660', 'Jab칩n Protex de tocador Herbal pack x3', 2.73, 0.49, 3.25, 0.00, 0.00, 0.00, 3, 0, 0, 21, 15, 5, '*', '2026-11-01', 0.15, ''),
(48, '7702010920820', 'Jab칩n Protex de tocador Limpieza profunda pack x3', 2.73, 0.49, 3.25, 0.00, 0.00, 0.00, 2, 0, 0, 21, 15, 5, '*', '2025-11-01', 0.15, ''),
(49, '7709643563851', 'Jab칩n l칤quido Fresquitos de frutos rojos 1L', 2.21, 0.45, 3.00, 0.00, 0.00, 0.00, 2, 0, 0, 21, 15, 5, '*', '2026-06-06', 0.15, ''),
(50, '7862119731571', 'Pa침itos h칰medos MIMOSITOS 120u', 0.66, 0.00, 1.00, 0.00, 0.00, 0.00, 9, 0, 0, 21, 15, 5, '*', '2026-04-27', 0.15, ''),
(51, '7861042595502', 'Shampu Fresquitos para ni침o de manzanilla 500ml', 1.71, 0.30, 2.00, 0.00, 0.00, 0.00, 3, 0, 0, 21, 15, 5, '*', '2027-01-06', 0.15, 'Shampu de manzanilla para ni침os.'),
(52, '650240015670', 'Shampo Tio Nacho Antica칤da 415 ml', 8.61, 1.65, 11.00, 0.00, 0.00, 0.00, 3, 0, 0, 21, 17, 5, '*', '2026-01-02', 0.15, ''),
(53, '650240057533', 'Shampu sachet Tio Nacho Antica칤da 18ml', 0.21, 0.05, 0.30, 0.00, 0.00, 0.00, 9, 0, 0, 21, 15, 5, '*', '2026-06-01', 0.15, ''),
(54, '7500435128131', 'Shampu H&S sachet Suave y Manejable 15ml', 0.28, 0.05, 0.35, 0.00, 0.00, 0.00, 12, 0, 0, 21, 14, 22, '*', '2026-01-01', 0.15, ''),
(55, '7500435128124', 'Shampu H&S sachet Limpieza Renovadora 15ml', 0.28, 0.05, 0.35, 0.00, 0.00, 0.00, 6, 0, 0, 21, 14, 22, '*', '2026-01-01', 0.15, ''),
(56, '7506339319033', 'Shampu PANTENE 2en1 sachet 18 ml', 0.24, 0.05, 0.30, 0.00, 0.00, 0.00, 12, 0, 0, 21, 14, 22, '*', '2026-01-01', 0.15, ''),
(57, '7500435019828', 'Shampo H&S Suave y manejable 375ml', 7.15, 1.35, 9.00, 0.00, 0.00, 0.00, 2, 0, 0, 21, 17, 22, '*', '2027-06-01', 0.15, ''),
(58, '7861001850147', 'Shampu de manzanilla Para mi Beb칠 200ml', 3.01, 0.53, 3.50, 0.00, 0.00, 0.00, 4, 0, 0, 21, 17, 22, '*', '2027-12-01', 0.15, ''),
(59, '7702006301459', 'Talco Rexona efficient 48h de 85gr', 2.31, 0.42, 2.80, 0.00, 0.00, 0.00, 2, 0, 0, 21, 7, 7, '*', '2027-09-09', 0.15, ''),
(60, '7861079401289', 'Talco mic칬z antihongos45gr', 1.48, 0.28, 1.85, 0.00, 0.00, 0.00, 5, 0, 0, 21, 7, 7, '*', '2027-11-01', 0.15, ''),
(61, '74410187', 'Sal Andrews x 50 sobre', 11.75, 0.00, 13.00, 0.25, 0.26, 0.24, 1, 26, 50, 21, 4, 7, '*', '2026-04-01', 0.00, ''),
(62, '7862103553622', 'LemonFlu x 40 sobres', 21.00, 0.00, 24.00, 0.50, 0.60, 0.53, 2, 38, 40, 21, 4, 7, '*', '2026-06-01', 0.00, ''),
(64, '7861150303327', 'Flukit x20', 12.00, 0.00, 14.40, 0.60, 0.72, 0.60, 1, 7, 20, 21, 4, 7, '*', '2027-10-01', 0.00, ''),
(65, '7862119360313', 'Femen Forte 400mg x50', 16.30, 0.00, 18.50, 0.40, 0.37, 0.33, 1, 27, 50, 21, 4, 10, '*', '2027-07-01', 0.00, 'Dosificaci칩n y administraci칩n: La dosis recomendada de ibuprofeno para aliviar el dolor menstrual 1200 a 1600 mg m치ximo por d칤a. En dismenorrea primaria: una o dos c치psulas de 200 mg de FEMEN춽 cada 6-8 horas. Una c치psula de 400 mg de FEMEN춽 FORTE cada 6-8 horas, de acuerdo al criterio m칠dico.'),
(66, '7703153032715', 'Umbral Infantil 150mg/5ml, jarabe', 3.85, 0.00, 4.30, 0.00, 0.00, 0.00, 2, 0, 0, 15, 7, 17, '*', '2026-07-01', 0.00, ''),
(67, '7861009811898', 'Hidrocortif 500 Amp.iny', 4.00, 0.00, 4.26, 0.00, 0.00, 0.00, 4, 0, 0, 21, 12, 14, '*', '2025-05-01', 0.00, ''),
(68, '8901790705576', 'Omeprazol 20mg x100 caps.', 38.00, 0.00, 44.00, 0.40, 0.44, 0.38, 1, 73, 100, 21, 4, 10, '*', '2025-07-01', 0.00, ''),
(69, '8901790716831', 'Omeprazol 40mg x 30caps.', 17.00, 0.00, 19.20, 0.40, 0.64, 0.57, 1, 9, 30, 21, 4, 10, '*', '2025-07-01', 0.00, ''),
(70, '7702123828631', 'CardioAspirina 100mg x30', 6.80, 0.00, 7.50, 0.25, 0.25, 0.23, 2, 48, 30, 25, 4, 1, '*', '2026-08-01', 0.00, 'Para reducir el riesgo de tener otro ataque card칤aco (infarto agudo de miocardio [IAM]) y el riesgo de morir por una enfermedad relacionada con el coraz칩n en los pacientes que previamente tuvieron un ataque al coraz칩n (IAM)'),
(71, '8901790712918', 'Metronidazol 500mg', 8.00, 0.00, 10.00, 0.10, 0.10, 0.08, 1, 84, 100, 21, 4, 1, '*', '2027-04-01', 0.00, ''),
(72, '8901790702414', 'Vitamina C sabor Naranja x100', 12.50, 0.00, 18.50, 0.19, 0.19, 0.13, 1, 80, 100, 23, 4, 1, '*', '2027-04-01', 0.00, ''),
(73, '7702057072063', 'Complejo B, Tabs', 10.00, 0.00, 11.25, 0.10, 0.11, 0.10, 1, 58, 100, 21, 4, 1, '*', '2026-05-01', 0.00, ''),
(74, '7862121730586', 'Complejo B sol.iny 3ml*5', 3.10, 0.00, 4.25, 1.00, 0.85, 0.62, 1, 5, 5, 21, 4, 14, '*', '2027-02-01', 0.00, ''),
(75, '7862105833135', 'Hepalive Forte x40', 17.13, 0.00, 17.13, 0.50, 0.43, 0.45, 2, 77, 40, 21, 4, 10, '*', '2025-07-01', 0.00, ''),
(76, '7861155904369', 'Glicolax 17gr sobres', 8.00, 0.00, 12.00, 1.20, 1.20, 0.80, 1, 9, 10, 21, 4, 7, '*', '2026-02-01', 0.00, ''),
(77, '7750215020432', 'Nitoxadin 500mg', 5.80, 0.00, 8.40, 1.30, 1.40, 0.97, 3, 18, 6, 21, 4, 1, '*', '2026-08-01', 0.00, ''),
(78, '8901790705170', 'Ibuwin 400mg. Caps', 8.00, 0.00, 12.00, 0.40, 0.40, 0.27, 2, 48, 30, 21, 4, 10, '*', '2025-08-01', 0.00, ''),
(79, '7702057065478', 'Nitazoxanida MK 500mg.Tbs', 5.10, 0.00, 6.25, 1.00, 1.04, 0.85, 3, 18, 6, 27, 4, 1, '*', '2026-04-01', 0.00, 'La nitazoxanida es un medicamento que trata la diarrea causada por par치sitos. La diarrea consiste en heces blandas o acuosas. Este medicamento viene en forma de comprimidos que se pueden tomar por v칤a oral con un vaso de agua seg칰n las indicaciones.\r\nDosis: 1 tableta de 500mg cada 12 horas por 3 d칤as.'),
(80, '7703202220322', 'Dulcolax', 5.00, 0.00, 7.30, 0.60, 0.73, 0.50, 3, 13, 10, 21, 4, 8, '*', '2027-09-01', 0.00, ''),
(81, '7750215009628', 'Ibuprofeno 800mg', 13.70, 0.00, 15.50, 0.20, 0.16, 0.14, 1, 28, 100, 21, 4, 1, '*', '2027-11-01', 0.00, ''),
(82, '7861100401493', 'AlkaSeltzer Boost x10', 1.95, 0.00, 4.06, 0.40, 0.41, 0.20, 2, 13, 10, 21, 4, 1, '*', '2026-04-01', 0.00, ''),
(83, '7862103555428', 'Pancreol Forte', 22.00, 0.00, 24.90, 0.85, 0.83, 0.73, 2, 60, 30, 21, 4, 10, '*', '2026-07-01', 0.00, ''),
(84, '7862102713645', 'Tusolvina Forte Fit 120ml', 6.80, 0.00, 7.00, 0.00, 0.00, 0.00, 0, 0, 0, 21, 7, 2, '*', '2027-01-01', 0.00, 'Tratamiento de la congesti칩n e inflamaci칩n originada por la tos, resfriado, o por infecciones agudas del sistema respiratorio. Tos seca y/o tos con flema y/o tos al칠rgica y/o tos irritativa. Ideal en pacientes con sobrepeso o diab칠ticos por NO TENER AZUCAR.\r\nDOSIFICACI칍N: Adultos y adolescentes: 1 cucharada o 10 mL en el vaso dosificador cada 8 horas o 3 veces al d칤a despu칠s de las comidas. Ni침os de 6 a 12 a침os: 1 cucharadita o 5 mL en el vaso dosificador cada 8 horas o 3 veces al d칤a despu칠s de las comidas.'),
(85, '7862102710224', 'Tussolvina 120ml', 4.74, 0.00, 6.00, 0.00, 0.00, 0.00, 0, 0, 0, 21, 7, 2, '*', '2027-02-01', 0.00, 'Tratamiento de la congesti칩n e inflamaci칩n originada por la tos.  Indicado en tos seca, tos irritativa, tos al칠rgica, tos con flema, tos que acompa침a a los estados gripales, tos nocturna, tos aguda o cr칩nica de cualquier causa.  Tratamiento en cuadros al칠rgicos como: rinitis.\r\nPOSOLOG칈A:  Adultos y adolescentes: 10 ml cada 8 horas.'),
(86, '7861150301460', 'Paralgen 150mg/5ml', 3.10, 0.00, 4.50, 0.00, 0.00, 0.00, 1, 0, 0, 21, 7, 2, '*', '2027-04-01', 0.00, ''),
(87, '7750215028957', 'Abrimed 35mg/5ml', 6.00, 0.00, 7.00, 0.00, 0.00, 0.00, 1, 0, 0, 21, 7, 2, '*', '2026-04-01', 0.00, 'Facilita la eliminaci칩n de moco y modifica la tos seca en tos productiva y menos frecuente. Coadyuvante en el tratamiento de procesos respiratorios que cursan con secreci칩n bronquial.\r\nAdultos y adolescentes mayores de 12 a침os: de 5 ml de jarabe (1 cuchardita), 3 veces al d칤a. Ni침os entre 6 y 12 a침os de edad: 5 ml de jarabe (1 cucharadita), 2 veces al d칤a. Abrimed est치 CONTRAINDICDO en ni침os menores de 2 a침os'),
(88, '7800063810645', 'Enalapril Maleato 20mg', 1.68, 0.00, 1.68, 0.10, 0.08, 0.08, 5, 100, 20, 21, 4, 8, '*', '2025-12-01', 0.00, ''),
(89, '8901790708324', 'Gabapentina 300mg', 10.00, 0.00, 30.00, 0.30, 1.00, 0.33, 2, 46, 30, 21, 4, 10, '*', '2027-06-01', 0.00, ''),
(90, '7862102664022', 'DoloNeuroyecta DC Soluci칩n inyectable', 6.50, 0.00, 6.90, 0.00, 0.00, 0.00, 3, 0, 0, 21, 12, 14, '*', '2025-12-01', 0.00, ''),
(91, '3665585002084', 'Smecta sobres x30', 38.56, 0.00, 44.85, 1.40, 1.50, 1.29, 1, 30, 30, 21, 4, 7, '*', '2027-03-01', 0.00, ''),
(92, '8901790713717', 'Leche de Magnesia 60ml', 1.58, 0.00, 2.63, 0.00, 0.00, 0.00, 4, 0, 0, 21, 7, 3, '*', '2026-10-01', 0.00, ''),
(93, '7800060130722', 'Antiax  tabs masticables x60', 17.00, 0.00, 19.80, 0.30, 0.33, 0.28, 1, 60, 60, 21, 4, 8, '*', '2029-01-01', 0.00, ''),
(94, '7501298222349', 'Dolo Neurobion Retard tabs x20', 20.00, 0.00, 27.08, 1.25, 1.35, 1.00, 2, 22, 20, 21, 4, 1, '*', '2027-06-01', 0.00, ''),
(95, '7861149201542', 'Glicinex SR 750mg', 18.00, 0.00, 19.80, 0.60, 0.66, 0.60, 1, 30, 30, 1, 4, 8, '*', '2026-06-01', 0.00, ''),
(96, '7861097205296', 'Finalin Muscular tabs x20', 8.80, 0.00, 10.00, 0.50, 0.50, 0.44, 2, 38, 20, 21, 4, 1, '*', '2027-06-01', 0.00, ''),
(97, '7703889155313', 'Fluzetrin x10', 6.00, 0.00, 7.44, 0.65, 0.74, 0.60, 1, 7, 10, 21, 4, 10, '*', '2027-04-01', 0.00, 'Fluzetrin F permite la acci칩n complementaria de sus componentes para 12 horas de alivio de la sintomatolog칤a nasal y ocular de las afecciones respiratorias superiores, tales como el resfriado com칰n, la rinitis al칠rgica, sinusitis y otitis.\r\nDosificaci칩n: Adultos: 1 tableta cada 12 horas.'),
(98, '7861141101345', 'NoGrip x20', 4.13, 0.00, 4.13, 0.21, 0.21, 0.34, 2, 22, 20, 8, 4, 8, '*', '2026-08-01', 0.00, 'Indicado para el tto. de los s칤ntomas de la gripe y el resfr칤o com칰n, analg칠sico y antipir칠tico. Se indica tambi칠n en los procesos que involucran las v칤as a칠reas superiores, como DESCONGESTIONANTE NASAL.\r\nNogrip comprimidos: Adultos 1 comprimido cada 6 horas.'),
(99, '8901790706146', 'Metformina 1g x30', 10.89, 0.00, 11.40, 0.40, 0.38, 0.36, 2, 60, 30, 21, 4, 1, '*', '2025-10-01', 0.00, ''),
(100, '8901790712185', 'Clotrimazol 2%', 6.50, 0.00, 7.89, 0.00, 0.00, 0.00, 0, 0, 0, 21, 13, 19, '*', '2025-08-01', 0.00, ''),
(101, '8906046203264', 'Germinterol', 14.00, 0.00, 15.90, 1.50, 1.59, 1.40, 1, 10, 10, 21, 4, 10, '*', '2026-01-01', 0.00, ''),
(102, '8901790703596', 'Ketorolaco 30mg sol.inyectable 2ml', 17.00, 0.00, 46.00, 3.00, 4.60, 1.70, 1, 7, 10, 23, 4, 14, '*', '2026-05-01', 0.00, ''),
(103, '8699195610013', 'Prueba de Embarazo', 2.85, 0.00, 4.09, 0.00, 0.00, 0.00, 3, 0, 0, 21, 13, 5, '*', '2027-01-01', 0.00, ''),
(104, '7702057700928', 'Fenito칤na S칩dica 50 caps 100mg Fco', 10.00, 0.00, 21.00, 0.00, 0.00, 0.00, 3, 0, 0, 21, 7, 10, '*', '2025-10-01', 0.00, ''),
(105, '7862102712945', 'Tussolvina Forte 30mg x 20u', 9.54, 0.00, 12.00, 0.50, 0.60, 0.48, 2, -1, 20, 21, 4, 10, '*', '2027-03-04', 0.00, 'Tratamiento de la congesti칩n e inflamaci칩n originada por la tos.  Tos seca o tos con flema o tos irritativa o tos al칠rgica.  Indicado en tos seca, tos irritativa, tos al칠rgica , tos que acompa침a a los estados gripales, tos nocturna, tos aguda o cr칩nica de cualquier causa.\r\nPOSOLOG칈A:  Adultos y adolescentes: 1 capsula cada 8 horas.'),
(106, '8901790698014', 'Naproxeno s칩dico 550mg x 30', 5.00, 0.00, 6.00, 0.25, 0.20, 0.17, 3, 90, 30, 21, 4, 1, '*', '2027-03-01', 0.00, ''),
(107, '7862114720686', 'Kufer Q Forte caja x40', 18.86, 0.00, 22.00, 0.55, 0.55, 0.47, 1, 35, 40, 21, 4, 10, '*', '2027-08-01', 0.00, ''),
(108, '74410330', 'Sal Andrews sobres  cajax12', 2.90, 0.00, 3.30, 0.00, 0.00, 0.00, 1, 0, 0, 21, 15, 7, '*', '2026-03-01', 0.00, ''),
(109, '8901790704012', 'Losartan 100mg tabs caja x100', 75.00, 0.00, 82.00, 0.50, 0.82, 0.75, 1, 89, 100, 21, 4, 1, '*', '2027-04-01', 0.00, ''),
(110, '7861155902402', 'Gastropax 100mg', 8.00, 0.00, 10.80, 0.36, 0.36, 0.27, 1, 30, 30, 21, 4, 1, '*', '2025-12-01', 0.00, ''),
(111, '18901790698981', 'Albendazol 400mg', 0.90, 0.00, 1.88, 0.00, 0.00, 0.00, 4, 0, 0, 21, 7, 3, '*', '2026-07-01', 0.00, ''),
(112, '7861073902898', 'Claritrol comp caja x10', 8.20, 0.00, 9.70, 0.90, 0.97, 0.82, 1, 10, 10, 21, 4, 8, '*', '2025-08-01', 0.00, ''),
(113, '7861009822818', 'Tendiol comp 50mg x30', 5.00, 0.00, 7.50, 0.20, 0.25, 0.17, 1, 30, 30, 21, 4, 8, '*', '2025-06-01', 0.00, ''),
(114, '8904112514177', 'Amsulona 0.4mg/0.5mg', 33.00, 0.00, 36.90, 1.20, 1.23, 1.10, 1, 30, 30, 21, 4, 10, '*', '2026-02-01', 0.00, ''),
(115, '17861081715937', 'Jeringuilla descartable de 3cc x100', 5.00, 1.50, 10.00, 0.10, 0.10, 0.05, 1, 98, 100, 21, 4, 5, '*', '2029-11-01', 0.15, ''),
(116, '17861081716002', 'Jeringuilla descartable de 10cc x100', 10.00, 2.25, 15.00, 0.15, 0.15, 0.10, 1, 84, 100, 21, 4, 5, '*', '2029-10-01', 0.15, ''),
(117, '17861081715968', 'Jeringuilla descartable de 5cc x100', 10.00, 1.80, 12.00, 0.12, 0.12, 0.10, 1, 92, 100, 21, 4, 5, '*', '2029-05-01', 0.15, ''),
(118, '78610381217600', 'Mascarilla quir칰rgica x50', 0.05, 0.00, 0.20, 0.10, 0.00, 0.00, 2, 5, 50, 21, 4, 5, '*', '2029-01-01', 0.00, ''),
(120, '7795347980162', 'Alerfedine Pedi치trico 100ml', 7.00, 0.00, 9.20, 0.00, 0.00, 0.00, 1, 0, 0, 21, 7, 3, '*', '2026-06-01', 0.00, 'SOLO VENTA CON RECETA.'),
(121, '7862101619993', 'Bactripharm 400mg/80', 2.45, 0.00, 3.90, 0.00, 0.00, 0.00, 1, 0, 0, 21, 7, 2, '*', '2026-09-01', 0.00, ''),
(122, '7861155902747', 'Mucoxin Junior 120ml', 4.90, 0.00, 6.50, 0.00, 0.00, 0.00, 1, 0, 0, 31, 7, 2, '*', '2026-09-01', 0.00, 'Mucoxin ayuda a estimular la estructura del moco respiratorio m치s abundante y fluido, facilitando su eliminaci칩n por medio de la tos. Es eficaz para el alivio de la congesti칩n nasal, la rinorrea, el lagrimeo y los estornudos. Contenido: 120 ml.\r\nDOSIS Y PAUTAS DE ADMINISTRACI칍N: V칤a oral: Ni침os mayores de 5 a침os:  5 ml (1 cucharadita), 2-3 veces al d칤a. Ni침os de 2-5 a침os: 2,5 ml (j1/2 cucharadita), 3 veces al d칤a.'),
(123, '7861155900422', 'Complejo B 100ml', 1.10, 0.00, 2.50, 0.00, 0.00, 0.00, 2, 0, 0, 21, 7, 2, '*', '2025-12-01', 0.00, ''),
(124, '7862108810300', 'Axil 250mg 70ml', 10.00, 0.00, 13.24, 0.00, 0.00, 0.00, 1, 0, 0, 21, 7, 2, '*', '2027-07-01', 0.00, ''),
(125, '7501298225050', 'Eutirox 25 mcg', 1.50, 0.00, 1.66, 0.03, 0.03, 0.03, 4, 200, 50, 21, 4, 1, '*', '2026-05-01', 0.00, ''),
(126, '7501298220383', 'Eutirox 112mcg', 4.80, 0.00, 5.22, 0.10, 0.10, 0.10, 2, 100, 50, 21, 4, 1, '*', '2026-05-01', 0.00, ''),
(127, '7501298225043', 'Eutirox 75mcg caja x50', 3.65, 0.00, 4.00, 0.10, 0.08, 0.07, 1, 50, 50, 21, 4, 1, '*', '2026-02-01', 0.00, ''),
(128, '7501298225012', 'Eutirox 125 mcg', 4.00, 0.00, 5.00, 0.10, 0.10, 0.08, 2, 100, 50, 21, 4, 1, '*', '2026-04-01', 0.00, ''),
(129, '7501298225067', 'Eutirox 50mg capa x50', 2.46, 0.00, 3.00, 0.10, 0.06, 0.05, 0, 0, 50, 21, 4, 1, '*', '2026-05-01', 0.00, ''),
(130, '7501298220314', 'Eutirox 88mcg caja x50', 3.69, 0.00, 4.50, 0.10, 0.09, 0.07, 2, 100, 50, 21, 4, 1, '*', '2026-04-01', 0.00, ''),
(131, '8906026113866', 'Esporas de bacillus clausi BC2B 2billones de 5ml', 9.00, 0.00, 12.40, 1.25, 1.24, 0.90, 5, 42, 10, 21, 4, 5, '*', '2025-09-01', 0.00, ''),
(132, '7861100401936', 'Apronax liquid gels 275mg', 27.78, 0.00, 28.63, 0.50, 0.48, 0.46, 1, 24, 60, 21, 4, 10, '*', '2026-06-01', 0.00, ''),
(133, '6921875010984', 'Paracetamol 500mg caja x100', 3.00, 0.00, 5.00, 0.05, 0.05, 0.03, 5, 500, 100, 21, 4, 1, '*', '2025-06-12', 0.00, ''),
(134, '7861009811171', 'Genbexil 160mg', 0.50, 0.00, 0.86, 0.00, 0.00, 0.00, 2, 0, 0, 21, 12, 14, '*', '2025-11-01', 0.00, ''),
(135, '7750215028292', 'Fluimexina 200mg', 15.00, 0.00, 17.00, 0.50, 0.57, 0.50, 1, 21, 30, 21, 4, 7, '*', '2027-03-01', 0.00, 'Para facilitar la expulsi칩n de secreci칩n mucosa en proceso catarral o gripal.\r\nOral. Ads.: 200 mg 3 veces/d칤a o 600 mg en una toma, M치x. 600 mg/d칤a.; pacientes 12-18 a침os: 200 mg 3 veces/d칤a; ni침os 6-12 a침os: 100 mg 3 veces/d칤a.'),
(136, '7861009842106', 'Buprex Flash 600mg', 5.00, 0.00, 6.50, 0.65, 0.65, 0.50, 2, 7, 10, 21, 4, 10, '*', '2026-10-01', 0.00, ''),
(137, '7861009805682', 'Buprex Flash 400mg', 3.70, 0.00, 4.40, 0.44, 0.44, 0.37, 1, 3, 10, 21, 4, 10, '*', '2026-04-01', 0.00, ''),
(138, '7861009855069', 'Buprex Flash 800mg', 7.16, 0.00, 8.50, 0.85, 0.85, 0.72, 2, 12, 10, 21, 4, 10, '*', '2026-10-01', 0.00, ''),
(139, '7841141004389', 'Dolgenal SL 30mg', 21.65, 0.00, 22.18, 2.50, 2.77, 2.71, 1, 7, 8, 21, 4, 8, '*', '2026-06-01', 0.00, ''),
(140, '7861152100283', 'Dolgenal 60mg sol.inyectable', 4.00, 0.00, 4.50, 0.00, 0.00, 0.00, 1, 0, 0, 22, 12, 14, '*', '2027-07-01', 0.00, 'Manejo del dolor agudo de cualquier origen e intensidad, dolor post-quir칰rgico, dolor post-traum치tico, dolor de origen neopl치sico, dolor renal o biliar, dolor de origen ginecol칩gico, dolores reum치ticos, lumbalgias y migra침as.Manejo del dolor agudo de cualquier origen e intensidad, dolor post-quir칰rgico, dolor post-traum치tico, dolor de origen neopl치sico, dolor renal o biliar, dolor de origen ginecol칩gico, dolores reum치ticos, lumbalgias y migra침as.'),
(141, '7861009805699', 'Buprex Migra', 11.00, 0.00, 13.00, 0.60, 0.65, 0.55, 2, 11, 20, 21, 4, 8, '*', '2026-12-01', 0.00, ''),
(142, '7862101612956', 'Bactripharma Forte 800/160', 2.00, 0.00, 3.50, 0.30, 0.35, 0.20, 4, 22, 10, 21, 4, 8, '*', '2026-11-01', 0.00, ''),
(143, '7862108810447', 'Axil 500mg', 16.21, 0.00, 18.12, 1.40, 1.51, 1.35, 1, 11, 12, 21, 4, 1, '*', '2027-09-01', 0.00, ''),
(144, '7861148050158', 'Akim 500mg', 4.02, 0.00, 5.02, 0.00, 0.00, 0.00, 1, 0, 0, 9, 12, 14, '*', '2025-04-01', 0.00, ''),
(145, '7862104592330', 'Clortalidona 50mg', 2.80, 0.00, 3.75, 0.10, 0.13, 0.09, 2, 60, 30, 21, 4, 1, '*', '2025-08-01', 0.00, ''),
(146, '7861073901167', 'Megacilina forte 4.000.000 UI', 1.65, 0.00, 2.36, 0.00, 0.00, 0.00, 2, 0, 0, 21, 12, 14, '*', '2028-01-01', 0.00, ''),
(147, '2000001835937', 'Ibuprofeno 400mg', 5.00, 0.00, 7.00, 0.10, 0.07, 0.05, 3, 212, 100, 21, 4, 1, '*', '2025-11-01', 0.00, ''),
(148, '7861152100016', 'Analgan 1gr caja x 20', 4.84, 0.00, 8.80, 0.45, 0.44, 0.24, 1, 20, 20, 21, 4, 8, '*', '2026-12-01', 0.00, ''),
(149, '7862133961275', 'T-Brax500mg', 4.10, 0.00, 5.28, 0.20, 0.22, 0.17, 2, 27, 24, 21, 4, 10, '*', '2026-07-01', 0.00, ''),
(150, '7862133961701', 'T-Brax 1000', 1.15, 0.00, 4.20, 0.30, 0.21, 0.06, 2, 15, 20, 21, 4, 8, '*', '2026-07-01', 0.00, ''),
(151, '7862101614967', 'T-Brax Gripe', 4.96, 0.00, 9.35, 0.50, 0.58, 0.31, 0, 0, 16, 21, 4, 10, '*', '2026-12-01', 0.00, 'Tos, estornudos. Tratamiento sintom치tico de la gripe y el resfriado com칰n.\r\nPOSOLOG칈A Y ADMINISTRACI칍N: V칤a de administraci칩n: V칤a oral La dosis habitual por v칤a oral para procesos gripales en adultos y ni침os mayores de 12 a침os es de 1 c치psula cada 12 horas.'),
(152, '7861141100959', 'Prednisona 5mg', 3.75, 0.00, 4.16, 0.15, 0.14, 0.13, 2, 57, 30, 8, 4, 1, '*', '2027-09-01', 0.00, ''),
(153, '7750215023792', 'Arcodex 120mg', 14.25, 0.00, 18.50, 2.60, 2.64, 2.04, 1, 1, 7, 21, 4, 1, '*', '2026-04-01', 0.00, ''),
(154, '8901790694894', 'Amoxicilina 500mg', 20.00, 0.00, 23.00, 0.20, 0.23, 0.20, 1, 48, 100, 21, 4, 10, '*', '2026-02-01', 0.00, ''),
(155, '7702057702922', 'Bonfiest', 1.68, 0.00, 3.91, 0.90, 0.98, 0.42, 2, 5, 4, 21, 4, 7, '*', '2026-09-01', 0.00, ''),
(156, '7759307003094', 'Medivel', 4.10, 0.00, 5.50, 0.50, 0.55, 0.41, 1, 10, 10, 21, 4, 15, '*', '2027-07-01', 0.00, ''),
(157, '7841141002699', 'Iltux 20mg x28', 24.05, 0.00, 26.88, 0.90, 0.96, 0.86, 1, 28, 28, 21, 4, 8, '*', '2025-04-01', 0.00, ''),
(158, '7861152100894', 'Taxus 20mg x30', 30.02, 0.00, 34.20, 1.10, 1.14, 1.00, 1, 30, 30, 21, 4, 8, '*', '2025-05-01', 0.00, ''),
(159, '7861155904352', 'Nistat', 4.05, 0.00, 5.00, 0.00, 0.00, 0.00, 2, 0, 0, 21, 13, 19, '*', '2025-09-01', 0.00, ''),
(160, '4065267730165', 'concor 5mg', 15.00, 0.00, 18.60, 0.60, 0.62, 0.50, 2, 60, 30, 21, 4, 1, '*', '2026-04-01', 0.00, ''),
(161, '8901790704999', 'Losartan Pot치sico 50mg', 34.00, 0.00, 38.00, 0.30, 0.38, 0.34, 2, 180, 100, 21, 4, 1, '*', '2026-07-01', 0.00, ''),
(162, '8901790704029', 'Atorvastatina 20mg', 31.00, 0.00, 33.60, 1.12, 1.12, 1.03, 2, 60, 30, 21, 4, 1, '*', '2027-06-01', 0.00, ''),
(163, '8901790717043', 'Esomeprazol 40mg', 30.00, 0.00, 39.00, 1.00, 1.30, 1.00, 2, 57, 30, 21, 4, 1, '*', '2025-10-01', 0.00, ''),
(164, '8901790708522', 'Lincomicina 600mg/2ml', 19.00, 0.00, 24.50, 2.50, 2.45, 1.90, 1, 10, 10, 21, 4, 14, '*', '2026-07-01', 0.00, ''),
(165, '7702057078799', 'Quetiapina 25mg', 14.00, 0.00, 19.78, 0.60, 0.66, 0.47, 2, 60, 30, 21, 4, 1, '*', '2025-05-01', 0.00, ''),
(166, '8901790714264', 'Gencloben', 2.05, 0.00, 4.29, 0.00, 0.00, 0.00, 1, 0, 0, 21, 13, 19, '*', '2027-03-01', 0.00, ''),
(167, '8901790711072', 'Enalapril 20mg', 5.00, 0.00, 15.00, 0.10, 0.15, 0.05, 1, 100, 100, 21, 4, 1, '*', '2025-07-01', 0.00, ''),
(168, '7862102660925', 'Oralyte sabor fresa sobres x10', 6.95, 0.00, 7.20, 0.70, 0.72, 0.70, 2, 16, 10, 21, 4, 7, '*', '2027-10-01', 0.00, ''),
(169, '7862102660918', 'Oralyte sabor manzana sobres x10', 6.95, 0.00, 7.20, 0.70, 0.72, 0.70, 2, 15, 10, 21, 4, 7, '*', '2027-11-01', 0.00, ''),
(170, '7862102660932', 'Oralyte sabor coco sobres x10', 6.95, 0.00, 7.20, 0.70, 0.72, 0.70, 2, 19, 10, 21, 4, 7, '*', '2027-09-01', 0.00, ''),
(171, '8901790694900', 'Azitromicina 500mg', 3.00, 0.00, 5.85, 2.00, 1.95, 1.00, 8, 23, 3, 21, 4, 1, '*', '2027-07-01', 0.00, ''),
(172, '7896006203070', 'Microgynon CD', 3.29, 0.00, 3.29, 0.00, 0.00, 0.00, 4, 0, 0, 21, 15, 6, '*', '2026-04-01', 0.00, ''),
(173, '7441041800601', 'Conrelax Fuerte 8mg', 13.00, 0.00, 16.50, 1.50, 1.65, 1.30, 1, 3, 10, 21, 4, 10, '*', '2027-02-01', 0.00, ''),
(174, '7750215001837', 'Sildenafilo 100mg', 8.18, 0.00, 10.00, 2.40, 2.50, 2.05, 2, 6, 4, 21, 4, 1, '*', '2026-09-01', 0.00, ''),
(175, '7703763999767', 'Furoato de mometasona alspray nasal al 0,05%', 13.10, 0.00, 15.00, 0.00, 0.00, 0.00, 4, 0, 0, 10, 9, 13, '*', '2026-04-01', 0.00, 'El furoato de mometasona spray nasal sirve para tratar los s칤ntomas de la rinitis al칠rgica y los p칩lipos nasales. \r\n쯈u칠 s칤ntomas trata? \r\nSe pulveriza en la nariz\r\nSe aplican dos pulverizaciones en cada orificio nasal una vez al d칤a\r\nAdultos y ni침os de 3 a침os de edad y mayores para tratar la fiebre del heno y rinitis perenne\r\nAdultos de 18 a침os de edad y mayores para tratar los p칩lipos nasales.'),
(177, '7861100402414', 'Claricort tabletas', 10.00, 0.00, 11.12, 1.00, 1.11, 1.00, 1, 8, 10, 21, 4, 1, '*', '2025-11-30', 0.00, 'Betametasona + loratadina. \r\nCombina el efecto antiinflamatorio y antial칠rgico de un corticoide (betametasona) con un potente antihistam칤nico. No sedante (loratadina).\r\nAdultos y ni침os de 12 a침os y m치s: Una tableta dos veces al d칤a'),
(178, '7861155900699', 'Enalapril 10mg', 3.70, 0.00, 4.50, 0.15, 0.15, 0.12, 5, 150, 30, 21, 4, 1, '*', '2026-08-01', 0.00, ''),
(179, '7862108811055', 'Moxilan 625mg', 6.17, 0.00, 9.00, 0.70, 0.75, 0.51, 6, 38, 12, 21, 4, 1, '*', '2026-12-01', 0.00, ''),
(180, '7800060007635', 'Diaren', 5.10, 0.00, 6.30, 0.30, 0.32, 0.26, 2, 22, 20, 21, 4, 8, '*', '2029-05-01', 0.00, ''),
(181, '7441041701113', 'Neural 3', 10.85, 0.00, 12.00, 0.00, 0.00, 0.00, 1, 0, 0, 21, 12, 14, '*', '2027-06-01', 0.00, ''),
(182, '7707355056197', 'Parken', 12.00, 0.00, 15.00, 0.50, 0.50, 0.40, 1, 30, 30, 21, 4, 1, '*', '2025-07-30', 0.00, ''),
(183, '7703763361014', 'Lagrimas artificiales La Sante', 2.29, 0.00, 3.27, 0.00, 0.00, 0.00, 2, 0, 0, 10, 5, 9, '*', '2026-10-01', 0.00, ''),
(184, '7795337909920', 'Suprimal', 36.16, 0.00, 54.97, 1.00, 1.10, 0.72, 2, 100, 50, 21, 4, 8, '*', '2025-07-30', 0.00, ''),
(185, '7702026143879', 'TENASlip Ultra Talla L 3 Unidades', 1.70, 0.00, 2.90, 0.00, 0.00, 0.00, 0, 0, 0, 21, 15, 5, '*', '2025-07-30', 0.00, ''),
(186, '7702026478582', 'TENA Slip Cl치sico Talla L  3 Unidades', 1.70, 0.00, 2.17, 0.00, 0.00, 0.00, 0, 0, 0, 21, 15, 5, '*', '2025-06-30', 0.00, ''),
(187, '7702027479755', 'TENA Slip Cl치sico TallaL 1 Unidad', 1.00, 0.00, 1.50, 0.00, 0.00, 0.00, 2, 0, 0, 21, 15, 5, '*', '2027-03-30', 0.00, ''),
(188, '900133792', 'Fisher Price Nappis XXGrande 5Unidades', 0.60, 0.00, 1.00, 0.00, 0.00, 0.00, 5, 0, 0, 21, 15, 5, '*', '2027-12-09', 0.00, ''),
(189, '7862126080853', 'Incentive Breathing Exerciser', 3.70, 0.00, 8.50, 0.00, 0.00, 0.00, 1, 0, 0, 21, 15, 5, '*', '2026-08-01', 0.00, ''),
(190, '171220758600', 'Jeringas desechables de 20cc', 0.05, 0.00, 10.00, 0.50, 0.20, 0.00, 1, 49, 50, 21, 4, 5, '*', '2027-01-01', 0.00, ''),
(191, '7862109020159', 'Alcohol antibacterial 25ml', 0.78, 0.00, 1.00, 0.00, 0.00, 0.00, 2, 0, 0, 21, 7, 22, '*', '2025-11-08', 0.00, ''),
(192, '7862109020029', 'Agua oxigenada 25ml', 0.78, 0.00, 1.00, 0.00, 0.00, 0.00, 4, 0, 0, 21, 7, 22, '*', '2026-11-06', 0.00, ''),
(193, '7861032141658', 'Fungirex incoloro 60ml', 2.75, 0.00, 3.00, 0.00, 0.00, 0.00, 2, 0, 0, 21, 7, 22, '*', '2026-08-30', 0.00, ''),
(194, '7861032141405', 'Fungirex talco desodorante', 1.85, 0.00, 2.20, 0.00, 0.00, 0.00, 1, 0, 0, 21, 7, 22, '*', '2027-10-30', 0.00, ''),
(195, '7862108810072', 'Antil 5mg/5ml', 2.79, 0.00, 3.43, 0.00, 0.00, 0.00, 2, 0, 0, 21, 7, 22, '*', '2026-11-01', 0.00, ''),
(196, '7705959881665', 'Paracetamol jarabe infantil', 0.90, 0.00, 1.49, 0.00, 0.00, 0.00, 4, 0, 0, 21, 7, 22, '*', '2026-05-30', 0.00, ''),
(197, '7862119360528', 'KidCal jarabe', 18.50, 0.00, 20.71, 0.00, 0.00, 0.00, 1, 0, 0, 21, 7, 22, '*', '2025-05-30', 0.00, ''),
(198, '7861155903638', 'HAPECO jarabe multivitam칤nico', 2.00, 0.00, 4.00, 0.00, 0.00, 0.00, 2, 0, 0, 21, 7, 22, '*', '2026-06-30', 0.00, ''),
(199, '4048846006394', 'Trayenta Duo', 40.00, 0.00, 48.05, 0.00, 0.00, 0.00, 1, 0, 0, 21, 7, 8, '*', '2025-03-30', 0.00, ''),
(200, '7861155902730', 'HAPECO gotas', 2.10, 0.00, 4.60, 0.00, 0.00, 0.00, 2, 0, 0, 21, 5, 9, '*', '2026-07-01', 0.00, ''),
(201, '8901790695198', 'Ciprofloxacino 500mg', 50.00, 0.00, 50.00, 0.50, 0.50, 0.50, 1, 85, 100, 21, 4, 1, '*', '2026-09-01', 0.00, ''),
(202, '7703153009106', 'Alercet gotas 15ml', 4.20, 0.00, 5.59, 0.00, 0.00, 0.00, 1, 0, 0, 21, 5, 9, '*', '2026-09-09', 0.00, ''),
(203, '8901790704975', 'DicloAzul c치psulas', 13.00, 0.00, 14.10, 0.40, 0.47, 0.43, 1, 4, 30, 21, 4, 10, '*', '2026-09-01', 0.00, ''),
(204, '8901790704982', 'DicloCien c치psulas', 12.00, 0.00, 13.50, 0.45, 0.45, 0.40, 1, 24, 30, 21, 4, 10, '*', '2026-07-01', 0.00, ''),
(205, '7862102650087', 'KURADOR ung칲ento', 0.58, 0.00, 7.80, 0.60, 0.65, 0.05, 1, 12, 12, 21, 4, 20, '*', '2026-08-06', 0.00, ''),
(206, '7862103553509', 'Mentol Extrafuerte SIKURA', 0.82, 0.00, 10.80, 0.75, 0.90, 0.07, 1, 10, 12, 21, 4, 20, '*', '2026-06-01', 0.00, ''),
(207, '7862102650056', 'Mentol Chino Concentrado', 9.45, 0.00, 11.40, 0.90, 0.95, 0.79, 1, 6, 12, 21, 4, 20, '*', '2026-08-10', 0.00, ''),
(208, '7861155901528', 'CEFUR ', 6.00, 0.00, 8.16, 0.00, 0.00, 0.00, 1, 0, 0, 21, 7, 7, '*', '2026-10-01', 0.00, ''),
(209, '8906046203486', 'Bonagermin PLUS', 13.20, 0.00, 14.15, 2.50, 2.83, 2.64, 2, 7, 5, 21, 4, 22, '*', '2026-06-01', 0.00, ''),
(210, '8901790718620', 'Alibi칩n', 8.10, 0.00, 10.00, 1.00, 1.00, 0.81, 3, 17, 10, 21, 4, 10, '*', '2027-07-01', 0.00, ''),
(211, '7501033961243', 'PEDIALYTE Active Plus sabor a fresa', 3.10, 0.00, 4.54, 0.00, 0.00, 0.00, 4, 0, 0, 20, 9, 22, '*', '2025-05-10', 0.00, ''),
(212, '7501033962769', 'PEDIALYTE Active Plus sabor a durazno', 3.10, 0.00, 1.50, 0.00, 0.00, 0.00, 2, 0, 0, 20, 9, 22, '*', '2025-05-10', 0.00, ''),
(213, '7861078304338', 'Maternity Anat칩mica x10', 1.20, 0.27, 1.80, 0.00, 0.00, 0.00, 4, 0, 0, 21, 15, 5, '*', '2027-08-01', 0.15, ''),
(214, '8901790704432', 'Diclofenaco Gel 1% de 30gr', 2.00, 0.00, 3.00, 0.00, 0.00, 0.00, 4, 0, 0, 21, 13, 20, '*', '2026-06-01', 0.00, ''),
(215, '7702207700341', 'Dixi-35', 7.60, 0.00, 8.52, 0.00, 0.00, 0.00, 2, 0, 0, 20, 15, 8, '*', '2026-10-01', 0.00, ''),
(216, '7861100401080', 'Apronax 550mg', 9.05, 0.00, 11.33, 0.50, 0.57, 0.45, 1, 10, 20, 21, 4, 1, '*', '2026-03-01', 0.00, 'Apronax춽 es un analg칠sico perteneciente al grupo de los antiinflamatorios no esteroides (AINEs), de venta libre (OTC), que proporciona alivio temporal de molestias y dolores menores que son causados por diferentes afecciones (musculares, articulares, de espalda, entre otras).'),
(217, '7861097204879', 'Metformina 500mg', 5.05, 0.00, 6.00, 0.20, 0.20, 0.17, 2, 50, 30, 2, 4, 1, '*', '2027-08-01', 0.00, ''),
(218, '8433042001667', 'Somazina 500mg', 23.15, 0.00, 39.50, 3.70, 3.95, 2.32, 1, 10, 10, 1, 4, 8, '*', '2025-10-01', 0.00, ''),
(219, '7795378003762', 'Troken Clopidogrel 75mg', 22.36, 0.00, 25.89, 0.90, 0.92, 0.80, 1, 28, 28, 1, 4, 8, '*', '2025-04-01', 0.00, ''),
(220, '7441041702769', 'Femgyl amp 1ml', 3.90, 0.00, 5.07, 0.00, 0.00, 0.00, 2, 0, 0, 21, 12, 14, '*', '2027-06-01', 0.00, ''),
(221, '7703763320127', 'Loratadina 10mg', 0.71, 0.00, 1.30, 0.12, 0.13, 0.07, 3, 27, 10, 10, 4, 1, '*', '2026-07-01', 0.00, ''),
(222, '8901790714295', 'Aciclovir 5% crema', 3.80, 0.00, 4.49, 0.00, 0.00, 0.00, 3, 0, 0, 21, 13, 19, '*', '2026-10-01', 0.00, ''),
(223, '7800063810577', 'Fluoxetina', 5.65, 0.00, 6.11, 0.30, 0.31, 0.28, 3, 45, 20, 21, 4, 8, '*', '2026-03-01', 0.00, ''),
(224, '7703186621511', 'Valcote 500mg', 17.30, 0.00, 20.70, 0.69, 0.69, 0.58, 1, 27, 30, 20, 4, 8, '*', '2025-04-01', 0.00, ''),
(225, '7750215027653', 'terbinafina 1% crema', 2.41, 0.00, 3.75, 0.00, 0.00, 0.00, 4, 0, 0, 21, 13, 19, '*', '2027-05-01', 0.00, ''),
(226, '7862108810782', 'Tricom-N 칩vulos', 3.50, 0.00, 4.20, 0.40, 0.42, 0.35, 2, 14, 10, 21, 4, 15, '*', '2026-05-01', 0.00, ''),
(227, '8901790695204', 'Diclofenaco pot치sico 50mg caja x 100tabletas', 15.00, 0.00, 20.00, 0.20, 0.20, 0.15, 2, 198, 100, 21, 4, 1, '*', '2026-05-01', 0.00, ''),
(228, '8904180911915', 'Damicocyn 1.5 mg', 4.00, 0.00, 6.89, 0.00, 0.00, 0.00, 4, 0, 0, 21, 15, 1, '*', '2025-05-01', 0.00, ''),
(229, '7800060405417', 'Enalten 10mg', 4.00, 0.00, 5.40, 0.20, 0.18, 0.13, 1, 30, 30, 21, 4, 8, '*', '2025-04-01', 0.00, ''),
(230, '8901790713885', 'Aciclovir 800mg tabletas', 32.00, 0.00, 36.00, 1.20, 1.20, 1.07, 1, 20, 30, 21, 4, 1, '*', '2026-08-01', 0.00, ''),
(231, '8901790703961', 'Risperidona 1mg tabletas', 20.00, 0.00, 21.90, 0.70, 0.73, 0.67, 1, 30, 30, 21, 4, 1, '*', '2026-03-01', 0.00, ''),
(232, '8901790705965', 'Carvedilol 6.25mg tabletas', 2.65, 0.00, 3.50, 0.30, 0.35, 0.27, 8, 80, 10, 21, 4, 1, '*', '2026-08-01', 0.00, ''),
(233, '8901790704173', 'Carvedilol 25mg tabletas', 4.60, 0.00, 6.20, 0.60, 0.62, 0.46, 4, 40, 10, 21, 4, 1, '*', '2027-06-01', 0.00, ''),
(234, '8901790713878', 'Aciclovir 400mg tabletas', 18.00, 0.00, 21.00, 0.60, 0.70, 0.60, 1, 24, 30, 21, 4, 1, '*', '2025-12-01', 0.00, ''),
(235, '7703763999750', 'Zopiclona 7,5mg tabletas', 5.85, 0.00, 7.20, 0.20, 0.24, 0.20, 5, 146, 30, 10, 4, 1, '*', '2026-10-01', 0.00, ''),
(236, '7703153009045', 'Rhinodina D. C치psulas', 11.00, 0.00, 15.00, 1.40, 1.50, 1.10, 1, 10, 10, 21, 4, 10, '*', '2026-11-01', 0.00, ''),
(237, '5997001365328', 'Sibilla CD', 13.10, 0.00, 15.09, 0.00, 0.00, 0.00, 1, 0, 0, 21, 15, 8, '*', '2025-10-01', 0.00, ''),
(238, '8901790712932', 'Clotrimazol 100mg 칩vulos', 8.00, 0.00, 10.00, 0.80, 0.83, 0.67, 2, 18, 12, 21, 4, 15, '*', '2026-05-01', 0.00, ''),
(239, '7861002401461', 'Fisiol Spray 40mlUB', 5.50, 0.00, 6.10, 0.00, 0.00, 0.00, 2, 0, 0, 5, 7, 22, '*', '2026-11-01', 0.00, ''),
(240, '7800063820385', 'VitaminaE 400UI. C치psulas.', 4.00, 0.00, 5.00, 0.20, 0.17, 0.13, 1, 27, 30, 21, 4, 10, '*', '2026-03-01', 0.00, ''),
(241, '2000001836057', 'Secnidazol', 2.00, 0.00, 2.88, 0.00, 0.00, 0.00, 5, 0, 0, 21, 15, 1, '*', '2026-06-01', 0.00, 'DOSIS Y V칈A DE ADMINISTRACI칍N: Posolog칤a: En adultos SECNIDAZOL LA SANT칄춽 1 g se administra a raz칩n de 2 tabletas por v칤a oral en una sola toma.'),
(242, '7759307009454', 'SOLUNA 5', 3.70, 0.00, 4.14, 0.00, 0.00, 0.00, 6, 0, 0, 21, 12, 14, '*', '2027-02-01', 0.00, ''),
(243, '2000001835906', 'Fluconazol150mg x 1', 0.75, 0.00, 1.10, 0.00, 0.00, 0.00, 0, 0, 0, 21, 15, 10, '*', '2026-01-01', 0.00, ''),
(244, '8904324900201', 'Neoalergine Plus 10mg. C치psulas', 7.80, 0.00, 9.20, 0.30, 0.31, 0.26, 2, 9, 30, 21, 4, 10, '*', '2025-08-01', 0.00, ''),
(245, '8901790721378', 'Amlodipino 5mg. Tabletas', 28.00, 0.00, 32.00, 0.30, 0.32, 0.28, 1, 80, 100, 21, 4, 1, '*', '2026-09-01', 0.00, ''),
(246, '7862104592064', 'Sinaprox. Tabletas', 4.85, 0.00, 6.00, 0.30, 0.30, 0.24, 4, 74, 20, 21, 4, 1, '*', '2027-06-01', 0.00, ''),
(247, '7730969302435', 'Migradorixina. Comprimidos.', 10.40, 0.00, 14.50, 0.70, 0.73, 0.52, 2, 24, 20, 24, 4, 8, '*', '2026-09-01', 0.00, 'Crisis agudas de jaquecas; crisis de jaquecas que no reaccionan o que reaccionan parcialmente a otros tratamientos. Dosificaci칩n: 1 comprimido al comenzar los s칤ntomas. Cuando la cefalea es muy intensa 2 comprimidos juntos. Continuar de ser necesario con 1 comprimido cada 1/2 a 1 hora.'),
(248, '7750215014363', 'Azitromicina 200mg/5ml', 8.75, 0.00, 11.00, 0.00, 0.00, 0.00, 2, 0, 0, 21, 7, 2, '*', '2025-12-01', 0.00, ''),
(249, '8901790695334', 'Fluconazol 200mg. x2 c치psulas.', 0.97, 0.00, 2.42, 1.20, 1.21, 0.49, 5, 9, 2, 23, 4, 10, '*', '2026-11-01', 0.00, ''),
(250, '8901790704913', 'Tramadol clorhidrato 50mg. Tabletas', 22.00, 0.00, 26.00, 0.25, 0.26, 0.22, 1, 98, 100, 21, 4, 1, '*', '2025-09-01', 0.00, ''),
(251, '7702605168798', 'Dexametasona fosfato 8mg/2ml', 7.00, 0.00, 10.00, 1.00, 1.00, 0.70, 1, 10, 10, 11, 4, 14, '*', '2026-03-01', 0.00, ''),
(252, '5391189340816', 'Triplixam', 45.00, 0.00, 51.70, 1.60, 1.72, 1.50, 1, 30, 30, 21, 4, 8, '*', '2025-05-01', 0.00, ''),
(253, '8901790702483', 'Clindamicina 300mg. C치psulas,', 4.80, 0.00, 5.40, 0.50, 0.54, 0.48, 2, 20, 10, 21, 4, 10, '*', '2025-06-01', 0.00, ''),
(254, '7800060015661', 'Trioval', 4.00, 0.00, 5.00, 0.50, 0.50, 0.40, 1, 10, 10, 21, 4, 8, '*', '2026-04-01', 0.00, 'Alivio de los s칤ntomas de la gripe, resfr칤o y catarro com칰n.\r\nAlivio de los s칤ntomas asociados con la rinitis al칠rgica y el resfriado com칰n, incluyendo congesti칩n nasal, estornudos, escurrimiento nasal, prurito y lagrimeo, asociados con dolor y fiebre.\r\nDosis usual : ni침os mayores de 12 a침os y adultos.  1 comprimido tres veces al d칤a. No tomar por m치s de 7 d칤as.\r\n'),
(255, '7800063002361', 'Zonix 7,5mg caja x 30', 10.00, 0.00, 11.70, 0.30, 0.39, 0.33, 2, 50, 30, 21, 4, 8, '*', '2025-12-01', 0.00, ''),
(256, '7861155901771', 'Mucoxin Relax tabs x 30', 9.80, 0.00, 12.00, 0.40, 0.40, 0.33, 1, 30, 30, 21, 4, 1, '*', '2026-08-01', 0.00, 'Ambroxol + Loratadina\r\nMucoxin ayuda a estimular la estructura del moco respiratorio m치s abundante y fluido, facilitando su eliminaci칩n por medio de la tos. Es eficaz para el alivio de la congesti칩n nasal, la rinorrea, el lagrimeo y los estornudos.\r\nDosificaci칩n: Mayores de 6 a침os y adultos: una tableta dos veces al d칤a.\r\n'),
(257, '7750215010310', 'Meloxicam 15mg', 32.00, 0.00, 40.00, 0.40, 0.40, 0.32, 1, 89, 100, 21, 4, 1, '*', '2027-06-01', 0.00, ''),
(258, '7862102713829', 'Digestotal Forte x30', 15.00, 0.00, 21.00, 0.70, 0.70, 0.50, 2, 22, 30, 21, 4, 10, '*', '2027-05-01', 0.00, 'Elimina el meteorismo.'),
(259, '8906046202861', 'Germinterol. Bacillus clausii', 14.00, 0.00, 15.00, 1.50, 1.50, 1.40, 1, 10, 10, 21, 4, 7, '*', '2026-01-01', 0.00, ''),
(260, '7800060130050', 'Realta 60mg', 45.00, 0.00, 50.00, 1.60, 1.67, 1.50, 1, 28, 30, 21, 4, 10, '*', '2025-08-01', 0.00, ''),
(261, '7800070000046', 'Bladuril 200mg', 17.85, 0.00, 18.12, 0.90, 0.91, 0.89, 1, 2, 20, 21, 4, 8, '*', '2026-07-01', 0.00, ''),
(262, '7702057065829', 'Pregabalina 75mg. C치psulas', 8.85, 0.00, 9.92, 0.70, 0.71, 0.63, 1, 11, 14, 21, 4, 10, '*', '2026-06-01', 0.00, ''),
(263, '7868001303536', 'Ditiflex 4mg', 17.00, 0.00, 19.44, 2.00, 1.94, 1.70, 1, 10, 10, 21, 4, 8, '*', '2026-11-01', 0.00, ''),
(264, '7861155901696', 'HCT25. Tabletas', 3.25, 0.00, 5.40, 0.20, 0.18, 0.11, 1, 30, 30, 21, 4, 1, '*', '2026-05-01', 0.00, ''),
(265, '7703763484010', 'Ibersart치n', 5.15, 0.00, 6.30, 0.20, 0.21, 0.17, 1, 30, 30, 10, 4, 1, '*', '2026-01-01', 0.00, ''),
(266, '7861129000219', 'Hierrovit Forte', 5.10, 0.00, 6.00, 0.20, 0.20, 0.17, 1, 30, 30, 21, 4, 1, '*', '2026-09-01', 0.00, ''),
(267, '7750215021859', 'Ketorolaco 10mg', 8.75, 0.00, 10.50, 0.30, 0.35, 0.29, 1, 17, 30, 21, 4, 1, '*', '2027-07-01', 0.00, ''),
(268, '7861009806832', 'Cloruro de sodio al 0.9% 100ml', 0.80, 0.00, 1.00, 0.00, 0.00, 0.00, 4, 0, 0, 21, 15, 22, '*', '2027-02-01', 0.00, ''),
(269, '7861139806887', 'Cloruro de sodio al 0,9% 500ml', 1.00, 0.00, 1.50, 0.00, 0.00, 0.00, 5, 0, 0, 21, 15, 22, '*', '2027-12-01', 0.00, ''),
(270, '7868000691818', 'Gasa Lista 100u', 6.50, 0.00, 10.00, 0.10, 0.10, 0.07, 1, 32, 100, 21, 4, 5, '*', '2027-01-01', 0.00, ''),
(271, '7868000466409', 'GENGITOS jarabe expectorante natural. 250ml', 0.00, 0.00, 5.00, 0.00, 0.00, 0.00, 4, 0, 0, 21, 15, 2, '*', '2026-02-05', 0.00, ''),
(272, '7861002401898', 'Suero fisiol칩gico UB 500ml', 4.91, 0.00, 6.50, 0.00, 0.00, 0.00, 5, 0, 0, 21, 15, 22, '*', '2026-11-01', 0.00, ''),
(273, '7702057713416', 'ANTI츼CIDO MK', 1.75, 0.00, 2.80, 0.00, 0.00, 0.00, 3, 0, 0, 21, 7, 18, '*', '2025-06-01', 0.00, ''),
(274, '7862102650254', 'Mentol chino linimento 120ml', 3.15, 0.00, 3.50, 0.00, 0.00, 0.00, 2, 0, 0, 21, 7, 22, '*', '2026-06-19', 0.00, ''),
(275, '7509546015040', 'Colgate cepillos de dientes x12', 7.50, 0.00, 12.00, 1.00, 1.00, 0.63, 1, 12, 12, 21, 4, 5, '*', '2027-01-01', 0.00, ''),
(276, '7702313129005', 'Limas para u침as LIZMAR', 0.05, 0.00, 0.50, 0.00, 0.00, 0.00, 144, 0, 0, 21, 15, 5, '*', '2027-01-01', 0.00, ''),
(277, '7702136645003', 'Curitas traslucidas', 1.25, 0.00, 2.00, 0.10, 0.02, 0.01, 2, 178, 100, 21, 4, 5, '*', '2027-01-01', 0.00, ''),
(278, '7702136367110', 'Esparadrapo blanco 125cm', 1.00, 0.00, 2.00, 0.00, 0.00, 0.00, 2, 0, 0, 21, 15, 5, '*', '2027-01-01', 0.00, ''),
(279, '7702136356923', 'Esparadrapo piel 125cm', 1.00, 0.00, 2.00, 0.00, 0.00, 0.00, 4, 0, 0, 21, 15, 5, '*', '2027-01-01', 0.00, ''),
(280, '7861081714087', 'Guantes quir칰rgicos Tama침o 7 8', 0.75, 0.15, 1.00, 0.00, 0.00, 0.00, 6, 0, 0, 21, 15, 5, '*', '2029-08-01', 0.15, ''),
(282, '7861015910059', 'Algodon Sana 10gr', 0.35, 0.10, 0.70, 0.00, 0.00, 0.00, 1, 0, 0, 21, 15, 5, '*', '2027-01-01', 0.15, 'Algodon'),
(283, '7861015910042', 'Algodon Sana 25gr', 0.75, 0.22, 1.50, 0.00, 0.00, 0.00, 3, 0, 0, 21, 15, 5, '*', '2027-01-01', 0.15, ''),
(284, '7406158983265', 'Aspirina Efervescente caja x20 sobres', 12.00, 0.00, 14.00, 0.65, 0.70, 0.60, 2, 19, 20, 25, 4, 7, '*', '2026-08-01', 0.00, ''),
(285, '7861078306080', 'Pa침ales POMPIS Talla M. 24unidades', 3.66, 0.00, 4.80, 0.00, 0.00, 0.00, 3, 0, 0, 21, 16, 5, '*', '2027-10-01', 0.00, ''),
(286, '7861078306073', 'Pa침ales Pompis. Talla P. x24 unidades', 2.97, 0.58, 3.90, 0.00, 0.00, 0.00, 3, 0, 0, 21, 16, 5, '*', '2027-06-01', 0.15, ''),
(287, '7709212970004', 'Freskitos shampo infantil', 2.21, 0.46, 3.08, 0.00, 0.00, 0.00, 3, 0, 0, 21, 17, 5, '*', '2026-05-28', 0.15, ''),
(288, '7861004350408', 'Maternity Clasica', 1.13, 0.22, 1.50, 0.00, 0.00, 0.00, 3, 0, 0, 21, 15, 5, '*', '2027-10-01', 0.15, ''),
(289, '8904054612627', 'Zeagra 50', 6.40, 0.00, 9.36, 3.00, 2.34, 1.60, 4, 15, 4, 21, 4, 5, '*', '2027-07-01', 0.00, 'La tableta de Zeagra es un medicamento combinado que se usa principalmente para tratar disfunci칩n sexual Tanto en hombres como en mujeres. Los componentes activos de la tableta Da Zeagra act칰an sin칠rgicamente para mejorar el rendimiento sexual y la salud sexual en general.'),
(290, '7730963250329', 'Prudence preservativos cajax3', 1.88, 0.00, 3.00, 0.00, 0.00, 0.00, 2, 0, 0, 21, 15, 5, '*', '2025-10-30', 0.00, ''),
(291, '7861132421957', 'Anautin caja por 100', 7.00, 0.00, 10.50, 0.10, 0.11, 0.07, 2, 186, 100, 12, 4, 8, '*', '2027-09-01', 0.00, 'ANAUTIN춽 es muy efectivo en prevenci칩n y alivio de mareos, n치useas y v칩mitos por traslaci칩n y otras etiolog칤as tales como: trastornos laber칤nticos, procedimientos anest칠sicos o quir칰rgicos, irradiaciones, quimioterapia, s칤ndrome de Meni칠re.'),
(292, '6931978146046', 'Perfume en tubo', 0.70, 0.30, 2.00, 0.00, 0.00, 0.00, 6, 0, 0, 21, 7, 22, '*', '2029-04-15', 0.15, ''),
(293, '6913232312572', 'Pinza de cejas', 0.37, 0.15, 1.00, 0.00, 0.00, 0.00, 6, 0, 0, 21, 15, 5, '*', '2027-12-01', 0.15, ''),
(295, '7702027444685', 'Protectores diarios Nosotras Multiforma x 15u.', 1.00, 0.22, 1.50, 0.00, 0.00, 0.00, 4, 0, 0, 21, 16, 5, '*', '2027-08-01', 0.15, ''),
(296, '7702027044168', 'Protectores diarios Nosotras Econopack x120u', 3.75, 0.86, 5.75, 0.10, 0.05, 0.03, 1, 120, 120, 21, 4, 5, '*', '2026-02-02', 0.15, ''),
(297, '7861097200475', 'Finalin Forte caja x 100u', 28.00, 0.00, 35.00, 0.40, 0.35, 0.28, 1, 70, 100, 21, 4, 6, '*', '2028-05-01', 0.00, ''),
(298, '650240074004', 'QG 5 Plus x 24', 16.32, 0.00, 20.00, 0.90, 0.83, 0.68, 1, 22, 24, 21, 4, 5, '*', '2026-09-01', 0.00, 'Medicamento herbario de uso tradicional utilizado para el alivio de transtornos gastrointestinales leves o funcionales (colitis), manifestados como c칩licos (dolores) intestinales, inflamaci칩n abdominal, gases u ocasionalmente diarrea, por breves periodos de tiempo, basado exclusivamente en el uso tradicional.'),
(299, '7500435133890', 'Vaporub x 12 u de12gr', 10.77, 0.00, 12.00, 1.00, 1.00, 0.90, 1, 9, 12, 21, 4, 5, '*', '2026-01-01', 0.00, ''),
(300, '7861149200453', 'Tensiflex x 10u', 2.78, 0.00, 3.50, 0.35, 0.35, 0.28, 3, 8, 10, 1, 4, 8, '*', '2026-05-01', 0.00, ''),
(301, '7501007534879', 'Visine original 15ml', 2.95, 0.00, 3.50, 0.00, 0.00, 0.00, 2, 0, 0, 21, 5, 9, '*', '2027-04-01', 0.00, 'La cantidad a despachar ser치 revisada por el qu칤mico farmac칠utico seg칰n tratamiento adecuado. Indicaciones: Alivio del enrojecimiento, ardor, picaz칩n e irritaciones menores del ojo. Posolog칤a: Colocar 1 칩 2 gotas en cada ojo 2 칩 3 veces al d칤a.'),
(302, '7703202221329', 'Buscapina Duo x 20u', 6.74, 0.00, 10.40, 0.60, 0.52, 0.34, 3, 46, 20, 21, 4, 8, '*', '2027-07-01', 0.00, 'BUSCAPINA춽 DUO se usa para calmar el dolor de panza moderado a fuerte, asociado a espasmos (contracciones) o c칩licos de los 칩rganos del abdomen y la pelvis (est칩mago, intestino, colon, ves칤cula, ur칠teres, uretra, vejiga, 칰tero). Analg칠sico y Antiespasm칩dico.'),
(303, '7861038122026', 'Preservativos Eros caja x 12', 8.68, 1.50, 10.00, 2.00, 0.83, 0.72, 1, 5, 12, 21, 4, 5, '*', '2028-08-01', 0.15, ''),
(304, '7861007600234', 'Suero fisiologico  60ml', 0.94, 0.00, 1.25, 0.00, 0.00, 0.00, 2, 0, 0, 21, 7, 22, '*', '2026-11-19', 0.00, ''),
(305, '8901790705187', 'Ibuwin de 600mg x 30u', 14.00, 0.00, 16.20, 0.50, 0.54, 0.47, 1, 15, 30, 23, 4, 10, '*', '2027-06-01', 0.00, 'Tto. de dolor moderado y fiebre: dosis diaria recomendada: 1200-1600 mg en dosis multiples. 400-600 mg/6-8 h seg칰n sea necesario, no exceder de la dosis m치xima diaria de 2400 mg en dosis m칰ltiples. Utilizar la dosis eficaz m치s baja y durante el menor tiempo posible seg칰n las necesidades de cada paciente.'),
(306, '7861038122644', 'Guantes de latex SAFTI x 50 pares', 6.00, 1.07, 7.12, 0.10, 0.07, 0.06, 1, 94, 100, 21, 4, 5, '*', '2029-05-01', 0.15, ''),
(307, '7861081703296', 'Llave de 3 v칤as ', 0.45, 0.00, 1.00, 0.00, 0.00, 0.00, 8, 0, 0, 21, 15, 5, '*', '2030-01-01', 0.00, ''),
(308, '7501298223513', 'Doloneurobion Forte x 30', 23.40, 0.00, 25.08, 0.80, 0.84, 0.78, 1, 11, 30, 21, 4, 1, '*', '2027-04-01', 0.00, ''),
(309, '7861000259910', 'Caja para muestra de heces', 0.05, 0.01, 0.10, 0.00, 0.00, 0.00, 30, 0, 0, 21, 15, 5, '*', '2028-08-01', 0.15, ''),
(310, '7862108810751', 'Moxilan 1g caja x10', 12.35, 0.00, 12.50, 1.00, 1.25, 1.23, 3, 17, 10, 21, 4, 1, '*', '2026-11-01', 0.00, ''),
(311, '7862108810812', 'Moxilan 3D jarabe', 3.06, 0.00, 5.77, 0.00, 0.00, 0.00, 2, 0, 0, 21, 7, 7, '*', '2026-10-01', 0.00, ''),
(312, '7861149201450', 'Glicenex 850mg', 7.00, 0.00, 8.10, 0.30, 0.27, 0.23, 3, 70, 30, 1, 4, 8, '*', '2025-07-01', 0.00, ''),
(313, '7750215023785', 'Arcodex 90mg', 12.00, 0.00, 20.00, 1.45, 1.43, 0.86, 1, 3, 14, 28, 4, 1, '*', '2026-09-01', 0.00, ''),
(314, '7862118420049', 'VENDA DE GASA X6', 0.75, 0.17, 1.10, 0.00, 0.00, 0.00, 2, 0, 0, 21, 13, 5, '*', '2029-11-05', 0.15, ''),
(315, '7862118420032', 'VENDA DE GASA X4', 0.63, 0.14, 0.90, 0.00, 0.00, 0.00, 2, 0, 0, 21, 13, 5, '*', '2029-11-05', 0.15, ''),
(316, '7862118420094', 'VENDA ELASTICA', 0.72, 0.18, 1.20, 0.00, 0.00, 0.00, 1, 0, 0, 21, 13, 5, '*', '2030-01-13', 0.15, ''),
(317, '7861073963516', 'Adorlan', 7.53, 0.00, 9.30, 0.35, 0.31, 0.25, 1, 16, 30, 29, 4, 8, '*', '2026-08-01', 0.00, ''),
(318, '7862114721362', 'Molarex forte', 6.62, 0.00, 11.04, 0.50, 0.55, 0.33, 1, 12, 20, 21, 4, 10, '*', '2026-10-01', 0.00, ''),
(319, '7703153008819', 'Umbral gotas', 1.61, 0.00, 2.10, 0.00, 0.00, 0.00, 0, 0, 0, 21, 5, 9, '*', '2026-10-01', 0.00, ''),
(320, '7861097800293', 'Algod칩n absorbente 5gr', 0.14, 0.00, 0.25, 0.00, 0.00, 0.00, 8, 0, 0, 21, 15, 5, '*', '2026-01-01', 0.00, ''),
(321, '6950606698238', 'Shampoo black hair caja x 10', 2.00, 0.00, 5.00, 0.50, 0.50, 0.20, 2, 15, 10, 21, 4, 22, '*', '2026-01-01', 0.00, ''),
(322, '7868001099019', 'Tromicina 500mg caja x5', 3.20, 0.00, 5.00, 1.25, 1.00, 0.64, 2, 10, 5, 21, 4, 1, '*', '2027-12-01', 0.00, ''),
(324, '7861081709762', 'Frasco para muestra de orina', 0.10, 0.00, 0.15, 0.00, 0.00, 0.00, 27, 0, 0, 21, 7, 5, '*', '2026-01-01', 0.00, ''),
(325, '7861078303324', 'Pa침itos h칰medos panolini 100u', 3.00, 0.00, 3.00, 0.00, 0.00, 0.00, 1, 0, 0, 21, 16, 5, '*', '2026-01-01', 0.00, ''),
(326, '7805633025634', 'Pa침itos h칰medos Bubu 45u', 0.80, 0.00, 1.00, 0.00, 0.00, 0.00, 0, 0, 0, 21, 16, 5, '*', '2025-10-27', 0.00, ''),
(327, '000900133792', 'Pa침al  FP Nappis xxg 3unidades', 0.60, 0.15, 1.00, 0.00, 0.00, 0.00, 5, 0, 0, 21, 16, 5, '*', '2027-12-09', 0.15, ''),
(328, '7861155903478', 'Maganyl 800mg/60mg', 4.29, 0.00, 7.80, 0.00, 0.00, 0.00, 1, 0, 0, 31, 7, 22, '*', '2026-12-01', 0.00, ''),
(329, '7862103554018', 'Bismutol 180ml', 6.20, 0.00, 8.50, 0.00, 0.00, 0.00, 0, 0, 0, 21, 17, 22, '*', '2027-09-01', 0.00, ''),
(331, '7861132427911', 'Oralsept Menta x 60ml', 0.55, 0.00, 0.80, 0.00, 0.00, 0.00, 2, 0, 0, 12, 7, 22, '*', '2026-10-01', 0.00, ''),
(332, '7861132425313', 'Oralsept Zero 240ml', 2.48, 0.00, 3.10, 0.00, 0.00, 0.00, 1, 0, 0, 12, 7, 22, '*', '2026-03-01', 0.00, ''),
(333, '7861132425269', 'Oralsept  Menta fresca 240ml', 2.40, 0.00, 3.00, 0.00, 0.00, 0.00, 2, 0, 0, 12, 7, 22, '*', '2026-10-01', 0.00, ''),
(335, '7862102664046', 'Dexa Neuroyecta DC sol.inyectable', 6.07, 0.00, 6.90, 0.00, 0.00, 0.00, 3, 0, 0, 26, 12, 22, '*', '2026-04-01', 0.00, ''),
(336, '7703153043414', 'Dol B Vit DC 3 ampollas', 11.66, 0.00, 22.00, 6.00, 22.00, 11.66, 0, 0, 1, 21, 4, 22, '*', '2025-10-01', 0.00, ''),
(337, '7702026032951', 'Pa침uelos cuidado gripal Familia', 2.00, 0.00, 3.00, 0.75, 0.75, 0.50, 5, 19, 4, 21, 4, 5, '*', '2028-05-01', 0.00, ''),
(338, '8901790699493', 'Clotrimazol 1% en crema 20gr', 0.97, 0.00, 1.51, 0.00, 0.00, 0.00, 2, 0, 0, 23, 13, 19, '*', '2026-05-01', 0.00, ''),
(339, '7861002401720', 'Topident infantil plus', 5.02, 0.00, 6.60, 0.00, 0.00, 0.00, 1, 0, 0, 5, 7, 22, '*', '2026-08-01', 0.00, '');
INSERT INTO `producto` (`codproducto`, `codigo`, `descripcion`, `precio`, `precioIVA`, `precioPVP`, `precioFr`, `precioFr_o`, `precioFr_c`, `existencia`, `existencia_fr`, `fraccion`, `id_lab`, `id_presentacion`, `id_tipo`, `id_grupo`, `vencimiento`, `iva`, `info_prod`) VALUES
(340, '7861002400174', 'Topident  Adulto 10ml', 5.08, 0.00, 6.60, 0.00, 0.00, 0.00, 0, 0, 0, 5, 7, 22, '*', '2027-10-01', 0.00, ''),
(341, '7861051601010', 'Quadriderm Crema', 6.52, 0.00, 7.95, 0.00, 0.00, 0.00, 0, 0, 0, 21, 13, 19, '*', '2026-01-01', 0.00, ''),
(342, '7861132425191', 'Oralsept pastillas masticables', 11.38, 0.00, 12.50, 0.25, 0.25, 0.23, 2, 48, 50, 12, 4, 1, '*', '2026-12-01', 0.00, ''),
(343, '7861009805736', 'Buprex Forte 200mg/5ml', 4.40, 0.00, 5.80, 0.00, 0.00, 0.00, 1, 0, 0, 21, 7, 2, '*', '2026-01-01', 0.00, ''),
(344, '7861081715930', 'jeinguilla descartable 3ml', 0.00, 0.00, 0.10, 0.00, 0.00, 0.00, 86, 0, 0, 21, 15, 5, '*', '2029-10-01', 0.00, ''),
(345, '7730969301575', 'Sertal Compuesto x 20', 9.70, 0.00, 12.00, 0.60, 0.60, 0.49, 2, 9, 20, 24, 4, 8, '*', '2027-01-01', 0.00, ''),
(346, '7800060003309', 'Oftagen  simple colirio 5ml', 1.20, 0.00, 1.53, 0.00, 0.00, 0.00, 1, 0, 0, 21, 5, 9, '*', '2026-09-01', 0.00, ''),
(347, '7862102714321', 'Clodopan tabletas 10mg', 4.42, 0.00, 5.20, 0.30, 0.26, 0.22, 1, 15, 20, 21, 4, 1, '*', '2025-11-01', 0.00, ''),
(348, '7501094916015', 'Voltaren emulgel', 6.32, 0.00, 7.20, 0.00, 0.00, 0.00, 2, 0, 0, 21, 15, 5, '*', '2027-02-01', 0.00, ''),
(349, '7861148022513', 'Acitip', 5.95, 0.00, 7.14, 0.40, 0.36, 0.30, 1, 2, 20, 24, 4, 8, '*', '2027-03-01', 0.00, ''),
(350, '7862103554971', 'Bismusal', 10.00, 0.00, 12.00, 0.30, 0.25, 0.21, 1, 33, 48, 33, 4, 7, '*', '2027-09-01', 0.00, ''),
(351, '4104480705212', 'Abrilar jarabe', 6.79, 0.00, 9.64, 0.00, 0.00, 0.00, 1, 0, 0, 21, 7, 2, '*', '2026-10-01', 0.00, ''),
(352, '7702057803292', 'Gastrofast Advance', 9.50, 0.00, 11.40, 1.00, 0.95, 0.79, 2, 13, 12, 21, 4, 3, '*', '2026-03-01', 0.00, ''),
(353, '736085410099', 'Ofteno 3A', 8.55, 0.00, 10.25, 0.00, 0.00, 0.00, 1, 0, 0, 21, 5, 9, '*', '2026-05-02', 0.00, ''),
(354, '8901790695525', 'Diclofenaco Neurotropas caja x100', 18.00, 0.00, 60.00, 0.25, 0.60, 0.18, 1, 95, 100, 23, 4, 10, '*', '2027-01-01', 0.00, ''),
(355, '7861003121214', 'Toallas Nosotras B치sica Natural x10', 0.92, 0.00, 1.25, 0.00, 0.00, 0.00, 3, 0, 0, 21, 16, 5, '*', '2027-09-01', 0.00, ''),
(356, '7703153008802', 'Umbral capsula blanda 500 caja x 50', 9.13, 0.00, 12.50, 0.30, 0.25, 0.18, 1, 45, 50, 33, 4, 10, '*', '2026-10-01', 0.00, ''),
(357, '7862103555114', 'Umbral c치psula recub 1gramo caja x20', 6.16, 0.00, 8.80, 0.50, 0.44, 0.31, 2, 18, 20, 15, 4, 10, '*', '2026-01-01', 0.00, ''),
(358, '7730969301803', 'Dorixina Relax', 5.85, 0.00, 7.50, 0.80, 0.75, 0.59, 1, 10, 10, 24, 4, 8, '*', '2026-10-01', 0.00, ''),
(359, '7862135380005', 'Predcor (Prednisona) 20mg caja x30 tabs', 12.92, 0.00, 17.50, 0.60, 0.58, 0.43, 1, 8, 30, 21, 4, 1, '*', '2027-02-01', 0.00, ''),
(360, '7861002400235', 'Lamoderm crema 15gr', 2.25, 0.00, 2.90, 0.00, 0.00, 0.00, 2, 0, 0, 5, 13, 19, '*', '2026-01-01', 0.00, ''),
(361, '7862103553448', 'Bactrim Forte caja x10', 5.18, 0.00, 6.40, 0.65, 0.64, 0.52, 2, 14, 10, 15, 4, 8, '*', '2025-09-01', 0.00, ''),
(362, '7861002400112', 'Lamoderm nasal 5gr', 2.89, 0.00, 3.80, 0.00, 0.00, 0.00, 1, 0, 0, 5, 13, 19, '*', '2026-08-01', 0.00, ''),
(363, '7862102713911', 'Respaliv caja x12', 2.16, 0.00, 3.60, 0.35, 0.30, 0.18, 2, 22, 12, 21, 4, 1, '*', '2027-02-01', 0.00, ''),
(364, '7862102661632', 'Migraflash', 8.32, 0.00, 12.00, 0.60, 0.60, 0.42, 1, 9, 20, 26, 4, 10, '*', '2027-10-01', 0.00, ''),
(365, '7861018517996', 'DORITOS LEMON REMIX 45G', 0.54, 0.00, 0.65, 0.00, 0.00, 0.00, 2, 0, 0, 21, 15, 24, '*', '2026-01-01', 0.00, ''),
(366, '7861124403152', 'ROSQUITAS MAIZ 34G', 0.20, 0.00, 0.25, 0.00, 0.00, 0.00, 2, 0, 0, 21, 15, 5, '*', '2025-03-13', 0.00, ''),
(367, '7861065509951', 'MIX EL GOLPE RANCHERO 55G', 0.38, 0.00, 0.50, 0.00, 0.00, 0.00, 2, 0, 0, 21, 15, 5, '*', '2025-06-06', 0.00, ''),
(368, '7861018591460', 'NATUCHIPS PLATANITOS 45G', 0.50, 0.00, 0.60, 0.00, 0.00, 0.00, 2, 0, 0, 21, 15, 5, '*', '2025-05-25', 0.00, ''),
(369, '7702026195038', 'TOALLAS FEMENINAS NOSOTRAS INVESIBLE', 1.50, 0.00, 1.50, 0.00, 0.00, 0.00, 3, 0, 0, 21, 16, 5, '*', '2026-10-01', 0.00, ''),
(370, '7861008533234', 'CHOCOLATE CA칌ON 19G', 3.17, 0.00, 6.00, 0.25, 0.25, 0.13, 1, 24, 24, 21, 4, 10, '*', '2025-08-13', 0.00, ''),
(371, '7862117210115', 'GALLETAS CROFFER COCO 175G', 0.61, 0.00, 1.25, 0.00, 0.00, 0.00, 3, 0, 0, 21, 15, 5, '*', '2025-05-10', 0.00, ''),
(372, '7861018591453', 'NATUCHIP PLATANITOS 21G', 0.25, 0.00, 0.30, 0.00, 0.00, 0.00, 1, 0, 0, 21, 15, 5, '*', '2025-05-04', 0.00, ''),
(373, '7862117321637', 'GALLETAS KOKI COCO 210G ', 0.71, 0.00, 1.00, 0.00, 0.00, 0.00, 0, 0, 0, 21, 15, 5, '*', '2025-12-17', 0.00, ''),
(374, '7861091148698', 'GALLETAS COCO NESTLE CLASSIC 225G', 1.26, 0.00, 1.65, 0.00, 0.00, 0.00, 1, 0, 0, 21, 15, 5, '*', '2025-08-04', 0.00, ''),
(375, '7702007005714', 'CHOCOLATE JET BARRA 26G', 7.71, 0.00, 9.00, 0.75, 0.50, 0.43, 1, 17, 18, 21, 4, 5, '*', '2026-01-01', 0.00, ''),
(376, '7862117324874', 'GALLETAS MIAS FRESA 157G', 0.62, 0.00, 1.00, 0.00, 0.00, 0.00, 2, 0, 0, 21, 15, 5, '*', '2025-08-16', 0.00, ''),
(377, '7861091158314', 'GALLETAS AMOR CHOCOLATE 100G', 0.72, 0.00, 1.00, 0.00, 0.00, 0.00, 0, 0, 0, 21, 15, 5, '*', '2025-08-17', 0.00, ''),
(378, '7862117324904', 'GALLETAS MIAS VAINILLA 157G', 0.62, 0.00, 1.00, 0.00, 0.00, 0.00, 3, 0, 0, 21, 15, 5, '*', '2025-06-22', 0.00, ''),
(379, '7861018591699', 'RUFFLES CREMA Y CEVOLLA 38G', 0.48, 0.00, 0.60, 0.00, 0.00, 0.00, 5, 0, 0, 21, 15, 5, '*', '2025-05-11', 0.00, ''),
(380, '7861018591682', 'RUFFLES NATURAL 38G', 0.48, 0.00, 0.60, 0.00, 0.00, 0.00, 2, 0, 0, 21, 15, 5, '*', '2025-05-04', 0.00, ''),
(381, '7862109437599', 'BEBIDA HIDRATANTE GATORADE FRUTOS ROJOS', 0.40, 0.00, 0.50, 0.00, 0.00, 0.00, 2, 0, 0, 21, 15, 5, '*', '2025-10-15', 0.00, ''),
(382, '7862117641261', 'Ivumod (Uvamin) caja x 20', 2.55, 0.00, 4.80, 0.25, 0.24, 0.13, 2, 19, 20, 21, 4, 10, '*', '2027-02-01', 0.00, ''),
(383, '7862103555008', 'Bactrim jarabe 200/40mg', 4.59, 0.00, 7.65, 0.00, 0.00, 0.00, 3, 0, 0, 15, 7, 2, '*', '2025-10-01', 0.00, ''),
(384, '650240000010', 'X Ray Dol caja x 48', 15.12, 0.00, 20.16, 0.40, 0.42, 0.32, 1, 27, 48, 21, 4, 1, '*', '2026-08-01', 0.00, ''),
(385, '7862106704458', 'BEBIDA ENERGISANTE VIVE 100 ORIGINAL 300ML', 0.37, 0.00, 0.50, 0.00, 0.00, 0.00, 3, 0, 0, 21, 15, 5, '*', '2025-04-10', 0.00, ''),
(386, '7862106704595', 'BEBIDA ENERGIZANTE VIVE 100 BOROJO 300ML', 0.37, 0.00, 0.50, 0.00, 0.00, 0.00, 3, 0, 0, 21, 15, 5, '*', '2025-04-10', 0.00, ''),
(387, '7840653008908', 'Endura (Sildenafil 50mg) caja x10', 5.38, 0.00, 23.40, 2.50, 2.34, 0.54, 1, 10, 10, 21, 4, 8, '*', '2026-02-01', 0.00, ''),
(388, '7862101613342', 'FLUCC 150 mg(Fluconazol)', 1.21, 0.00, 2.20, 1.10, 1.10, 0.61, 1, 2, 2, 35, 4, 10, '*', '2026-09-01', 0.00, ''),
(389, '7862136440012', 'Jab칩n 칤ntimo femenino LUANA', 1.75, 0.45, 3.00, 0.00, 0.00, 0.00, 2, 0, 0, 21, 17, 22, '*', '2027-02-05', 0.15, ''),
(390, '3664798066043', 'Enterogermina  caja x10', 9.78, 0.00, 16.87, 2.00, 1.69, 0.98, 3, 12, 10, 38, 4, 22, '*', '2026-08-01', 0.00, ''),
(391, '7862110542275', 'BEBIDA HIDRATANTE SPORADE APPLE 500ML', 0.41, 0.00, 0.50, 0.00, 0.00, 0.00, 1, 0, 0, 21, 15, 5, '*', '2025-07-23', 0.00, ''),
(392, '7862121981063', 'COLA ORANGINE NARANJA 250ML', 0.19, 0.00, 0.25, 0.00, 0.00, 0.00, 1, 0, 0, 21, 15, 5, '*', '2025-08-19', 0.00, ''),
(393, '7862113551526', 'COLA MAS MANZANA 355ML', 0.24, 0.00, 0.30, 0.00, 0.00, 0.00, 3, 0, 0, 21, 15, 5, '*', '2025-05-27', 0.00, ''),
(394, '78605022', 'COCA COLA SIN AZUCAR 410ML', 0.32, 0.00, 0.40, 0.00, 0.00, 0.00, 1, 0, 0, 21, 15, 5, '*', '2025-03-15', 0.00, ''),
(395, '7862109438183', 'COLA PEPSI GOLAZO 355ML', 0.24, 0.00, 0.30, 0.00, 0.00, 0.00, 1, 0, 0, 21, 15, 5, '*', '2025-04-29', 0.00, ''),
(396, '759494000354', 'AGUA CON GAS GUITIG 500ML', 0.58, 0.00, 0.70, 0.00, 0.00, 0.00, 1, 0, 0, 21, 15, 5, '*', '2025-06-03', 0.00, ''),
(397, '7861000129954', 'AGUA CON GAS SAN FELIPE 500ML', 0.45, 0.00, 0.70, 0.00, 0.00, 0.00, 3, 0, 0, 21, 15, 5, '*', '2025-04-20', 0.00, ''),
(398, '7861014102110', 'BEBIDA TE LEGZ LIMON 500ML', 0.77, 0.00, 0.98, 0.00, 0.00, 0.00, 1, 0, 0, 21, 15, 5, '*', '2025-06-27', 0.00, ''),
(399, '7861014102127', 'BEBIDA TE LEGZ NARANJA 500ML', 0.78, 0.00, 0.98, 0.00, 0.00, 0.00, 1, 0, 0, 21, 15, 5, '*', '2025-06-28', 0.00, ''),
(400, '759494998422', 'BEBIDA ENRGIZANTE V220 ORIGINAL 330ML', 0.38, 0.00, 0.50, 0.00, 0.00, 0.00, 3, 0, 0, 21, 15, 5, '*', '2025-07-19', 0.00, ''),
(401, '759494997302', 'AGUA CON GAS GUITIG TORONJA 355ML', 0.39, 0.00, 0.50, 0.00, 0.00, 0.00, 2, 0, 0, 21, 15, 5, '*', '2025-06-05', 0.00, ''),
(402, '7702354945992', 'BEBIDA SAVILOE CON FIBRA 320ML', 0.78, 0.00, 1.00, 0.00, 0.00, 0.00, 2, 0, 0, 21, 15, 5, '*', '2025-06-15', 0.00, ''),
(403, '7862121981858', 'COLA BUZZ LIMON 250ML', 0.19, 0.00, 0.25, 0.00, 0.00, 0.00, 1, 0, 0, 21, 15, 5, '*', '2025-08-11', 0.00, ''),
(404, '7862123121436', 'HIDRATANTE HIDRALIFE MANZANA 650ML', 1.00, 0.00, 1.70, 0.00, 0.00, 0.00, 4, 0, 0, 21, 15, 5, '*', '2025-02-03', 0.00, ''),
(405, '7862123121467', 'HIDRATANTE HIDRALIFE FLOR DE JAMAICA 650ML', 1.00, 0.00, 1.70, 0.00, 0.00, 0.00, 6, 0, 0, 21, 15, 5, '*', '2026-01-16', 0.00, ''),
(406, '7862123121443', 'HIDRATANTE HIBRALIFE BLUBERRY 650ML', 1.00, 0.00, 1.70, 0.00, 0.00, 0.00, 8, 0, 0, 21, 15, 5, '*', '2026-01-16', 0.00, ''),
(407, '6950606698221', 'HAIR SHAMPU DARK BROWN CAJ 10', 2.00, 0.00, 5.00, 0.50, 5.00, 2.00, 0, 0, 1, 21, 4, 5, '*', '2028-04-14', 0.00, ''),
(408, '7862114197839', 'Termoprotector capilar', 1.26, 0.45, 3.00, 0.00, 0.00, 0.00, 3, 0, 0, 21, 17, 22, '*', '2027-01-31', 0.15, ''),
(409, '7509546063515', 'Desodornte Lady Speed Stick Pro5', 3.53, 0.75, 5.00, 0.00, 0.00, 0.00, 3, 0, 0, 21, 7, 26, '*', '2026-01-01', 0.15, ''),
(412, '7750215005767', 'Ampicilina (Ampibex) 500mg', 18.00, 0.00, 20.00, 0.20, 0.20, 0.18, 1, 76, 100, 28, 4, 10, '*', '2026-12-01', 0.00, ''),
(413, '6926145200843', 'Cotonetes Carlitos x100', 0.62, 0.15, 1.00, 1.00, 0.08, 0.05, 1, 12, 12, 21, 4, 5, '*', '2029-03-01', 0.15, ''),
(414, '7861073101567', 'Venda de gasa No.6 Caricia', 0.55, 0.17, 1.10, 0.00, 0.00, 0.00, 3, 0, 0, 21, 15, 5, '*', '2028-02-03', 0.15, ''),
(415, '7861073101543', 'Venda de gasa no.4 Caricia', 0.40, 0.12, 0.80, 0.00, 0.00, 0.00, 5, 0, 0, 21, 15, 5, '*', '2027-11-25', 0.15, ''),
(416, '7862102711412', 'Singripal limonada caja x30 sobres', 15.60, 0.00, 24.00, 0.80, 0.80, 0.52, 1, 4, 30, 21, 4, 7, '*', '2026-09-01', 0.00, ''),
(417, '7703153008352', 'Alercet jarabe 5mg/5ml de 60ml', 4.32, 0.00, 5.76, 0.00, 0.00, 0.00, 0, 0, 0, 15, 7, 17, '*', '2026-09-01', 0.00, ''),
(418, '7861154800457', 'Neurobion  tabs x30u', 6.66, 0.00, 8.54, 0.28, 0.28, 0.22, 1, 30, 30, 21, 4, 1, '*', '2026-07-01', 0.00, ''),
(419, '7861009809468', 'BEDEX  c/equipo x 1000ml', 3.69, 0.00, 4.73, 0.00, 0.00, 0.00, 2, 0, 0, 21, 15, 22, '*', '2027-01-01', 0.00, ''),
(420, '7790375252342', 'Broncotosil caps x15', 8.14, 0.00, 10.30, 0.68, 0.69, 0.54, 1, 15, 15, 1, 4, 10, '*', '2026-08-02', 0.00, ''),
(421, '7861155904062', 'Protecxin caja x24 sobres', 7.14, 0.00, 8.40, 0.40, 0.35, 0.30, 1, 19, 24, 31, 4, 7, '*', '2026-06-01', 0.00, ''),
(422, '7861051601430', 'Triderm tubo x30gr', 5.70, 0.00, 6.95, 0.00, 0.00, 0.00, 1, 0, 0, 21, 13, 19, '*', '2026-01-19', 0.00, ''),
(423, '7861149201153', 'Nastizol compuesto x10 compr', 4.37, 0.00, 5.61, 0.60, 0.56, 0.44, 3, 15, 10, 1, 4, 8, '*', '2025-11-01', 0.00, ''),
(424, '7861148012552', 'Ampliurina plus x20 comp', 15.60, 0.00, 20.00, 1.00, 1.00, 0.78, 1, 17, 20, 21, 4, 8, '*', '2026-09-01', 0.00, ''),
(425, '7840653007086', 'Alfadera Jarabe 120ml', 3.77, 0.00, 5.00, 0.00, 0.00, 0.00, 1, 0, 0, 21, 7, 2, '*', '2026-12-01', 0.00, ''),
(426, '7861100402438', 'Aspirina 100 de ni침o caja x100 tabs', 13.12, 0.00, 17.49, 0.20, 0.17, 0.13, 2, 151, 100, 25, 4, 1, '*', '2026-05-01', 0.00, ''),
(427, '7501298224152', 'Neurobion DC 25000', 11.50, 0.00, 14.70, 0.00, 0.00, 0.00, 2, 0, 0, 21, 12, 22, '*', '2025-07-01', 0.00, ''),
(428, '7861149201504', 'Flogomax', 14.17, 0.00, 17.00, 0.85, 0.85, 0.71, 1, 7, 20, 1, 4, 8, '*', '2026-11-01', 0.00, ''),
(429, '7861152100290', 'Dolgenal Rapid sublingual 10mg x 10', 4.11, 0.00, 5.56, 0.55, 0.56, 0.41, 1, 2, 10, 22, 4, 8, '*', '2026-06-01', 0.00, ''),
(430, '7750215023778', 'Arcodex 60mg x14 tabs', 4.40, 0.00, 16.80, 1.00, 1.20, 0.31, 1, 12, 14, 28, 4, 1, '*', '2026-10-01', 0.00, ''),
(431, '7861132420202', 'cido f칩lico 5mg x100tabs', 2.07, 0.00, 2.70, 0.00, 0.00, 0.00, 1, 0, 0, 12, 7, 1, '*', '2028-02-01', 0.00, ''),
(432, '7750215027769', 'Ambroxol jarabe 30mg/5ml', 1.55, 0.00, 3.75, 0.00, 0.00, 0.00, 2, 0, 0, 28, 7, 2, '*', '2027-09-01', 0.00, ''),
(433, '4104480703683', 'Abrilar comprimidos efeervescentes x10', 5.28, 0.00, 7.20, 0.75, 0.72, 0.53, 1, 10, 10, 21, 4, 8, '*', '2026-06-01', 0.00, ''),
(434, '7750215015339', 'Azitromicina 500mg x 100tabs', 28.00, 0.00, 190.00, 1.00, 1.90, 0.28, 1, 19, 100, 28, 4, 1, '*', '2027-01-01', 0.00, ''),
(435, '7862104592279', 'Albendazol 400mg x30 tabs', 4.00, 0.00, 12.00, 0.30, 0.40, 0.13, 1, 30, 30, 30, 4, 1, '*', '2027-12-01', 0.00, ''),
(436, '7862103553905', 'Alercet (Cetirizina)', 10.86, 0.00, 16.00, 0.50, 0.80, 0.54, 0, 0, 20, 15, 4, 10, '*', '2027-05-01', 0.00, ''),
(437, '7862108810805', 'Ovucin duo (Clindamicina100mg / Ketoconazol400mg', 10.13, 0.00, 16.17, 2.00, 2.31, 1.45, 1, 4, 7, 21, 4, 15, '*', '2025-11-20', 0.00, ''),
(438, '7702057551100', 'Vita C + Zinc x12 sobres', 15.01, 0.00, 26.24, 1.80, 2.19, 1.25, 1, -7, 12, 27, 4, 6, '*', '2026-03-20', 0.00, ''),
(439, '7862103555145', 'Melatol 3mg x 30', 8.70, 0.00, 15.00, 0.50, 0.50, 0.29, 1, 14, 30, 21, 4, 8, '*', '2026-05-01', 0.00, ''),
(440, '7861003113080', 'Nosotras cl치sica normal ', 0.85, 0.15, 1.00, 0.00, 0.00, 0.00, 3, 0, 0, 21, 16, 5, '*', '2027-10-01', 0.15, ''),
(441, '7703889155375', 'Duopas caps x10', 6.10, 0.00, 7.32, 0.75, 0.73, 0.61, 1, 8, 10, 21, 4, 10, '*', '2027-06-01', 0.00, ''),
(442, '7794640171734', 'Corega ultra sin sabor 20gr', 6.06, 0.00, 8.48, 0.00, 0.00, 0.00, 0, 0, 0, 21, 13, 19, '*', '2027-02-01', 0.00, ''),
(443, '7861100402490', 'Apronax pro 660mg', 15.39, 0.00, 17.60, 1.10, 1.10, 0.96, 1, 4, 16, 21, 4, 10, '*', '2026-10-01', 0.00, ''),
(444, '1', 'ADAPTADOR BLUETOOTH YD-M26', 4.00, 0.00, 6.00, 0.00, 0.00, 0.00, 3, 0, 0, 21, 15, 5, '*', '2027-01-01', 0.00, ''),
(445, '7895523338128', 'CARG QC3.0 CB-CP1002 TYPO C', 2.60, 0.00, 5.00, 0.00, 0.00, 0.00, 2, 0, 0, 21, 15, 5, '*', '2027-01-01', 0.00, ''),
(446, '8699258564291', 'ANTENA 802.1 WIFI 300MBPS', 1.85, 0.00, 4.00, 0.00, 0.00, 0.00, 2, 0, 0, 21, 15, 5, '*', '2027-01-01', 0.00, ''),
(447, '8699258561108', 'ANTENA 802.1 WIFI 600MBPS', 2.40, 0.00, 6.00, 0.00, 0.00, 0.00, 2, 0, 0, 21, 15, 5, '*', '2027-01-01', 0.00, ''),
(448, '6926561901997', 'PILAS DE RELOJ CR2025', 1.00, 0.00, 2.50, 0.50, 0.50, 0.20, 1, 5, 5, 21, 4, 5, '*', '2027-01-01', 0.00, ''),
(449, '2', 'M/L AIRPODS M25', 5.75, 0.00, 9.00, 0.00, 0.00, 0.00, 2, 0, 0, 21, 15, 5, '*', '2027-01-01', 0.00, ''),
(450, '097855078872', 'MOUSE INALAMBRICO M170', 3.75, 0.00, 6.00, 0.00, 0.00, 0.00, 2, 0, 0, 21, 15, 5, '*', '2027-01-01', 0.00, ''),
(451, '3', 'TECLADO MINI K600 HP', 5.00, 0.00, 9.00, 0.00, 0.00, 0.00, 1, 0, 0, 21, 15, 5, '*', '2025-01-01', 0.00, ''),
(452, '4', 'TECLADO MINI K260 LOGITECH', 5.00, 0.00, 9.00, 0.00, 0.00, 0.00, 1, 0, 0, 21, 15, 5, '*', '2025-01-01', 0.00, ''),
(453, '5', 'CABLE USB TIPO C TPE-033', 1.00, 0.00, 1.80, 0.00, 0.00, 0.00, 1, 0, 0, 21, 15, 5, '*', '2027-01-01', 0.00, ''),
(454, '6', 'AUDIFONO M/L SPORT AA', 0.50, 0.00, 1.20, 0.00, 0.00, 0.00, 5, 0, 0, 21, 15, 5, '*', '2027-01-01', 0.00, ''),
(455, '7862136440425', 'Enjuague bucal Luana 250ml', 1.25, 0.22, 1.50, 0.00, 0.00, 0.00, 3, 0, 0, 21, 7, 22, '*', '2025-12-01', 0.15, ''),
(456, '7862117324898', 'Galletas Mias Naranja', 0.71, 0.15, 1.00, 0.00, 0.00, 0.00, 2, 0, 0, 21, 16, 5, '*', '2025-06-07', 0.15, ''),
(457, '7862117210047', 'Galletas Croffers Chocolate', 0.52, 0.12, 0.80, 0.00, 0.00, 0.00, 3, 0, 0, 21, 16, 5, '*', '2025-03-27', 0.15, ''),
(458, '7730969301612', 'Neogaival de 3', 7.01, 0.00, 9.60, 0.50, 0.48, 0.35, 2, 28, 20, 24, 4, 8, '*', '2027-03-01', 0.00, ''),
(459, '7861001847444', 'Pa침al Panolini M x 48', 7.25, 0.00, 8.50, 0.00, 0.00, 0.00, 1, 0, 0, 21, 16, 5, '*', '2027-12-01', 0.00, ''),
(460, '7861001847475', 'Pa침ales PANOLINI L x 40', 7.25, 1.27, 8.50, 0.00, 0.00, 0.00, 0, 0, 0, 21, 16, 5, '*', '2028-01-01', 0.15, ''),
(461, '7861001847505', 'Pa침ales PANOLINI XL x 36', 7.30, 0.00, 8.50, 0.35, 0.24, 0.20, 3, 108, 36, 21, 4, 5, '*', '2027-10-01', 0.00, ''),
(462, '7861001847529', 'Pa침ales PANOLINI XXL x 32', 6.85, 0.00, 8.50, 0.00, 0.00, 0.00, 3, 0, 0, 21, 16, 5, '*', '2027-10-01', 0.00, ''),
(463, '7862128100207', 'Aceite de vaselina 100ml', 1.25, 0.00, 1.75, 0.00, 0.00, 0.00, 3, 0, 0, 21, 7, 22, '*', '2027-01-01', 0.00, ''),
(464, '7861002401874', 'Suero fisiol칩gico UB 60ml', 1.00, 0.00, 1.50, 0.00, 0.00, 0.00, 4, 0, 0, 21, 7, 22, '*', '2027-01-01', 0.00, ''),
(465, '7591165820075', 'Gynocanesten crema vaginal 20gr', 5.12, 0.00, 6.83, 0.00, 0.00, 0.00, 2, 0, 0, 25, 13, 19, '*', '2027-05-01', 0.00, ''),
(466, '650240001314', 'NIKZON tabletas masticables', 20.53, 0.00, 32.34, 0.35, 0.36, 0.23, 1, 74, 90, 21, 4, 1, '*', '2028-05-01', 0.00, ''),
(467, '8852961008982', 'Preservativos FIVE original', 1.51, 0.00, 3.00, 0.00, 0.00, 0.00, 15, 0, 0, 21, 15, 5, '*', '2029-05-01', 0.00, ''),
(468, '7861152404756', 'Krodol 30mg SL', 8.84, 0.00, 17.00, 1.50, 1.70, 0.88, 1, 6, 10, 21, 4, 1, '*', '2026-10-01', 0.00, ''),
(470, '7', 'NEOGRIPAL F', 14.95, 0.00, 23.00, 0.50, 0.39, 0.25, 1, 24, 59, 21, 4, 6, '*', '2027-05-01', 0.00, ''),
(471, '7861073963226', 'TOPSYM POLIVALENTE CREMA', 2.33, 0.00, 2.80, 0.00, 0.00, 0.00, 2, 0, 0, 29, 13, 19, '*', '2027-09-01', 0.00, ''),
(472, '8', 'DECATYLENO ORAL SABOR MENTA', 5.25, 0.00, 7.00, 0.35, 0.35, 0.26, 1, 20, 20, 21, 4, 6, '*', '2026-01-01', 0.00, ''),
(473, '7861000249294', 'POTECTOR SOLAR SACHET 8GR 50FPS', 0.54, 0.00, 0.80, 0.00, 0.00, 0.00, 4, 0, 0, 21, 14, 8, '*', '2027-01-23', 0.00, ''),
(474, '7703153008314', 'Alercet D x 10 c치psulas', 10.95, 0.00, 15.00, 1.00, 1.50, 1.10, 1, 8, 10, 15, 4, 10, '*', '2026-12-01', 0.00, ''),
(475, '7861073905844', 'Zaldiar caja x20', 6.86, 0.00, 8.80, 0.45, 0.44, 0.34, 1, 20, 20, 29, 4, 8, '*', '2027-04-01', 0.00, ''),
(476, '7861141102502', 'Peptocid frasco 180ml', 3.50, 0.00, 6.80, 0.00, 0.00, 0.00, 1, 0, 0, 21, 7, 22, '*', '2026-12-01', 0.00, ''),
(477, '8906046202823', 'Bonaflora 250mg caja x10', 9.86, 0.00, 16.50, 1.50, 1.65, 0.99, 1, 7, 10, 21, 4, 10, '*', '2026-12-01', 0.00, ''),
(478, '2000001836002', 'Montelukast 5mg', 1.60, 0.00, 3.99, 0.40, 0.40, 0.16, 1, 10, 10, 37, 4, 1, '*', '2025-11-01', 0.00, ''),
(479, '7861028101352', 'Augmentin 500mg / 125mg', 6.11, 0.00, 8.00, 1.00, 0.80, 0.61, 0, 0, 10, 21, 4, 1, '*', '2026-04-01', 0.00, ''),
(480, '7861155903294', 'Uroflox 500', 9.34, 0.00, 16.80, 1.00, 1.20, 0.67, 1, 14, 14, 31, 4, 1, '*', '2027-02-01', 0.00, ''),
(481, '736085410334', 'Trasidex ofteno 5ml', 5.07, 0.00, 7.61, 0.00, 0.00, 0.00, 0, 0, 0, 21, 5, 9, '*', '102026-02-01', 0.00, ''),
(482, '7862102650278', 'Nodorex talco 45gr', 1.21, 0.00, 2.04, 0.00, 0.00, 0.00, 1, 0, 0, 21, 7, 11, '*', '2028-11-22', 0.00, ''),
(483, '7640153082329', 'Decatyleno caja x10 sabor menta', 2.16, 0.00, 4.50, 0.40, 0.45, 0.22, 1, 10, 10, 21, 4, 1, '*', '2026-06-01', 0.00, ''),
(484, '7702605161393', 'ketorolako amp 30mg', 1.87, 0.00, 3.50, 0.80, 0.70, 0.37, 1, 5, 5, 11, 4, 22, '*', '2026-06-01', 0.00, ''),
(485, '7793640992097', 'Redoxon total tabs efervescentes', 13.59, 0.00, 19.48, 6.50, 6.49, 4.53, 0, 0, 3, 21, 4, 1, '*', '2026-10-01', 0.00, ''),
(486, '7703763220229', 'Montelukast 10mg caja x10', 2.96, 0.00, 8.25, 0.75, 0.83, 0.30, 1, 10, 10, 10, 4, 1, '*', '2026-05-01', 0.00, ''),
(487, '7861009842076', 'Fluidine 600mg', 13.12, 0.00, 19.20, 1.00, 0.96, 0.66, 1, 18, 20, 21, 4, 1, '*', '2026-09-01', 0.00, ''),
(488, '7805633016168', 'Test de embarazo cassete Scanmed', 2.32, 0.00, 4.61, 0.00, 0.00, 0.00, 1, 0, 0, 21, 15, 5, '*', '2026-02-01', 0.00, ''),
(489, '3838957074037', 'Curam 1000mg', 11.48, 0.00, 17.50, 1.20, 1.25, 0.82, 1, 11, 14, 21, 4, 1, '*', '2026-10-01', 0.00, ''),
(490, '8012992000205', 'Fastum gel 50gr', 9.10, 0.00, 13.00, 0.00, 0.00, 0.00, 0, 0, 0, 21, 13, 19, '*', '2028-12-01', 0.00, ''),
(491, '7862102710200', 'Otozambon gotas 칩ticas 8ml', 4.20, 0.00, 7.50, 0.00, 0.00, 0.00, 2, 0, 0, 21, 5, 9, '*', '2026-08-01', 0.00, ''),
(492, '7861097206729', 'Bicarzol', 6.66, 0.00, 11.20, 0.45, 0.40, 0.24, 1, 22, 28, 21, 4, 10, '*', '2026-10-01', 0.00, ''),
(493, '7861097202332', 'Ambroxol 30mg tabs', 1.56, 0.00, 3.00, 0.15, 0.15, 0.08, 1, 18, 20, 2, 4, 1, '*', '2027-06-01', 0.00, ''),
(494, '2000001835784', 'Diclofenaco S칩dico 50mg', 1.88, 0.00, 5.00, 0.20, 0.10, 0.04, 1, 39, 50, 21, 4, 1, '*', '2027-01-01', 0.00, ''),
(495, '7702057073930', 'Leche de magnesia mk 120ml', 2.24, 0.00, 4.00, 0.00, 0.00, 0.00, 0, 0, 0, 27, 17, 22, '*', '2027-09-01', 0.00, ''),
(496, '7862117190073', 'Ketoderm plus crema 10%', 5.97, 0.00, 10.55, 0.00, 0.00, 0.00, 1, 0, 0, 21, 13, 19, '*', '2026-07-01', 0.00, ''),
(497, '7804669530174', 'Prueba de Embarazo scanmed tira', 1.60, 0.00, 3.00, 0.00, 0.00, 0.00, 1, 0, 0, 21, 15, 5, '*', '2027-08-01', 0.00, ''),
(498, '7861129200787', 'Oracol fresh tabs masticables', 13.50, 0.00, 28.00, 0.30, 0.28, 0.14, 1, 9, 100, 21, 4, 1, '*', '2026-11-01', 0.00, ''),
(499, '736085132069', 'Nazil ofteno 15ml', 3.73, 0.00, 5.58, 0.00, 0.00, 0.00, 0, 0, 0, 21, 5, 9, '*', '2026-06-19', 0.00, ''),
(500, '5901779978147', 'Botella de agua caliente 2000ml', 1.66, 0.00, 5.00, 0.00, 0.00, 0.00, 2, 0, 0, 21, 17, 5, '*', '2028-01-01', 0.00, ''),
(501, '11526797', 'Term칩metro digital Century', 0.87, 0.00, 2.50, 0.00, 0.00, 0.00, 4, 0, 0, 21, 15, 5, '*', '2028-01-01', 0.00, ''),
(502, '7861073103554', 'Mascarilla quir칰rgica Coral x50', 1.50, 0.00, 2.28, 0.10, 0.05, 0.03, 1, 9, 50, 21, 4, 5, '*', '2028-02-24', 0.00, ''),
(503, '7868001103433', 'Agua purificada Zolo 600ml', 0.17, 0.00, 0.30, 0.00, 0.00, 0.00, 12, 0, 0, 21, 17, 5, '*', '2025-04-03', 0.00, ''),
(504, '7702605161249', 'Ibuprofeno 600mg', 3.97, 0.00, 6.50, 0.15, 0.13, 0.08, 1, 30, 50, 11, 4, 1, '*', '2027-04-01', 0.00, ''),
(505, '8012992000458', 'Ketesse 25mg caja x 20', 11.09, 0.00, 17.60, 0.75, 0.88, 0.55, 1, 19, 20, 21, 4, 1, '*', '2025-05-01', 0.00, ''),
(506, '7862102712099', 'Digeril 200ml', 6.25, 0.00, 7.50, 0.00, 0.00, 0.00, 1, 0, 0, 21, 17, 18, '*', '2027-08-01', 0.00, ''),
(507, '7862102712020', 'Digeril forte', 8.33, 0.00, 10.00, 0.00, 0.00, 0.00, 1, 0, 0, 21, 17, 18, '*', '2027-09-01', 0.00, ''),
(508, '7861148012248', 'Acromona 칩vulos caja x 10', 3.92, 0.00, 4.70, 0.50, 0.47, 0.39, 1, 2, 10, 21, 4, 15, '*', '2027-10-01', 0.00, ''),
(509, '7702184560051', 'Pasedol Ecar 50mg caj x 100 tabs', 3.33, 0.00, 4.00, 0.10, 0.04, 0.03, 1, 100, 100, 21, 4, 1, '*', '2027-09-01', 0.00, ''),
(510, '764600241736', 'Dolomedox sol. iny', 3.75, 0.00, 4.50, 0.00, 0.00, 0.00, 1, 0, 0, 21, 12, 13, '*', '2026-08-01', 0.00, ''),
(511, '7703889130297', 'Fembulen', 4.40, 0.00, 5.28, 0.00, 0.00, 0.00, 1, 0, 0, 21, 12, 13, '*', '2026-11-01', 0.00, ''),
(512, '7861021605017', 'Nucast (gasa vaselinada)', 7.51, 0.00, 10.17, 1.10, 1.02, 0.75, 1, 10, 10, 21, 4, 5, '*', '2027-07-01', 0.00, ''),
(513, '7702057062514', 'Etoricoxib (Arcoxia) 90mg', 12.16, 0.00, 15.20, 1.20, 1.09, 0.87, 1, 13, 14, 27, 4, 1, '*', '2026-06-01', 0.00, ''),
(514, '7702057062507', 'Etoricoxib 120mg (Arcoxia)', 9.13, 0.00, 11.40, 1.25, 1.14, 0.91, 1, 1, 10, 27, 4, 1, '*', '2026-05-01', 0.00, ''),
(515, '7861132425306', 'Otodyne 13ml', 2.67, 0.00, 3.20, 0.00, 0.00, 0.00, 2, 0, 0, 21, 5, 9, '*', '2028-01-01', 0.00, ''),
(516, '5027314499110', 'Multiflora ', 28.11, 0.00, 33.73, 2.40, 2.41, 2.01, 1, 14, 14, 24, 4, 7, '*', '2026-02-01', 0.00, ''),
(517, '7861152100719', 'Oxa sol iny', 7.98, 0.00, 9.57, 3.25, 3.19, 2.66, 0, 0, 3, 22, 4, 13, '*', '2026-04-01', 0.00, ''),
(518, '17861081713445', 'Jeringuilla insulina x 100u', 11.16, 0.00, 13.39, 0.15, 0.13, 0.11, 1, 90, 100, 21, 4, 5, '*', '2029-05-01', 0.00, ''),
(519, '7861009805729', 'Buprex Simple jarabe 100mg', 3.81, 0.00, 4.95, 0.00, 0.00, 0.00, 1, 0, 0, 21, 7, 18, '*', '2026-01-01', 0.00, ''),
(520, '7800060003323', 'Oftagen compuesto colirio 5ml', 2.37, 0.00, 3.00, 0.00, 0.00, 0.00, 1, 0, 0, 21, 5, 9, '*', '2026-05-01', 0.00, ''),
(521, '7501298225036', 'Eutirox 100mcg', 3.24, 0.00, 3.95, 0.10, 0.08, 0.06, 2, 100, 50, 21, 4, 1, '*', '2026-06-01', 0.00, ''),
(522, '7803510001931', 'Ciruelax forte', 10.40, 0.00, 13.50, 0.60, 0.56, 0.43, 1, 23, 24, 21, 4, 8, '*', '2025-12-01', 0.00, ''),
(523, '7861073900207', 'Codipront simple x 10 caps', 3.81, 0.00, 4.70, 0.50, 0.47, 0.38, 1, 6, 10, 29, 4, 10, '*', '2028-02-01', 0.00, ''),
(524, '7501298221816', 'Dolo Neurobion x 3 amp.', 15.95, 0.00, 25.32, 8.45, 8.44, 5.32, 2, 6, 3, 21, 4, 22, '*', '2025-07-01', 0.00, ''),
(525, '7861132423814', 'Histacalm loci칩n clear x100ml', 3.65, 0.00, 4.56, 0.00, 0.00, 0.00, 1, 0, 0, 21, 7, 22, '*', '2026-05-01', 0.00, ''),
(526, '698238', 'Shampu cubre cans negro x 10 u', 1.75, 0.00, 5.00, 0.50, 0.50, 0.18, 3, 30, 10, 21, 4, 7, '*', '2028-01-09', 0.00, ''),
(527, '7702057061302', 'Nitrofurantoina 100mg x 40caps', 4.67, 0.00, 7.00, 0.25, 0.18, 0.12, 1, 20, 40, 27, 4, 10, '*', '2026-04-01', 0.00, ''),
(528, '7861112126575', 'crema corporal nutritiva Forever', 1.47, 0.30, 2.00, 0.00, 0.00, 0.00, 2, 0, 0, 21, 17, 19, '*', '2028-03-17', 0.15, ''),
(529, '2500000002557', 'Jab칩n 칤ntimo Velvet Rose', 1.21, 0.38, 2.50, 0.00, 0.00, 0.00, 2, 0, 0, 21, 17, 22, '*', '2027-02-05', 0.15, ''),
(530, '7861042595540', 'Aceite Baby Gama 100ml', 1.00, 0.24, 1.60, 0.00, 0.00, 0.00, 3, 0, 0, 21, 17, 22, '*', '2027-01-03', 0.15, ''),
(531, '7891150034075', 'Jab칩n Dove rosado', 0.91, 0.19, 1.25, 0.00, 0.00, 0.00, 2, 0, 0, 21, 15, 5, '*', '2027-11-01', 0.15, ''),
(532, '2500000003738', 'Jab칩n infantil Bay Joy hipoalerg칠nico', 0.39, 0.11, 0.75, 0.00, 0.00, 0.00, 2, 0, 0, 21, 15, 5, '*', '2027-03-05', 0.15, ''),
(533, '7862111350381', 'Hemor Pomada (hemorroides)', 13.95, 0.00, 18.60, 0.00, 0.00, 0.00, 1, 0, 0, 24, 15, 19, '*', '2026-10-01', 0.00, ''),
(534, '7861097206903', 'Finalin Mujer', 1.87, 0.00, 2.87, 0.30, 0.29, 0.19, 1, 10, 10, 21, 4, 1, '*', '2027-01-01', 0.00, ''),
(535, '7861087802948', 'Jab칩n de glicerina Manzanilla', 1.72, 0.00, 2.17, 0.00, 0.00, 0.00, 0, 0, 0, 21, 15, 5, '*', '2027-07-01', 0.00, ''),
(536, '7702027435300', 'Nosotras tampones Regular', 2.40, 0.00, 3.00, 0.40, 0.30, 0.24, 2, 17, 10, 21, 4, 5, '*', '2027-06-01', 0.00, ''),
(537, 'Eldex sobre', 'Nimesulida 100mg', 0.50, 0.00, 0.75, 0.00, 0.00, 0.00, 10, 0, 0, 21, 14, 7, '*', '2026-01-01', 0.00, ''),
(538, 'Esparadrapo ', 'Esparadrapo 2.5 cm ancho', 0.86, 0.00, 1.20, 0.00, 0.00, 0.00, 3, 0, 0, 21, 15, 5, '*', '2029-04-01', 0.00, ''),
(539, '7861073100171', 'Bolsa recolectora orina ni침os', 0.27, 0.00, 0.50, 0.00, 0.00, 0.00, 10, 0, 0, 21, 15, 5, '*', '2026-05-01', 0.00, ''),
(540, '7861032142006', 'Linimento Ol칤mpico', 2.84, 0.00, 3.60, 0.00, 0.00, 0.00, 1, 0, 0, 21, 17, 22, '*', '2026-12-01', 0.00, ''),
(541, '7750215027608', 'Plastiderm 30gr', 2.87, 0.00, 4.13, 0.00, 0.00, 0.00, 3, 0, 0, 21, 13, 19, '*', '2027-11-01', 0.00, ''),
(542, '7750215021576', 'Alerplax 10mg x 30 caps bland.', 5.00, 0.00, 9.00, 0.30, 0.30, 0.17, 1, 5, 30, 28, 4, 10, '*', '2027-01-01', 0.00, ''),
(543, '7800060111189', 'Amoval 1g x 14 comp', 4.40, 0.00, 9.00, 0.60, 0.64, 0.31, 1, 14, 14, 21, 4, 8, '*', '2027-01-01', 0.00, ''),
(544, '7861073940050', 'Febrax', 4.48, 0.00, 5.50, 0.28, 0.28, 0.22, 1, 20, 20, 29, 4, 1, '*', '2027-05-01', 0.00, ''),
(545, '8852961011975', 'Preservativos Five FIVE retardante', 1.99, 0.00, 2.99, 0.00, 0.00, 0.00, 2, 0, 0, 21, 15, 5, '*', '2026-09-01', 0.00, ''),
(546, '7640153082244', 'Berifen 100mg Retard', 14.09, 0.00, 17.39, 0.85, 0.87, 0.70, 1, 20, 20, 21, 4, 10, '*', '2026-06-01', 0.00, ''),
(547, '7702027477713', 'TENASLIP ULTRA TALLA XL EXTRA GRANDE', 21.00, 0.00, 34.20, 1.50, 1.80, 1.11, 1, 14, 19, 21, 4, 5, '*', '2026-08-01', 0.00, ''),
(548, '121', 'Venoclisis set', 0.45, 0.00, 1.00, 0.00, 0.00, 0.00, 4, 0, 0, 21, 15, 5, '*', '2027-01-01', 0.00, ''),
(549, '7759307007832', 'Cloruro de sodio 0.9% 1000ml', 1.70, 0.00, 2.00, 0.00, 0.00, 0.00, 3, 0, 0, 21, 9, 22, '*', '2027-07-01', 0.00, ''),
(550, '7862102711559', 'Fluritox jarabe 60ml', 5.55, 0.00, 7.00, 0.00, 0.00, 0.00, 1, 0, 0, 39, 7, 17, '*', '2027-08-01', 0.00, ''),
(551, '7862102714475', 'Tensorelax Diclo', 1.00, 0.00, 20.00, 1.00, 1.00, 0.05, 1, 19, 20, 39, 4, 1, '*', '2025-10-01', 0.00, ''),
(552, '541021', 'Peine pl치stico varios colores', 1.15, 0.00, 1.32, 0.20, 0.11, 0.10, 1, 8, 12, 21, 4, 5, '*', '2026-01-01', 0.00, ''),
(553, '1540233', 'Peinilla de hombre', 0.95, 0.00, 2.24, 0.25, 0.19, 0.08, 1, 10, 12, 21, 4, 5, '*', '2026-01-01', 0.00, ''),
(554, '3020973', 'Peinilla grande colores jaspeados', 2.00, 0.34, 2.30, 0.50, 0.38, 0.33, 1, 6, 6, 21, 4, 5, '*', '2026-01-01', 0.15, ''),
(555, '5810273', 'Peinilla grande varios colores de mujer', 2.00, 0.34, 2.30, 0.50, 0.38, 0.33, 1, 6, 6, 21, 4, 5, '*', '2026-01-01', 0.15, ''),
(556, '8801038200026', 'Hoja de afeitar DORCO', 1.95, 0.34, 2.25, 1.00, 0.38, 0.33, 1, 6, 6, 21, 4, 5, '*', '2026-01-01', 0.15, ''),
(557, '7698534403065', 'Alicate manicure Amybeauty', 2.20, 0.45, 3.00, 0.00, 0.00, 0.00, 3, 0, 0, 21, 15, 5, '*', '2026-01-01', 0.15, ''),
(558, '339596', 'Cortau침as Quality', 1.05, 0.22, 1.50, 0.00, 0.00, 0.00, 3, 0, 0, 21, 15, 5, '*', '2026-01-01', 0.15, ''),
(559, 'p1 sobre manila A4', 'Sobre Manila A4', 4.26, 0.73, 4.90, 0.20, 0.10, 0.09, 1, 50, 50, 21, 4, 5, '*', '2026-01-01', 0.15, ''),
(560, '6970880592381', 'P2 Estilete Jeff grande', 10.43, 1.80, 12.00, 0.50, 0.50, 0.43, 1, 24, 24, 21, 4, 5, '*', '2026-01-01', 0.15, ''),
(561, 'P3. Papel bond', 'Pliego bond', 0.23, 0.04, 0.30, 0.00, 0.00, 0.00, 12, 0, 0, 21, 15, 5, '*', '2026-01-01', 0.15, ''),
(562, '8699009277265', 'P4. F칩mix', 0.57, 0.10, 0.65, 0.10, 0.07, 0.06, 2, 20, 10, 21, 4, 5, '*', '2026-01-01', 0.15, ''),
(563, '3838957074044', 'Curam 625mg x 14 tabs', 8.91, 0.00, 13.30, 1.00, 0.95, 0.64, 2, 21, 14, 21, 4, 1, '*', '2025-12-01', 0.00, ''),
(564, '7861152403322', 'Termofin', 1.19, 0.00, 1.82, 0.00, 0.00, 0.00, 2, 0, 0, 21, 7, 17, '*', '2027-09-01', 0.00, ''),
(565, '7702207700242', 'Tensodox 10mg', 9.03, 0.00, 12.04, 0.60, 0.60, 0.45, 1, 20, 20, 20, 4, 1, '*', '2026-02-01', 0.00, ''),
(566, '7840653008632', 'Molzetan 200mg', 1.60, 0.00, 3.00, 0.00, 0.00, 0.00, 3, 0, 0, 21, 5, 9, '*', '2025-11-01', 0.00, ''),
(568, '7861129200718', 'Normolax 5mg', 2.96, 0.00, 3.70, 0.40, 0.37, 0.30, 1, 10, 10, 21, 4, 1, '*', '2026-09-01', 0.00, ''),
(569, '7861214559943', 'Jeringas para insulina 1ml', 9.57, 0.00, 17.00, 0.20, 0.17, 0.10, 1, 93, 100, 21, 4, 5, '*', '2026-01-01', 0.00, ''),
(570, '7702026154011', 'Pa침ito Pque침in avena x80', 0.87, 0.00, 1.25, 0.00, 0.00, 0.00, 5, 0, 0, 21, 16, 5, '*', '2027-01-01', 0.00, ''),
(571, '2500000006852', 'DESODORANTE PLIE ROLON MUJER', 0.90, 0.00, 1.50, 0.00, 0.00, 0.00, 3, 0, 0, 21, 15, 22, '*', '2026-01-01', 0.00, ''),
(572, 'Mkn95', 'Mascarilla km95 negra/blanca', 0.15, 0.00, 0.25, 0.00, 0.00, 0.00, 16, 0, 0, 21, 15, 5, '*', '2026-01-01', 0.00, ''),
(573, '7709808402230', 'Enjuague bucal Activmint 300ml', 2.00, 0.00, 3.00, 0.00, 0.00, 0.00, 3, 0, 0, 21, 7, 22, '*', '2026-01-01', 0.00, ''),
(574, '7861152404701', 'KronVitC amp 1gr/5ml  x5 unidades', 4.01, 0.00, 5.90, 1.50, 1.18, 0.80, 1, 5, 5, 21, 4, 22, '*', '2026-12-01', 0.00, ''),
(575, '7862126231101', 'Mascarilla quirurgica DHISVE rosada x50u', 3.50, 0.00, 5.00, 0.10, 0.10, 0.07, 1, 40, 50, 21, 4, 5, '*', '2028-03-10', 0.00, ''),
(576, '7862126231118', 'Mascarilla quir칰rgica DHISVE morada x50u', 3.50, 0.00, 5.00, 0.10, 0.10, 0.07, 1, 45, 50, 21, 4, 5, '*', '2028-04-16', 0.00, ''),
(577, '7862126231736', 'Mascarilla quir칰rgica DHISVE blanca x50u', 3.50, 0.00, 5.00, 0.10, 0.10, 0.07, 1, 37, 50, 21, 4, 5, '*', '2028-04-15', 0.00, ''),
(578, '650240072116', 'XRay Migra x20 tabs', 5.04, 0.00, 7.00, 0.35, 0.35, 0.25, 1, 19, 20, 21, 4, 1, '*', '2026-06-01', 0.00, ''),
(579, '7501303471939', 'Mesigyna Instayect', 3.70, 0.00, 5.07, 0.00, 0.00, 0.00, 1, 0, 0, 21, 15, 5, '*', '2028-04-01', 0.00, ''),
(580, 'Gasa Q 2', 'Gasa quir칰rgica 50u', 2.00, 0.00, 3.80, 0.10, 0.08, 0.04, 2, 100, 50, 21, 4, 5, '*', '2026-01-01', 0.00, ''),
(581, '7862104590718', 'Loratadina jarabe 5mg pedi치trico 100ml', 1.13, 0.00, 2.55, 0.00, 0.00, 0.00, 1, 0, 0, 30, 17, 2, '*', '2027-02-01', 0.00, ''),
(582, '7730766000428', 'Analgan rapid 500mg x50caps', 7.43, 0.00, 15.00, 0.30, 0.30, 0.15, 1, 50, 50, 32, 4, 10, '*', '2026-10-01', 0.00, ''),
(583, '7861009815803', 'Penicilina benzatinica 2.400.000', 15.85, 0.00, 22.00, 2.25, 2.20, 1.59, 1, 10, 10, 21, 4, 22, '*', '2029-01-01', 0.00, ''),
(584, '7861136400248', 'Terminex', 1.67, 0.00, 2.50, 0.00, 0.00, 0.00, 2, 0, 0, 21, 12, 22, '*', '2028-03-01', 0.00, ''),
(585, '7800026015506', 'Bacterol Forte', 2.60, 0.00, 4.68, 0.50, 0.47, 0.26, 1, 8, 10, 20, 4, 8, '*', '2026-05-01', 0.00, ''),
(586, '7702605163656', 'Genfargrip', 3.06, 0.00, 5.90, 0.50, 0.49, 0.26, 1, 12, 12, 21, 4, 1, '*', '2026-08-01', 0.00, ''),
(587, '7861097206101', 'Finalingripe x50 ', 19.65, 0.00, 30.00, 0.60, 0.60, 0.39, 1, 48, 50, 21, 4, 8, '*', '2027-08-01', 0.00, ''),
(588, '7800060110496', 'Trio Val D칤a Noche', 5.39, 0.00, 8.00, 0.40, 0.40, 0.27, 1, 12, 20, 21, 4, 8, '*', '2029-05-01', 0.00, ''),
(589, '7861097201670', 'Ketoconazol 200mg', 2.06, 0.00, 3.50, 35.00, 0.35, 0.21, 1, 10, 10, 2, 4, 1, '*', '2027-03-01', 0.00, ''),
(590, '7800060154230', 'AltaZinc', 5.63, 0.00, 9.92, 0.35, 0.33, 0.19, 1, 30, 30, 21, 4, 8, '*', '2026-10-01', 0.00, ''),
(591, '7861073904328', 'Adorlan forte ', 13.03, 0.00, 19.93, 0.65, 0.66, 0.43, 1, 30, 30, 29, 4, 1, '*', '2026-07-01', 0.00, ''),
(592, '8470008844036', 'Fluimucil 600mg', 14.58, 0.00, 21.20, 1.00, 1.06, 0.73, 1, 20, 20, 21, 4, 8, '*', '2027-04-01', 0.00, ''),
(593, '7862104591272', 'Amoxicilina 1gr', 3.58, 0.00, 8.12, 0.45, 0.41, 0.18, 1, 20, 20, 30, 4, 1, '*', '2027-01-01', 0.00, ''),
(594, '8904278597151', 'Levocetirizina 5mg', 11.85, 0.00, 42.24, 0.40, 0.42, 0.12, 1, 100, 100, 21, 4, 1, '*', '2026-12-01', 0.00, ''),
(595, '7591044009010', 'Allegra 180mg', 12.83, 0.00, 18.10, 1.80, 1.81, 1.28, 1, 10, 10, 38, 4, 1, '*', '2027-06-01', 0.00, ''),
(596, '7861129200084', 'Normolax (Dulcolax) gotas', 5.42, 0.00, 6.70, 0.00, 0.00, 0.00, 1, 0, 0, 21, 5, 9, '*', '2027-09-01', 0.00, ''),
(597, '7862134223068', 'Esparadrapo com칰n Innomed', 17.43, 0.00, 33.91, 5.00, 6.78, 3.49, 1, 5, 5, 21, 4, 5, '*', '2029-06-29', 0.00, ''),
(598, '7861000285827', 'Prueba de embarazo Acufast', 1.88, 0.00, 2.99, 0.00, 0.00, 0.00, 3, 0, 0, 21, 15, 5, '*', '2027-11-29', 0.00, ''),
(599, '7750215002384', 'Cetirizina 10mg x100tabs', 6.80, 0.00, 17.00, 0.20, 0.17, 0.07, 1, 100, 100, 28, 4, 1, '*', '2027-09-01', 0.00, ''),
(600, '7862104590978', 'Flucomax 300mg x2 caps', 3.34, 0.00, 5.34, 2.75, 2.67, 1.67, 1, 2, 2, 21, 4, 10, '*', '2028-03-01', 0.00, ''),
(601, '7862102712013', 'Tussolvina Forte jarabe 120ml', 5.36, 0.00, 8.00, 0.00, 0.00, 0.00, 1, 0, 0, 39, 7, 2, '*', '2027-10-01', 0.00, ''),
(602, '8470009372194', 'Ton Was x 10 viales', 15.75, 0.00, 22.50, 2.25, 2.25, 1.58, 1, 10, 10, 21, 4, 22, '*', '2027-01-01', 0.00, ''),
(603, '7861001363937', 'Acondicionador Savital', 2.20, 0.00, 2.50, 0.30, 0.25, 0.22, 1, 10, 10, 21, 4, 19, '*', '2026-01-01', 0.00, ''),
(604, '7702006207508', 'Shampo Dove + acondicionador', 2.25, 0.00, 3.00, 0.30, 0.30, 0.23, 1, 10, 10, 21, 4, 19, '*', '2026-01-01', 0.00, ''),
(605, '799439316249', 'Tinte shampo cafe obscuro x 10', 2.50, 0.00, 5.00, 0.50, 0.50, 0.25, 1, 10, 10, 21, 4, 19, '*', '2026-01-01', 0.00, ''),
(606, '7702006300063', 'Crema para peinar EGO', 1.15, 0.00, 1.75, 0.00, 0.00, 0.00, 3, 0, 0, 21, 7, 19, '*', '2026-08-01', 0.00, ''),
(607, '7891010254773', 'Tampones Ob flujo medio x8 u', 2.65, 0.00, 3.55, 0.00, 0.00, 0.00, 2, 0, 0, 21, 15, 5, '*', '2027-04-01', 0.00, ''),
(608, '7891010254780', 'Tampones Ob flujo super x 8u', 2.65, 0.00, 3.50, 0.00, 0.00, 0.00, 2, 0, 0, 21, 15, 5, '*', '2027-06-01', 0.00, ''),
(609, '6953186100016', 'Hilo dental kiss x50 mtrs', 1.75, 0.00, 2.75, 0.00, 0.00, 0.00, 3, 0, 0, 21, 15, 5, '*', '2029-08-01', 0.00, ''),
(610, '7791293043869', 'Axe desodorante spray Ice chill', 2.97, 0.00, 5.00, 0.00, 0.00, 0.00, 2, 0, 0, 21, 7, 26, '*', '2027-11-01', 0.00, ''),
(611, '7791293042718', 'Axe desodorante spray dark temptation', 2.97, 0.00, 5.00, 0.00, 0.00, 0.00, 2, 0, 0, 21, 7, 26, '*', '2027-08-01', 0.00, ''),
(612, '123pa침ito', 'Pa침itos h칰medos woof perro', 0.75, 0.00, 1.00, 0.00, 0.00, 0.00, 16, 0, 0, 21, 15, 5, '*', '2026-01-01', 0.00, ''),
(613, '7862123121719', 'Suero oral Hidralife Uva 650ml', 1.00, 0.00, 1.70, 0.00, 0.00, 0.00, 3, 0, 0, 21, 17, 22, '*', '2026-03-22', 0.00, '');

-- --------------------------------------------------------

--
-- Estructura de tabla para la tabla `tipos`
--

CREATE TABLE `tipos` (
  `id` int NOT NULL,
  `tipo` varchar(50) COLLATE utf8mb4_general_ci NOT NULL
) ENGINE=InnoDB DEFAULT CHARSET=utf8mb4 COLLATE=utf8mb4_general_ci;

--
-- Volcado de datos para la tabla `tipos`
--

INSERT INTO `tipos` (`id`, `tipo`) VALUES
(1, 'Tabletas'),
(2, 'Jarabe'),
(3, 'Emulsion'),
(5, 'Otros'),
(6, 'pastillas'),
(7, 'polvo'),
(8, 'comprimidos'),
(9, 'gotas'),
(10, 'capsulas'),
(11, 'polvos'),
(12, 'granulados'),
(13, 'soluciones'),
(14, 'solucion inyectable'),
(15, 'ovulos'),
(16, 'supositorios'),
(17, 'jarabes'),
(18, 'suspensiones'),
(19, 'crema'),
(20, 'ung칲ento'),
(21, 'parches'),
(22, 'l칤quido'),
(23, 'pomada'),
(24, 'pasta'),
(25, 'linimentos'),
(26, 'Aerosol'),
(27, 'Nebulizador');

-- --------------------------------------------------------

--
-- Estructura de tabla para la tabla `transaccion`
--

CREATE TABLE `transaccion` (
  `id_transaccion` varchar(20) COLLATE utf8mb4_general_ci NOT NULL,
  `nombre_transaccion` varchar(200) COLLATE utf8mb4_general_ci NOT NULL
) ENGINE=InnoDB DEFAULT CHARSET=utf8mb4 COLLATE=utf8mb4_general_ci;

--
-- Volcado de datos para la tabla `transaccion`
--

INSERT INTO `transaccion` (`id_transaccion`, `nombre_transaccion`) VALUES
('DU', 'De Una Pichincha'),
('EF', 'Efectivo'),
('TJ', 'Tarjeta'),
('TR', 'Transferencia');

-- --------------------------------------------------------

--
-- Estructura de tabla para la tabla `usuario`
--

CREATE TABLE `usuario` (
  `idusuario` int NOT NULL,
  `nombre` varchar(100) COLLATE utf8mb3_spanish_ci NOT NULL,
  `correo` varchar(100) COLLATE utf8mb3_spanish_ci NOT NULL,
  `usuario` varchar(20) COLLATE utf8mb3_spanish_ci NOT NULL,
  `clave` varchar(50) COLLATE utf8mb3_spanish_ci NOT NULL
) ENGINE=InnoDB DEFAULT CHARSET=utf8mb3 COLLATE=utf8mb3_spanish_ci;

--
-- Volcado de datos para la tabla `usuario`
--

INSERT INTO `usuario` (`idusuario`, `nombre`, `correo`, `usuario`, `clave`) VALUES
(1, 'Administrador', 'willianandrademj43@gmail.com', 'admin', '3aedcaba07da992de958da84ed662b6c'),
(12, 'Jadith', 'jadith@gmail.com', 'jadith', '60519c3dd22587d6de04d5f1e28bd41d'),
(13, 'Ventas 2', 'ventas2@email.com', 'Ventas 2', 'c94dbb4533cb5f55cec209cfccc93ad6'),
(14, 'Ventas 1', 'ventas1@gmail.com', 'Ventas 1', 'c94dbb4533cb5f55cec209cfccc93ad6');

-- --------------------------------------------------------

--
-- Estructura de tabla para la tabla `ventas`
--

CREATE TABLE `ventas` (
  `id` int NOT NULL,
  `id_cliente` int NOT NULL,
  `total` decimal(10,2) NOT NULL,
  `id_usuario` int NOT NULL,
  `fecha` timestamp NOT NULL DEFAULT CURRENT_TIMESTAMP ON UPDATE CURRENT_TIMESTAMP,
  `tipo_trans` varchar(20) COLLATE utf8mb4_general_ci NOT NULL
) ENGINE=InnoDB DEFAULT CHARSET=utf8mb4 COLLATE=utf8mb4_general_ci;

--
-- Volcado de datos para la tabla `ventas`
--

INSERT INTO `ventas` (`id`, `id_cliente`, `total`, `id_usuario`, `fecha`, `tipo_trans`) VALUES
(221, 11, 2.77, 12, '2025-02-05 17:57:10', 'EF'),
(222, 11, 0.84, 12, '2025-02-05 22:48:59', 'EF'),
(223, 11, 1.98, 12, '2025-02-06 00:32:45', 'EF'),
(224, 11, 1.11, 12, '2025-02-06 13:59:11', 'EF'),
(225, 11, 0.11, 12, '2025-02-06 14:05:24', 'EF'),
(226, 11, 4.60, 12, '2025-02-06 14:20:33', 'EF'),
(227, 13, 11.70, 12, '2025-02-06 23:35:35', 'EF'),
(228, 14, 4.49, 12, '2025-02-07 14:22:38', 'EF'),
(229, 15, 0.70, 12, '2025-02-07 15:50:20', 'EF'),
(230, 11, 0.30, 12, '2025-02-07 16:49:43', 'EF'),
(231, 11, 2.24, 12, '2025-02-07 16:53:17', 'EF'),
(232, 19, 1.76, 12, '2025-02-07 22:24:52', 'EF'),
(233, 11, 12.00, 12, '2025-02-07 23:10:43', 'EF'),
(234, 11, 2.49, 12, '2025-02-07 23:15:35', 'EF'),
(235, 11, 1.80, 12, '2025-02-07 23:36:23', 'EF'),
(236, 11, 1.20, 12, '2025-02-07 23:50:39', 'EF'),
(237, 11, 4.50, 12, '2025-02-08 00:34:42', 'EF'),
(238, 11, 0.44, 12, '2025-02-08 00:50:50', 'EF'),
(239, 11, 1.50, 12, '2025-02-08 15:05:52', 'EF'),
(240, 11, 0.74, 12, '2025-02-08 16:33:24', 'EF'),
(241, 11, 0.62, 12, '2025-02-08 17:12:52', 'EF'),
(242, 11, 0.56, 12, '2025-02-08 17:18:03', 'EF'),
(243, 11, 8.55, 12, '2025-02-08 17:48:52', 'EF'),
(244, 11, 4.25, 12, '2025-02-08 22:48:01', 'EF'),
(245, 11, 1.00, 12, '2025-02-08 23:09:34', 'EF'),
(246, 11, 1.80, 12, '2025-02-09 00:39:59', 'EF'),
(247, 11, 1.70, 12, '2025-02-09 00:41:10', 'EF'),
(248, 11, 0.10, 12, '2025-02-09 22:13:20', 'EF'),
(249, 11, 0.75, 12, '2025-02-09 22:15:55', 'EF'),
(250, 11, 5.00, 12, '2025-02-09 22:18:31', 'EF'),
(251, 11, 0.77, 12, '2025-02-09 22:20:01', 'EF'),
(252, 11, 2.80, 12, '2025-02-09 22:33:34', 'EF'),
(253, 11, 6.02, 12, '2025-02-09 22:46:01', 'EF'),
(254, 11, 0.90, 12, '2025-02-10 17:01:54', 'EF'),
(255, 11, 3.29, 12, '2025-02-10 19:01:26', 'EF'),
(256, 11, 0.50, 12, '2025-02-10 20:18:03', 'EF'),
(257, 11, 2.00, 12, '2025-02-11 00:48:27', 'EF'),
(258, 11, 1.60, 12, '2025-02-11 00:49:50', 'EF'),
(259, 11, 1.30, 12, '2025-02-11 00:50:55', 'EF'),
(260, 11, 0.80, 12, '2025-02-11 00:52:56', 'EF'),
(261, 11, 2.40, 12, '2025-02-11 14:52:57', 'EF'),
(262, 11, 0.98, 12, '2025-02-11 15:26:12', 'EF'),
(263, 11, 3.00, 12, '2025-02-11 17:56:27', 'EF'),
(264, 11, 1.00, 12, '2025-02-11 20:14:19', 'EF'),
(265, 11, 1.00, 12, '2025-02-11 23:22:36', 'EF'),
(266, 11, 2.10, 12, '2025-02-12 14:49:20', 'EF'),
(267, 11, 0.74, 12, '2025-02-12 15:17:10', 'EF'),
(268, 11, 0.50, 12, '2025-02-12 16:26:09', 'EF'),
(269, 11, 1.50, 12, '2025-02-13 00:12:06', 'EF'),
(270, 11, 0.70, 12, '2025-02-13 01:37:49', 'EF'),
(271, 11, 0.50, 12, '2025-02-13 01:40:03', 'EF'),
(272, 11, 0.70, 12, '2025-02-13 16:01:40', 'EF'),
(273, 11, 3.00, 12, '2025-02-13 16:30:17', 'EF'),
(274, 11, 0.50, 12, '2025-02-13 16:53:31', 'EF'),
(275, 11, 5.40, 12, '2025-02-13 18:42:54', 'EF'),
(276, 11, 1.50, 12, '2025-02-13 18:53:42', 'EF'),
(277, 11, 0.10, 12, '2025-02-13 19:40:47', 'EF'),
(278, 11, 0.15, 12, '2025-02-13 19:46:28', 'EF'),
(279, 11, 1.30, 12, '2025-02-13 22:24:44', 'EF'),
(280, 11, 0.60, 12, '2025-02-13 22:31:41', 'EF'),
(281, 11, 0.50, 12, '2025-02-13 22:32:47', 'EF'),
(282, 11, 1.00, 12, '2025-02-14 00:32:05', 'EF'),
(283, 11, 0.50, 12, '2025-02-14 01:38:59', 'EF'),
(284, 11, 2.00, 12, '2025-02-14 20:32:54', 'EF'),
(285, 11, 12.70, 12, '2025-02-14 23:14:53', 'EF'),
(286, 11, 1.00, 12, '2025-02-15 00:01:27', 'DU'),
(287, 11, 2.10, 12, '2025-02-15 00:51:17', 'EF'),
(288, 11, 0.70, 12, '2025-02-15 00:53:44', 'EF'),
(289, 11, 4.00, 12, '2025-02-15 22:43:34', 'DU'),
(290, 11, 7.00, 12, '2025-02-16 00:09:04', 'EF'),
(291, 11, 6.31, 12, '2025-02-16 00:52:47', 'EF'),
(292, 11, 1.50, 12, '2025-02-16 00:53:41', 'EF'),
(293, 11, 0.60, 12, '2025-02-16 01:47:23', 'EF'),
(294, 11, 1.80, 12, '2025-02-16 18:30:41', 'EF'),
(295, 11, 0.80, 12, '2025-02-16 21:05:40', 'EF'),
(296, 11, 2.00, 12, '2025-02-16 21:23:08', 'EF'),
(297, 11, 3.00, 12, '2025-02-16 21:58:45', 'EF'),
(298, 11, 0.50, 12, '2025-02-16 23:03:28', 'EF'),
(299, 11, 1.02, 12, '2025-02-16 23:05:03', 'EF'),
(300, 11, 1.80, 12, '2025-02-16 23:11:55', 'EF'),
(301, 11, 0.50, 12, '2025-02-16 23:13:16', 'EF'),
(302, 11, 1.27, 12, '2025-02-16 23:18:42', 'DU'),
(303, 11, 0.50, 12, '2025-02-17 00:40:04', 'EF'),
(304, 11, 0.75, 12, '2025-02-17 16:31:13', 'EF'),
(305, 11, 1.00, 12, '2025-02-17 21:31:27', 'EF'),
(306, 11, 0.54, 12, '2025-02-17 21:34:17', 'EF'),
(307, 11, 1.00, 12, '2025-02-17 21:36:46', 'EF'),
(308, 11, 1.50, 12, '2025-02-17 22:32:12', 'EF'),
(309, 11, 1.00, 12, '2025-02-18 00:01:36', 'EF'),
(310, 11, 0.80, 12, '2025-02-18 00:07:55', 'EF'),
(311, 11, 0.50, 12, '2025-02-18 00:56:05', 'EF'),
(312, 11, 2.50, 12, '2025-02-18 17:04:23', 'EF'),
(313, 11, 5.00, 12, '2025-02-18 18:42:57', 'EF'),
(314, 11, 0.50, 12, '2025-02-18 18:43:39', 'EF'),
(315, 11, 4.93, 12, '2025-02-19 00:31:08', 'EF'),
(316, 11, 0.54, 12, '2025-02-19 00:36:31', 'EF'),
(317, 11, 2.00, 12, '2025-02-19 01:34:14', 'EF'),
(318, 11, 4.92, 12, '2025-02-19 15:08:55', 'EF'),
(319, 11, 1.00, 12, '2025-02-19 15:13:17', 'EF'),
(320, 11, 5.32, 12, '2025-02-20 00:30:40', 'EF'),
(321, 11, 1.00, 12, '2025-02-20 01:09:09', 'EF'),
(322, 11, 1.00, 12, '2025-02-20 16:34:18', 'EF'),
(323, 11, 0.50, 12, '2025-02-20 21:50:36', 'EF'),
(324, 11, 1.50, 12, '2025-02-20 22:02:33', 'EF'),
(325, 11, 1.00, 12, '2025-02-20 22:54:05', 'EF'),
(326, 11, 1.88, 12, '2025-02-20 22:55:36', 'EF'),
(327, 11, 2.01, 12, '2025-02-20 22:56:33', 'EF'),
(328, 11, 1.50, 12, '2025-02-20 23:14:30', 'EF'),
(329, 11, 1.80, 12, '2025-02-20 23:15:44', 'EF'),
(330, 11, 0.60, 12, '2025-02-21 00:43:12', 'EF'),
(331, 11, 1.00, 12, '2025-02-21 01:14:59', 'EF'),
(332, 11, 3.00, 12, '2025-02-21 01:17:19', 'DU'),
(333, 11, 1.30, 12, '2025-02-21 01:57:14', 'EF'),
(334, 11, 2.18, 12, '2025-02-21 02:05:37', 'EF'),
(335, 11, 0.30, 12, '2025-02-21 15:31:15', 'EF'),
(336, 11, 2.00, 12, '2025-02-21 16:47:09', 'EF'),
(337, 11, 0.20, 12, '2025-02-21 18:50:39', 'EF'),
(338, 11, 0.90, 12, '2025-02-21 19:51:51', 'EF'),
(339, 11, 0.40, 12, '2025-02-22 00:21:27', 'EF'),
(340, 11, 1.00, 12, '2025-02-22 18:44:18', 'EF'),
(341, 11, 1.00, 12, '2025-02-22 18:47:07', 'EF'),
(342, 11, 10.00, 12, '2025-02-22 18:50:05', 'EF'),
(343, 11, 1.50, 12, '2025-02-22 19:28:24', 'EF'),
(344, 11, 1.60, 12, '2025-02-22 19:31:39', 'EF'),
(345, 11, 0.90, 12, '2025-02-22 20:42:49', 'EF'),
(346, 11, 1.50, 12, '2025-02-22 21:04:32', 'EF'),
(347, 11, 0.90, 12, '2025-02-23 00:13:39', 'EF'),
(348, 11, 0.60, 12, '2025-02-23 16:39:08', 'EF'),
(349, 11, 0.25, 12, '2025-02-23 16:43:34', 'EF'),
(350, 11, 2.50, 12, '2025-02-23 17:06:20', 'EF'),
(351, 11, 0.50, 12, '2025-02-23 18:13:56', 'EF'),
(352, 11, 0.30, 12, '2025-02-23 18:58:54', 'EF'),
(353, 11, 2.00, 12, '2025-02-23 20:45:27', 'EF'),
(354, 11, 0.60, 12, '2025-02-24 00:24:15', 'EF'),
(355, 11, 0.65, 12, '2025-02-24 21:37:20', 'EF'),
(356, 11, 0.90, 12, '2025-02-24 21:49:13', 'EF'),
(357, 11, 2.00, 12, '2025-02-24 22:42:20', 'EF'),
(358, 11, 0.90, 12, '2025-02-24 23:26:59', 'EF'),
(359, 11, 0.70, 12, '2025-02-25 00:31:05', 'EF'),
(360, 11, 4.50, 12, '2025-02-25 00:42:55', 'TR'),
(361, 11, 0.16, 12, '2025-02-25 15:31:02', 'EF'),
(362, 11, 0.64, 12, '2025-02-25 16:09:22', 'EF'),
(363, 11, 0.60, 12, '2025-02-25 16:25:26', 'EF'),
(364, 11, 0.30, 12, '2025-02-25 17:25:38', 'EF'),
(365, 11, 1.80, 12, '2025-02-25 18:31:50', 'EF'),
(366, 11, 6.00, 12, '2025-02-25 20:33:47', 'EF'),
(367, 11, 1.80, 12, '2025-02-26 00:20:44', 'EF'),
(368, 11, 0.50, 12, '2025-02-26 00:42:45', 'EF'),
(369, 11, 1.60, 12, '2025-02-26 16:48:18', 'EF'),
(370, 11, 0.40, 12, '2025-02-26 18:39:28', 'EF'),
(371, 11, 1.20, 12, '2025-02-26 20:21:13', 'EF'),
(372, 11, 1.50, 12, '2025-02-26 21:54:19', 'EF'),
(373, 11, 6.55, 12, '2025-02-26 21:56:10', 'DU'),
(374, 11, 0.25, 12, '2025-02-26 22:21:57', 'TR'),
(375, 11, 1.80, 12, '2025-02-27 00:53:37', 'EF'),
(376, 11, 3.00, 12, '2025-02-27 00:54:47', 'EF'),
(377, 11, 0.40, 12, '2025-02-27 01:04:33', 'EF'),
(378, 11, 0.45, 12, '2025-02-27 01:35:43', 'EF'),
(379, 11, 1.50, 12, '2025-02-27 16:09:41', 'EF'),
(380, 11, 0.10, 12, '2025-02-27 19:10:13', 'EF'),
(381, 11, 1.60, 12, '2025-02-27 22:34:04', 'TR'),
(382, 11, 2.36, 12, '2025-02-27 23:36:52', 'EF'),
(383, 11, 1.00, 12, '2025-02-28 00:55:09', 'EF'),
(384, 11, 1.20, 12, '2025-02-28 01:11:53', 'EF'),
(385, 11, 1.98, 12, '2025-02-28 01:43:42', 'EF'),
(386, 11, 2.00, 12, '2025-02-28 01:49:53', 'EF'),
(387, 20, 9.00, 12, '2025-02-28 01:57:46', 'EF'),
(388, 11, 0.80, 12, '2025-02-28 14:42:24', 'EF'),
(389, 11, 1.20, 12, '2025-02-28 17:07:14', 'EF'),
(390, 11, 0.50, 12, '2025-02-28 19:07:17', 'EF'),
(391, 11, 0.60, 12, '2025-02-28 20:09:19', 'EF'),
(392, 11, 3.00, 12, '2025-02-28 22:02:44', 'EF'),
(393, 11, 1.26, 12, '2025-03-01 00:02:56', 'EF'),
(394, 11, 9.17, 12, '2025-03-01 00:18:36', 'DU'),
(395, 11, 1.20, 12, '2025-03-01 00:23:07', 'DU'),
(396, 11, 4.29, 12, '2025-03-01 02:03:16', 'EF'),
(397, 11, 2.00, 12, '2025-03-01 02:05:14', 'EF'),
(398, 11, 3.30, 12, '2025-03-01 02:06:48', 'EF'),
(399, 11, 0.60, 12, '2025-03-01 16:16:02', 'EF'),
(400, 11, 1.10, 12, '2025-03-01 16:21:34', 'EF'),
(401, 11, 1.49, 12, '2025-03-01 16:40:56', 'EF'),
(402, 11, 0.60, 12, '2025-03-01 16:44:39', 'EF'),
(403, 11, 1.00, 12, '2025-03-01 17:20:09', 'EF'),
(404, 11, 4.16, 12, '2025-03-01 17:33:44', 'EF'),
(405, 11, 3.27, 12, '2025-03-01 18:07:58', 'EF'),
(406, 11, 1.21, 12, '2025-03-01 19:27:34', 'EF'),
(407, 11, 0.40, 12, '2025-03-01 19:44:06', 'EF'),
(408, 11, 1.20, 12, '2025-03-01 22:51:20', 'EF'),
(409, 11, 2.70, 12, '2025-03-01 22:54:58', 'EF'),
(410, 11, 0.60, 12, '2025-03-01 23:40:30', 'EF'),
(411, 11, 1.00, 12, '2025-03-02 16:07:58', 'EF'),
(412, 11, 0.60, 12, '2025-03-02 16:28:28', 'EF'),
(413, 11, 0.20, 12, '2025-03-02 21:05:37', 'EF'),
(414, 11, 8.68, 12, '2025-03-02 21:31:44', 'EF'),
(415, 11, 1.25, 12, '2025-03-02 22:15:44', 'EF'),
(416, 11, 10.00, 12, '2025-03-02 23:28:01', 'EF'),
(417, 11, 0.25, 12, '2025-03-02 23:28:44', 'EF'),
(418, 11, 1.10, 12, '2025-03-04 16:27:15', 'EF'),
(419, 11, 1.25, 12, '2025-03-04 23:03:12', 'EF'),
(420, 11, 0.80, 12, '2025-03-05 00:23:51', 'DU'),
(421, 11, 2.00, 12, '2025-03-05 14:51:47', 'EF'),
(422, 11, 1.00, 12, '2025-03-05 14:52:36', 'EF'),
(423, 11, 0.30, 12, '2025-03-05 15:09:26', 'EF'),
(424, 11, 0.70, 12, '2025-03-05 15:14:04', 'EF'),
(425, 11, 6.50, 12, '2025-03-05 16:01:19', 'EF'),
(426, 11, 0.60, 12, '2025-03-05 16:30:00', 'EF'),
(427, 11, 1.26, 12, '2025-03-05 16:31:15', 'EF'),
(428, 11, 1.00, 12, '2025-03-05 16:41:34', 'EF'),
(429, 11, 1.00, 12, '2025-03-05 17:22:18', 'EF'),
(430, 11, 0.40, 12, '2025-03-05 18:41:12', 'EF'),
(431, 11, 0.50, 12, '2025-03-05 18:58:05', 'EF'),
(432, 11, 1.20, 12, '2025-03-05 19:19:06', 'EF'),
(433, 11, 1.50, 12, '2025-03-05 20:30:26', 'DU'),
(434, 11, 4.93, 12, '2025-03-05 20:32:09', 'DU'),
(435, 11, 1.00, 12, '2025-03-05 20:34:36', 'EF'),
(436, 11, 0.90, 12, '2025-03-05 22:22:56', 'EF'),
(437, 11, 0.30, 12, '2025-03-05 22:38:33', 'EF'),
(438, 11, 1.02, 12, '2025-03-05 22:40:51', 'EF'),
(439, 11, 1.80, 12, '2025-03-05 22:49:32', 'EF'),
(440, 11, 0.50, 12, '2025-03-06 00:18:00', 'EF'),
(441, 11, 0.90, 12, '2025-03-06 01:51:27', 'EF'),
(442, 11, 0.50, 12, '2025-03-06 01:52:35', 'EF'),
(443, 11, 6.90, 12, '2025-03-06 18:28:03', 'EF'),
(444, 11, 0.40, 12, '2025-03-06 20:13:24', 'EF'),
(445, 11, 1.20, 12, '2025-03-06 20:16:14', 'EF'),
(446, 11, 0.40, 12, '2025-03-06 22:42:23', 'EF'),
(447, 11, 0.75, 12, '2025-03-06 22:56:14', 'EF'),
(448, 11, 1.20, 12, '2025-03-07 00:02:24', 'EF'),
(449, 11, 6.00, 12, '2025-03-07 00:53:09', 'EF'),
(450, 11, 7.00, 12, '2025-03-07 00:53:59', 'EF'),
(451, 11, 0.45, 12, '2025-03-07 00:59:51', 'DU'),
(452, 11, 0.50, 12, '2025-03-07 01:01:14', 'DU'),
(453, 21, 2.70, 12, '2025-03-07 01:17:22', 'EF'),
(454, 11, 4.00, 12, '2025-03-07 01:53:22', 'EF'),
(455, 19, 0.40, 12, '2025-03-07 20:09:31', 'EF'),
(456, 11, 0.80, 12, '2025-03-07 20:58:05', 'EF'),
(457, 11, 4.16, 12, '2025-03-07 21:30:42', 'DU'),
(458, 11, 0.90, 12, '2025-03-08 00:06:52', 'EF'),
(459, 11, 5.00, 12, '2025-03-08 00:16:38', 'EF'),
(460, 11, 0.90, 12, '2025-03-08 00:17:38', 'EF'),
(461, 11, 2.50, 12, '2025-03-08 00:18:23', 'EF'),
(462, 11, 3.00, 12, '2025-03-08 01:47:31', 'EF'),
(463, 11, 0.80, 12, '2025-03-08 01:51:16', 'EF'),
(464, 11, 2.00, 12, '2025-03-08 01:57:11', 'EF'),
(465, 11, 0.50, 12, '2025-03-08 15:37:03', 'EF'),
(466, 11, 0.60, 12, '2025-03-08 17:22:17', 'EF'),
(467, 11, 1.30, 12, '2025-03-08 17:35:23', 'EF'),
(468, 11, 1.20, 12, '2025-03-08 17:44:28', 'EF'),
(469, 11, 1.00, 12, '2025-03-08 17:57:11', 'EF'),
(470, 11, 0.80, 12, '2025-03-08 18:07:46', 'EF'),
(471, 11, 0.20, 12, '2025-03-08 18:10:20', 'EF'),
(472, 11, 0.70, 12, '2025-03-08 18:12:13', 'EF'),
(473, 11, 2.08, 12, '2025-03-08 19:36:11', 'EF'),
(474, 11, 2.00, 12, '2025-03-08 22:03:54', 'EF'),
(475, 11, 0.80, 12, '2025-03-08 22:04:29', 'EF'),
(476, 11, 0.60, 12, '2025-03-08 22:18:42', 'EF'),
(477, 11, 3.00, 12, '2025-03-08 22:45:15', 'EF'),
(478, 11, 0.50, 12, '2025-03-08 23:36:57', 'EF'),
(479, 11, 1.10, 12, '2025-03-08 23:37:34', 'EF'),
(480, 11, 0.50, 12, '2025-03-09 00:47:38', 'EF'),
(481, 11, 1.45, 12, '2025-03-09 00:49:28', 'EF'),
(482, 11, 0.60, 12, '2025-03-09 00:52:38', 'EF'),
(483, 11, 4.50, 12, '2025-03-09 01:05:12', 'EF'),
(484, 11, 1.80, 12, '2025-03-09 01:24:55', 'EF'),
(485, 11, 0.50, 12, '2025-03-09 01:28:11', 'EF'),
(486, 11, 0.10, 12, '2025-03-09 16:32:35', 'EF'),
(487, 11, 3.00, 12, '2025-03-09 19:11:24', 'EF'),
(488, 11, 0.60, 12, '2025-03-09 22:10:12', 'EF'),
(489, 11, 0.50, 12, '2025-03-09 22:10:42', 'EF'),
(490, 11, 1.17, 12, '2025-03-09 22:13:53', 'EF'),
(491, 11, 1.50, 12, '2025-03-09 22:34:54', 'EF'),
(492, 11, 1.20, 12, '2025-03-09 23:10:42', 'EF'),
(493, 11, 1.04, 12, '2025-03-09 23:12:06', 'EF'),
(494, 11, 1.00, 12, '2025-03-10 00:39:40', 'EF'),
(495, 11, 0.75, 12, '2025-03-10 00:41:05', 'DU'),
(496, 11, 1.00, 12, '2025-03-10 01:00:00', 'EF'),
(497, 11, 1.00, 12, '2025-03-10 14:43:37', 'EF'),
(498, 11, 0.50, 12, '2025-03-10 14:45:23', 'EF'),
(499, 11, 1.00, 12, '2025-03-10 15:58:58', 'EF'),
(500, 11, 1.80, 12, '2025-03-10 19:00:01', 'EF'),
(501, 11, 1.04, 12, '2025-03-10 19:37:41', 'EF'),
(502, 11, 1.00, 12, '2025-03-10 21:28:54', 'EF'),
(503, 11, 1.20, 12, '2025-03-10 22:09:39', 'EF'),
(504, 11, 0.60, 12, '2025-03-10 23:18:32', 'EF'),
(505, 11, 2.00, 12, '2025-03-10 23:20:40', 'EF'),
(506, 11, 1.02, 12, '2025-03-11 00:12:08', 'EF'),
(507, 11, 1.00, 12, '2025-03-11 00:32:33', 'EF'),
(508, 11, 3.00, 12, '2025-03-11 01:11:05', 'EF'),
(509, 11, 1.08, 12, '2025-03-11 01:11:50', 'EF'),
(510, 11, 0.75, 12, '2025-03-11 01:24:06', 'EF'),
(511, 11, 0.30, 12, '2025-03-11 01:37:03', 'EF'),
(512, 11, 1.00, 12, '2025-03-11 01:41:46', 'EF'),
(513, 11, 1.20, 12, '2025-03-11 02:01:14', 'EF'),
(514, 11, 2.00, 12, '2025-03-11 17:36:56', 'EF'),
(515, 11, 2.00, 12, '2025-03-12 00:06:21', 'EF'),
(516, 11, 0.70, 12, '2025-03-12 00:42:33', 'EF'),
(517, 11, 2.00, 12, '2025-03-12 00:49:17', 'EF'),
(518, 11, 0.80, 12, '2025-03-12 00:56:54', 'EF'),
(519, 11, 0.75, 12, '2025-03-12 01:28:12', 'EF'),
(520, 11, 0.60, 12, '2025-03-12 01:31:15', 'EF'),
(521, 11, 2.00, 12, '2025-03-12 01:40:55', 'EF'),
(522, 11, 0.60, 12, '2025-03-12 17:07:19', 'EF'),
(523, 11, 1.25, 12, '2025-03-12 17:17:21', 'EF'),
(524, 11, 6.00, 12, '2025-03-12 17:25:35', 'EF'),
(525, 11, 0.50, 12, '2025-03-12 18:02:10', 'EF'),
(526, 11, 4.00, 12, '2025-03-12 19:31:43', 'EF'),
(527, 11, 3.00, 12, '2025-03-12 19:33:48', 'EF'),
(528, 11, 1.20, 12, '2025-03-12 19:37:52', 'EF'),
(529, 11, 0.40, 12, '2025-03-12 23:44:59', 'EF'),
(530, 11, 0.90, 12, '2025-03-13 00:04:08', 'EF'),
(531, 11, 0.60, 12, '2025-03-13 00:05:24', 'EF'),
(532, 11, 0.20, 12, '2025-03-13 00:06:43', 'EF'),
(533, 11, 0.40, 12, '2025-03-13 00:09:33', 'EF'),
(534, 11, 0.40, 12, '2025-03-13 00:36:58', 'DU'),
(535, 11, 2.70, 12, '2025-03-13 00:58:41', 'EF'),
(536, 11, 1.80, 12, '2025-03-13 00:59:14', 'EF'),
(537, 11, 2.04, 12, '2025-03-13 01:00:16', 'EF'),
(538, 11, 0.15, 12, '2025-03-13 01:06:28', 'EF'),
(539, 11, 0.60, 12, '2025-03-13 15:45:45', 'EF'),
(540, 11, 0.80, 12, '2025-03-13 16:41:14', 'EF'),
(541, 11, 0.30, 12, '2025-03-13 17:32:48', 'EF'),
(542, 11, 1.25, 12, '2025-03-13 19:00:37', 'EF'),
(543, 11, 0.60, 12, '2025-03-13 21:32:52', 'EF'),
(544, 11, 0.90, 12, '2025-03-13 22:26:33', 'EF'),
(545, 11, 1.58, 12, '2025-03-13 23:27:30', 'EF'),
(546, 11, 2.04, 12, '2025-03-14 00:08:55', 'EF'),
(547, 11, 1.17, 12, '2025-03-14 00:51:39', 'EF'),
(548, 11, 1.00, 12, '2025-03-14 01:44:34', 'EF'),
(549, 11, 3.00, 12, '2025-03-14 01:45:51', 'EF'),
(550, 11, 1.20, 12, '2025-03-14 01:59:30', 'EF'),
(551, 11, 0.30, 12, '2025-03-14 02:00:15', 'EF'),
(552, 11, 0.60, 12, '2025-03-14 17:23:46', 'EF'),
(553, 11, 0.30, 12, '2025-03-14 18:23:48', 'EF'),
(554, 11, 2.00, 12, '2025-03-14 19:28:02', 'EF'),
(555, 11, 4.09, 12, '2025-03-14 19:45:21', 'EF'),
(556, 11, 1.26, 12, '2025-03-15 00:23:30', 'EF'),
(557, 11, 1.00, 12, '2025-03-15 00:24:00', 'EF'),
(558, 11, 1.80, 12, '2025-03-15 01:04:24', 'EF'),
(559, 11, 0.50, 12, '2025-03-15 19:48:51', 'EF'),
(560, 11, 1.10, 12, '2025-03-15 20:14:31', 'EF'),
(561, 11, 7.65, 12, '2025-03-15 20:23:34', 'EF'),
(562, 11, 0.50, 12, '2025-03-15 20:24:24', 'EF'),
(563, 11, 1.00, 12, '2025-03-15 22:44:33', 'EF'),
(564, 11, 0.60, 12, '2025-03-15 23:39:53', 'EF'),
(565, 11, 1.02, 12, '2025-03-16 16:42:00', 'EF'),
(566, 11, 1.30, 12, '2025-03-16 16:56:04', 'EF'),
(567, 11, 1.20, 12, '2025-03-16 17:18:39', 'EF'),
(568, 11, 2.00, 12, '2025-03-16 17:37:36', 'EF'),
(569, 11, 0.80, 12, '2025-03-16 17:38:06', 'EF'),
(570, 11, 1.00, 12, '2025-03-16 17:52:17', 'EF'),
(571, 11, 1.60, 12, '2025-03-16 18:02:12', 'EF'),
(572, 11, 1.80, 12, '2025-03-16 19:13:47', 'EF'),
(573, 11, 1.00, 12, '2025-03-16 20:27:37', 'EF'),
(574, 11, 0.80, 12, '2025-03-16 22:24:49', 'EF'),
(575, 11, 1.10, 12, '2025-03-16 23:29:42', 'EF'),
(576, 11, 1.07, 12, '2025-03-16 23:32:38', 'EF'),
(577, 11, 4.00, 12, '2025-03-17 00:00:00', 'EF'),
(578, 11, 2.00, 12, '2025-03-17 00:26:07', 'EF'),
(579, 11, 4.14, 12, '2025-03-17 00:57:12', 'EF'),
(580, 11, 1.50, 12, '2025-03-17 18:22:15', 'EF'),
(581, 11, 1.02, 12, '2025-03-17 18:35:42', 'EF'),
(582, 11, 1.00, 12, '2025-03-17 18:40:19', 'EF'),
(583, 11, 6.00, 12, '2025-03-17 21:58:28', 'EF'),
(584, 11, 1.80, 12, '2025-03-17 22:02:16', 'EF'),
(585, 11, 1.00, 12, '2025-03-17 22:03:51', 'EF'),
(586, 11, 0.80, 12, '2025-03-17 23:34:20', 'EF'),
(587, 11, 0.60, 12, '2025-03-17 23:34:59', 'TR'),
(588, 11, 1.00, 12, '2025-03-18 00:45:31', 'EF'),
(589, 11, 2.00, 12, '2025-03-18 00:56:48', 'EF'),
(590, 11, 0.75, 12, '2025-03-18 01:12:13', 'EF'),
(591, 11, 0.99, 12, '2025-03-18 01:27:42', 'EF'),
(592, 11, 6.00, 12, '2025-03-18 16:07:51', 'EF'),
(593, 11, 0.60, 12, '2025-03-18 16:08:15', 'EF'),
(594, 11, 4.25, 12, '2025-03-18 18:30:10', 'EF'),
(595, 11, 1.25, 12, '2025-03-18 20:17:22', 'EF'),
(596, 11, 2.00, 12, '2025-03-18 20:47:41', 'EF'),
(597, 11, 1.50, 12, '2025-03-18 21:53:21', 'EF'),
(598, 11, 0.50, 12, '2025-03-18 22:31:47', 'EF'),
(599, 11, 1.80, 12, '2025-03-18 23:33:03', 'EF'),
(600, 11, 3.83, 12, '2025-03-18 23:35:08', 'EF'),
(601, 11, 0.30, 12, '2025-03-18 23:50:10', 'EF'),
(602, 11, 1.50, 12, '2025-03-19 00:08:02', 'EF'),
(603, 11, 2.00, 12, '2025-03-19 02:01:43', 'EF'),
(604, 11, 1.00, 12, '2025-03-19 17:18:59', 'EF'),
(605, 11, 0.60, 12, '2025-03-19 17:48:52', 'EF'),
(606, 11, 0.50, 12, '2025-03-19 17:49:50', 'EF'),
(607, 11, 2.00, 12, '2025-03-19 17:55:51', 'EF'),
(608, 11, 1.50, 12, '2025-03-19 18:36:03', 'EF'),
(609, 11, 0.25, 12, '2025-03-19 19:18:44', 'EF'),
(610, 11, 2.00, 12, '2025-03-19 19:38:06', 'EF'),
(611, 11, 1.25, 12, '2025-03-19 20:34:25', 'DU'),
(612, 11, 5.00, 12, '2025-03-19 21:48:15', 'EF'),
(613, 11, 4.50, 12, '2025-03-19 21:49:13', 'EF'),
(614, 11, 0.90, 12, '2025-03-19 23:42:04', 'EF'),
(615, 11, 3.00, 12, '2025-03-20 00:24:33', 'EF'),
(616, 11, 0.90, 12, '2025-03-20 01:33:58', 'EF'),
(617, 11, 0.30, 12, '2025-03-20 15:44:23', 'EF'),
(618, 11, 1.60, 12, '2025-03-20 16:34:18', 'EF'),
(619, 11, 1.80, 12, '2025-03-20 17:16:25', 'EF'),
(620, 11, 2.50, 12, '2025-03-20 18:41:42', 'EF'),
(621, 11, 3.67, 12, '2025-03-20 20:00:00', 'EF'),
(622, 11, 1.00, 12, '2025-03-20 22:34:14', 'EF'),
(623, 11, 2.50, 12, '2025-03-20 22:35:08', 'EF'),
(624, 11, 1.00, 12, '2025-03-21 00:29:45', 'EF'),
(625, 11, 0.20, 12, '2025-03-21 00:45:12', 'EF'),
(626, 11, 0.50, 12, '2025-03-21 01:50:19', 'EF'),
(627, 11, 0.60, 12, '2025-03-21 16:00:35', 'EF'),
(628, 11, 2.70, 12, '2025-03-21 16:07:07', 'EF'),
(629, 11, 0.60, 12, '2025-03-21 16:22:51', 'EF'),
(630, 11, 0.60, 12, '2025-03-21 17:18:29', 'EF'),
(631, 11, 1.80, 12, '2025-03-21 23:10:49', 'EF'),
(632, 11, 2.56, 12, '2025-03-21 23:44:47', 'EF'),
(633, 11, 2.00, 12, '2025-03-22 00:45:47', 'EF'),
(634, 11, 0.20, 12, '2025-03-22 01:59:18', 'EF'),
(635, 11, 3.50, 12, '2025-03-22 15:24:25', 'EF'),
(636, 11, 0.40, 12, '2025-03-22 18:54:48', 'EF'),
(637, 11, 1.80, 12, '2025-03-22 18:55:31', 'EF'),
(638, 11, 0.90, 12, '2025-03-22 19:41:12', 'EF'),
(639, 11, 3.00, 12, '2025-03-22 19:46:12', 'EF'),
(640, 11, 3.15, 12, '2025-03-22 20:49:23', 'EF'),
(641, 11, 2.00, 12, '2025-03-22 21:53:07', 'EF'),
(642, 11, 6.20, 12, '2025-03-22 22:36:05', 'EF'),
(643, 11, 1.00, 12, '2025-03-23 00:24:17', 'EF'),
(644, 11, 0.63, 12, '2025-03-23 00:44:08', 'EF'),
(645, 11, 0.40, 12, '2025-03-23 01:04:31', 'EF'),
(646, 11, 10.00, 12, '2025-03-23 01:35:05', 'EF'),
(647, 11, 3.00, 12, '2025-03-23 01:36:24', 'EF'),
(648, 11, 0.50, 12, '2025-03-23 01:37:16', 'EF'),
(649, 11, 4.50, 12, '2025-03-23 16:05:46', 'EF'),
(650, 11, 1.00, 12, '2025-03-23 16:09:53', 'EF'),
(651, 11, 0.60, 12, '2025-03-23 19:11:56', 'EF'),
(652, 11, 0.80, 12, '2025-03-23 19:29:10', 'EF'),
(653, 11, 1.98, 12, '2025-03-23 19:41:34', 'EF'),
(654, 11, 1.00, 12, '2025-03-23 23:23:38', 'EF'),
(655, 11, 0.60, 12, '2025-03-23 23:29:59', 'EF'),
(656, 11, 1.00, 12, '2025-03-24 00:37:53', 'EF'),
(657, 11, 1.44, 12, '2025-03-24 01:14:01', 'EF'),
(658, 11, 1.50, 12, '2025-03-24 01:36:21', 'EF'),
(659, 11, 1.50, 12, '2025-03-24 01:37:20', 'EF'),
(660, 11, 0.80, 12, '2025-03-24 16:28:42', 'EF'),
(661, 11, 4.09, 12, '2025-03-24 18:29:26', 'EF'),
(662, 11, 1.20, 12, '2025-03-24 18:40:14', 'EF'),
(663, 11, 1.20, 12, '2025-03-24 20:02:47', 'EF'),
(664, 11, 0.80, 12, '2025-03-24 23:01:38', 'EF'),
(665, 11, 0.40, 12, '2025-03-24 23:03:21', 'EF'),
(666, 11, 1.50, 12, '2025-03-24 23:04:15', 'EF'),
(667, 11, 3.00, 12, '2025-03-24 23:04:54', 'EF'),
(668, 11, 0.40, 12, '2025-03-24 23:05:43', 'EF'),
(669, 11, 0.70, 12, '2025-03-24 23:51:45', 'EF'),
(670, 11, 0.60, 12, '2025-03-25 00:02:06', 'EF'),
(671, 11, 2.00, 12, '2025-03-25 00:20:42', 'EF'),
(672, 11, 1.50, 12, '2025-03-25 00:22:36', 'EF'),
(673, 11, 1.00, 12, '2025-03-25 00:24:42', 'EF'),
(674, 11, 1.10, 12, '2025-03-25 00:32:12', 'EF'),
(675, 11, 1.00, 12, '2025-03-25 00:35:45', 'DU'),
(676, 11, 1.00, 12, '2025-03-25 00:55:29', 'EF'),
(677, 11, 1.00, 12, '2025-03-25 00:58:07', 'EF'),
(678, 11, 3.00, 12, '2025-03-25 01:39:14', 'EF'),
(679, 11, 1.20, 12, '2025-03-25 15:26:28', 'EF'),
(680, 11, 0.60, 12, '2025-03-25 16:41:27', 'EF'),
(681, 11, 0.10, 12, '2025-03-25 17:21:06', 'EF'),
(682, 11, 0.40, 12, '2025-03-25 17:30:01', 'EF'),
(683, 11, 1.53, 12, '2025-03-25 19:16:24', 'EF'),
(684, 11, 0.40, 12, '2025-03-25 19:43:48', 'EF'),
(685, 11, 2.10, 12, '2025-03-25 21:12:41', 'EF'),
(686, 11, 1.20, 12, '2025-03-25 21:21:46', 'EF'),
(687, 11, 2.70, 12, '2025-03-25 21:48:09', 'EF'),
(688, 11, 0.30, 12, '2025-03-25 22:41:50', 'EF'),
(689, 11, 1.00, 12, '2025-03-26 00:01:08', 'EF'),
(690, 11, 1.20, 12, '2025-03-26 00:15:10', 'EF'),
(691, 11, 0.60, 12, '2025-03-26 16:00:59', 'EF'),
(692, 11, 0.80, 12, '2025-03-26 16:08:55', 'EF'),
(693, 11, 1.00, 12, '2025-03-26 19:56:45', 'EF'),
(694, 11, 1.00, 12, '2025-03-26 19:58:33', 'EF'),
(695, 11, 5.00, 12, '2025-03-26 20:16:28', 'EF'),
(696, 11, 1.00, 12, '2025-03-26 20:34:42', 'EF'),
(697, 11, 2.00, 12, '2025-03-26 21:20:40', 'EF'),
(698, 11, 0.60, 12, '2025-03-26 22:26:21', 'EF'),
(699, 11, 1.00, 12, '2025-03-26 23:29:26', 'EF'),
(700, 11, 0.50, 12, '2025-03-26 23:35:54', 'EF'),
(701, 11, 6.55, 12, '2025-03-27 00:05:49', 'EF'),
(702, 11, 2.00, 12, '2025-03-27 01:01:52', 'DU'),
(703, 11, 1.00, 12, '2025-03-27 01:16:56', 'EF'),
(704, 11, 2.55, 12, '2025-03-27 01:18:49', 'EF'),
(705, 11, 8.68, 12, '2025-03-27 01:20:35', 'EF'),
(706, 11, 1.00, 12, '2025-03-27 01:26:16', 'EF'),
(707, 11, 0.60, 12, '2025-03-27 01:51:40', 'EF'),
(708, 11, 1.00, 12, '2025-03-27 16:56:38', 'EF'),
(709, 11, 2.41, 12, '2025-03-27 19:15:26', 'EF'),
(710, 11, 0.50, 12, '2025-03-27 20:24:26', 'EF'),
(711, 11, 0.70, 12, '2025-03-28 00:19:16', 'EF'),
(712, 11, 0.20, 12, '2025-03-28 00:20:29', 'EF'),
(713, 11, 0.50, 12, '2025-03-28 00:21:17', 'EF'),
(714, 11, 0.50, 12, '2025-03-28 00:43:24', 'EF'),
(715, 11, 0.30, 12, '2025-03-28 00:51:34', 'EF'),
(716, 11, 0.50, 12, '2025-03-28 01:41:17', 'EF'),
(717, 11, 4.09, 12, '2025-03-28 01:42:16', 'DU'),
(718, 11, 0.15, 12, '2025-03-28 01:44:18', 'EF'),
(719, 11, 0.30, 12, '2025-03-28 16:27:08', 'EF'),
(720, 11, 0.40, 12, '2025-03-28 17:50:56', 'EF'),
(721, 11, 0.15, 12, '2025-03-28 18:00:29', 'EF'),
(722, 11, 4.00, 12, '2025-03-28 20:19:35', 'EF'),
(723, 11, 1.00, 12, '2025-03-28 20:36:51', 'EF'),
(724, 11, 0.60, 12, '2025-03-28 22:15:10', 'EF'),
(725, 11, 3.40, 12, '2025-03-28 22:41:00', 'EF'),
(726, 11, 5.95, 12, '2025-03-28 23:15:13', 'EF'),
(727, 11, 1.20, 12, '2025-03-29 15:44:34', 'EF'),
(728, 11, 0.60, 12, '2025-03-29 17:02:24', 'EF'),
(729, 11, 0.82, 12, '2025-03-29 18:14:34', 'EF'),
(730, 11, 2.00, 12, '2025-03-29 18:28:18', 'EF'),
(731, 11, 0.40, 12, '2025-03-29 18:57:42', 'EF'),
(732, 11, 0.40, 12, '2025-03-29 21:41:00', 'EF'),
(733, 11, 0.10, 12, '2025-03-29 22:11:32', 'EF'),
(734, 11, 0.75, 12, '2025-03-29 22:47:47', 'EF'),
(735, 11, 1.40, 12, '2025-03-29 23:11:54', 'EF'),
(736, 11, 1.00, 12, '2025-03-30 00:04:39', 'EF'),
(737, 11, 0.80, 12, '2025-03-30 00:28:52', 'EF'),
(738, 11, 0.60, 12, '2025-03-30 00:38:34', 'EF'),
(739, 11, 2.40, 12, '2025-03-30 00:45:07', 'EF'),
(740, 11, 2.40, 12, '2025-03-30 00:47:26', 'EF'),
(741, 11, 3.00, 12, '2025-03-30 01:28:07', 'DU'),
(742, 11, 0.60, 12, '2025-03-30 01:31:58', 'EF'),
(743, 11, 1.10, 12, '2025-03-30 01:41:41', 'EF'),
(744, 11, 3.00, 12, '2025-03-30 16:05:12', 'EF'),
(745, 11, 0.20, 12, '2025-03-30 17:34:52', 'EF'),
(746, 11, 1.00, 12, '2025-03-30 19:16:27', 'EF'),
(747, 11, 1.10, 12, '2025-03-31 15:30:36', 'EF'),
(748, 11, 0.11, 12, '2025-03-31 16:54:21', 'EF'),
(749, 11, 0.90, 12, '2025-03-31 17:32:35', 'EF'),
(750, 11, 0.19, 12, '2025-03-31 19:07:27', 'EF'),
(751, 11, 0.80, 12, '2025-03-31 19:21:19', 'EF'),
(752, 11, 2.50, 12, '2025-03-31 21:02:16', 'EF'),
(753, 11, 0.15, 12, '2025-03-31 22:45:11', 'EF'),
(754, 11, 1.00, 12, '2025-03-31 23:27:09', 'EF'),
(755, 11, 7.80, 12, '2025-03-31 23:28:26', 'EF'),
(756, 11, 1.20, 12, '2025-03-31 23:33:46', 'EF'),
(757, 11, 3.30, 12, '2025-03-31 23:40:48', 'EF'),
(758, 11, 0.30, 12, '2025-04-01 00:40:55', 'EF'),
(759, 11, 0.70, 12, '2025-04-01 00:56:28', 'EF'),
(760, 11, 0.40, 12, '2025-04-01 01:27:43', 'EF'),
(761, 11, 0.50, 12, '2025-04-01 16:34:54', 'EF'),
(762, 11, 0.40, 12, '2025-04-01 16:35:19', 'EF'),
(763, 11, 0.60, 12, '2025-04-01 19:16:06', 'EF'),
(764, 11, 5.00, 12, '2025-04-01 19:52:55', 'EF'),
(765, 11, 2.00, 12, '2025-04-01 20:15:30', 'EF'),
(766, 11, 0.50, 12, '2025-04-01 20:42:19', 'EF'),
(767, 11, 0.50, 12, '2025-04-01 21:03:11', 'EF'),
(768, 11, 1.20, 12, '2025-04-01 23:25:26', 'EF'),
(769, 11, 3.50, 12, '2025-04-01 23:27:13', 'EF'),
(770, 11, 2.40, 12, '2025-04-02 00:37:22', 'EF'),
(771, 11, 1.20, 12, '2025-04-02 00:48:16', 'EF'),
(772, 11, 5.22, 12, '2025-04-02 00:59:25', 'EF'),
(773, 11, 2.50, 12, '2025-04-02 01:00:22', 'EF'),
(774, 11, 0.80, 12, '2025-04-02 01:58:22', 'EF'),
(775, 11, 1.20, 12, '2025-04-02 20:55:04', 'EF'),
(776, 11, 0.90, 12, '2025-04-02 20:56:57', 'EF'),
(777, 11, 2.70, 12, '2025-04-02 22:47:16', 'EF'),
(778, 11, 0.15, 12, '2025-04-02 23:33:10', 'EF'),
(779, 11, 2.00, 12, '2025-04-03 00:33:54', 'EF'),
(780, 11, 0.70, 12, '2025-04-03 01:00:47', 'EF'),
(781, 11, 2.00, 12, '2025-04-03 01:06:31', 'EF'),
(782, 11, 1.35, 12, '2025-04-03 01:26:07', 'EF'),
(783, 11, 0.60, 12, '2025-04-03 01:26:52', 'EF'),
(784, 11, 0.30, 12, '2025-04-03 01:27:41', 'EF'),
(785, 11, 1.00, 12, '2025-04-03 01:37:36', 'EF'),
(786, 11, 1.00, 12, '2025-04-03 01:38:50', 'EF'),
(787, 11, 1.00, 12, '2025-04-03 15:32:12', 'EF'),
(788, 11, 1.00, 12, '2025-04-03 15:34:46', 'EF'),
(789, 11, 6.60, 12, '2025-04-03 17:28:13', 'EF'),
(790, 11, 0.30, 12, '2025-04-03 18:47:02', 'EF'),
(791, 11, 0.30, 12, '2025-04-03 20:59:40', 'DU'),
(792, 11, 1.53, 12, '2025-04-03 21:12:24', 'TR'),
(793, 11, 3.00, 12, '2025-04-03 23:09:44', 'EF'),
(794, 11, 1.80, 12, '2025-04-03 23:29:50', 'EF'),
(795, 11, 0.60, 12, '2025-04-03 23:32:52', 'EF'),
(796, 11, 0.60, 12, '2025-04-04 00:33:02', 'EF'),
(797, 11, 3.00, 12, '2025-04-04 01:02:21', 'EF'),
(798, 11, 3.00, 12, '2025-04-04 01:10:30', 'EF'),
(799, 11, 0.80, 12, '2025-04-04 01:31:33', 'EF'),
(800, 11, 0.80, 12, '2025-04-04 02:03:23', 'EF'),
(801, 11, 0.30, 12, '2025-04-04 14:58:05', 'EF'),
(802, 11, 5.00, 12, '2025-04-04 15:17:18', 'EF'),
(803, 11, 0.90, 12, '2025-04-04 15:58:07', 'EF'),
(804, 11, 0.30, 12, '2025-04-04 16:02:23', 'EF'),
(805, 11, 1.80, 12, '2025-04-04 18:45:33', 'EF'),
(806, 11, 1.60, 12, '2025-04-04 18:56:25', 'EF'),
(807, 11, 0.90, 12, '2025-04-04 18:57:36', 'EF'),
(808, 11, 1.25, 12, '2025-04-04 20:40:31', 'DU'),
(809, 11, 1.00, 12, '2025-04-04 20:44:28', 'DU'),
(810, 11, 2.00, 12, '2025-04-04 21:10:26', 'EF'),
(811, 11, 0.50, 12, '2025-04-04 21:35:36', 'DU'),
(812, 11, 4.50, 12, '2025-04-04 21:37:49', 'EF'),
(813, 11, 1.00, 12, '2025-04-04 21:39:41', 'EF'),
(814, 11, 0.35, 12, '2025-04-04 22:20:29', 'EF'),
(815, 11, 0.90, 12, '2025-04-04 22:28:26', 'EF'),
(816, 11, 0.20, 12, '2025-04-04 22:43:44', 'DU'),
(817, 11, 7.23, 12, '2025-04-04 23:20:45', 'EF'),
(818, 11, 1.50, 12, '2025-04-05 00:05:46', 'EF'),
(819, 11, 1.00, 12, '2025-04-05 00:36:04', 'EF'),
(820, 11, 3.42, 12, '2025-04-05 00:46:48', 'DU'),
(821, 11, 0.60, 12, '2025-04-05 00:47:42', 'EF'),
(822, 22, 2.40, 12, '2025-04-05 01:11:14', 'EF'),
(823, 11, 3.27, 12, '2025-04-05 01:24:19', 'EF'),
(824, 11, 6.00, 12, '2025-04-05 01:26:42', 'EF'),
(825, 11, 0.80, 12, '2025-04-05 15:51:59', 'EF'),
(826, 11, 1.20, 12, '2025-04-05 17:43:06', 'EF'),
(827, 11, 1.80, 12, '2025-04-05 18:08:01', 'EF'),
(828, 11, 1.80, 12, '2025-04-05 18:15:06', 'EF'),
(829, 11, 1.20, 12, '2025-04-05 18:33:56', 'EF'),
(830, 11, 2.10, 12, '2025-04-05 19:08:55', 'EF'),
(831, 11, 6.00, 12, '2025-04-05 19:18:07', 'EF'),
(832, 11, 1.24, 12, '2025-04-05 19:18:47', 'EF'),
(833, 11, 4.09, 12, '2025-04-05 19:48:25', 'EF'),
(834, 11, 0.80, 12, '2025-04-05 19:54:39', 'EF'),
(835, 11, 1.02, 12, '2025-04-05 20:03:13', 'EF'),
(836, 11, 1.20, 12, '2025-04-05 20:36:02', 'TR'),
(837, 11, 0.70, 12, '2025-04-06 00:18:17', 'EF'),
(838, 11, 4.50, 12, '2025-04-06 00:44:35', 'DU'),
(839, 11, 1.08, 12, '2025-04-06 00:49:22', 'EF'),
(840, 11, 1.32, 12, '2025-04-06 16:22:02', 'EF'),
(841, 11, 0.60, 12, '2025-04-06 16:22:25', 'EF'),
(842, 11, 1.50, 12, '2025-04-06 16:53:34', 'EF'),
(843, 11, 7.97, 12, '2025-04-06 17:05:42', 'EF'),
(844, 11, 8.50, 12, '2025-04-06 17:06:56', 'EF'),
(845, 11, 0.60, 12, '2025-04-06 18:30:20', 'EF'),
(846, 11, 0.90, 12, '2025-04-06 19:02:52', 'EF'),
(847, 11, 3.00, 12, '2025-04-06 19:52:08', 'EF'),
(848, 11, 2.00, 12, '2025-04-06 19:58:53', 'EF'),
(849, 11, 1.60, 12, '2025-04-06 20:04:18', 'EF'),
(850, 11, 0.75, 12, '2025-04-06 21:01:02', 'EF'),
(851, 11, 0.60, 12, '2025-04-06 21:54:16', 'EF'),
(852, 11, 0.30, 12, '2025-04-06 23:07:55', 'EF'),
(853, 11, 2.00, 12, '2025-04-06 23:16:41', 'EF'),
(854, 11, 1.80, 12, '2025-04-07 00:13:06', 'DU'),
(855, 11, 1.40, 12, '2025-04-07 00:13:36', 'EF'),
(856, 11, 0.20, 12, '2025-04-07 01:25:18', 'EF'),
(857, 11, 0.88, 12, '2025-04-07 16:37:38', 'EF'),
(858, 11, 0.60, 12, '2025-04-07 21:08:54', 'EF'),
(859, 11, 2.52, 12, '2025-04-07 22:34:59', 'EF'),
(860, 11, 2.55, 12, '2025-04-07 22:52:43', 'EF'),
(861, 11, 0.80, 12, '2025-04-07 23:44:43', 'EF'),
(862, 11, 0.40, 12, '2025-04-07 23:53:31', 'EF'),
(863, 11, 3.00, 12, '2025-04-08 00:12:53', 'EF'),
(864, 11, 1.50, 12, '2025-04-08 00:14:20', 'EF'),
(865, 11, 1.11, 12, '2025-04-08 01:24:14', 'EF'),
(866, 11, 4.80, 12, '2025-04-08 23:19:42', 'EF'),
(867, 11, 5.00, 12, '2025-04-08 23:20:46', 'EF'),
(868, 11, 1.50, 12, '2025-04-08 23:53:15', 'EF'),
(869, 11, 2.40, 12, '2025-04-09 00:21:33', 'EF'),
(870, 11, 5.48, 12, '2025-04-09 00:34:26', 'DU'),
(871, 11, 0.60, 12, '2025-04-09 00:36:00', 'EF'),
(872, 11, 0.35, 12, '2025-04-09 00:56:26', 'EF'),
(873, 11, 0.40, 12, '2025-04-09 00:59:38', 'EF'),
(874, 11, 0.50, 12, '2025-04-09 01:01:27', 'EF'),
(875, 11, 2.00, 12, '2025-04-09 01:37:49', 'EF'),
(876, 11, 2.50, 12, '2025-04-09 01:55:17', 'EF'),
(877, 11, 3.00, 12, '2025-04-09 02:05:29', 'EF'),
(878, 11, 1.02, 12, '2025-04-09 14:59:48', 'EF'),
(879, 11, 0.80, 12, '2025-04-09 16:19:50', 'EF'),
(880, 11, 1.10, 12, '2025-04-09 19:10:50', 'EF'),
(881, 11, 1.00, 12, '2025-04-09 19:11:20', 'EF'),
(882, 11, 0.80, 12, '2025-04-09 21:41:44', 'EF'),
(883, 11, 0.15, 12, '2025-04-09 22:28:44', 'EF'),
(884, 11, 1.00, 12, '2025-04-09 23:32:22', 'EF'),
(885, 11, 1.00, 12, '2025-04-09 23:33:04', 'EF'),
(886, 11, 0.60, 12, '2025-04-10 00:31:08', 'EF'),
(887, 11, 2.00, 12, '2025-04-10 01:22:42', 'EF'),
(888, 23, 8.68, 12, '2025-04-10 01:50:22', 'TR'),
(889, 11, 3.50, 12, '2025-04-10 01:53:04', 'EF'),
(890, 11, 0.51, 12, '2025-04-10 15:10:20', 'EF'),
(891, 11, 0.60, 12, '2025-04-10 16:01:34', 'EF'),
(892, 11, 0.50, 12, '2025-04-10 17:09:04', 'EF'),
(893, 11, 0.90, 12, '2025-04-10 17:38:54', 'EF'),
(894, 11, 1.80, 12, '2025-04-10 21:52:25', 'EF'),
(895, 11, 0.80, 12, '2025-04-10 22:35:47', 'EF'),
(896, 11, 0.80, 12, '2025-04-10 23:20:19', 'EF'),
(897, 11, 1.00, 12, '2025-04-10 23:43:16', 'DU'),
(898, 11, 0.60, 12, '2025-04-10 23:44:16', 'EF'),
(899, 11, 1.00, 12, '2025-04-10 23:53:48', 'EF'),
(900, 11, 1.50, 12, '2025-04-11 00:13:55', 'EF'),
(901, 11, 6.89, 12, '2025-04-11 00:32:09', 'EF'),
(902, 11, 6.00, 12, '2025-04-11 00:36:17', 'DU'),
(903, 11, 0.70, 12, '2025-04-11 00:51:26', 'EF'),
(904, 11, 12.60, 12, '2025-04-11 01:21:54', 'EF'),
(905, 11, 1.04, 12, '2025-04-11 15:59:59', 'EF'),
(906, 11, 0.50, 12, '2025-04-11 17:55:45', 'EF'),
(907, 11, 2.50, 12, '2025-04-11 17:56:57', 'EF'),
(908, 11, 0.80, 12, '2025-04-11 18:04:37', 'EF'),
(909, 11, 1.20, 12, '2025-04-11 21:54:30', 'EF'),
(910, 11, 2.93, 12, '2025-04-11 22:09:43', 'EF'),
(911, 11, 0.80, 12, '2025-04-11 23:15:32', 'EF'),
(912, 11, 4.05, 12, '2025-04-11 23:39:06', 'EF'),
(913, 11, 1.50, 12, '2025-04-11 23:52:23', 'EF'),
(914, 11, 1.50, 12, '2025-04-12 00:06:18', 'EF'),
(915, 11, 1.50, 12, '2025-04-12 01:22:23', 'EF'),
(916, 11, 3.00, 12, '2025-04-12 01:23:59', 'EF'),
(917, 11, 0.80, 12, '2025-04-12 01:33:10', 'EF'),
(918, 11, 0.15, 12, '2025-04-12 01:34:09', 'EF'),
(919, 11, 1.05, 12, '2025-04-12 01:44:53', 'EF'),
(920, 11, 0.20, 12, '2025-04-12 18:17:15', 'EF'),
(921, 11, 0.80, 12, '2025-04-12 22:13:04', 'EF'),
(922, 11, 1.60, 12, '2025-04-12 22:45:11', 'EF'),
(923, 11, 0.50, 12, '2025-04-12 23:30:32', 'EF'),
(924, 11, 0.90, 12, '2025-04-12 23:32:04', 'EF'),
(925, 11, 2.40, 12, '2025-04-13 00:25:35', 'EF'),
(926, 11, 2.00, 12, '2025-04-13 00:26:42', 'EF'),
(927, 11, 2.50, 12, '2025-04-13 00:37:00', 'EF'),
(928, 11, 1.50, 12, '2025-04-13 01:13:27', 'EF'),
(929, 11, 3.00, 12, '2025-04-13 01:43:20', 'EF'),
(930, 11, 5.94, 12, '2025-04-13 01:44:56', 'EF'),
(931, 11, 0.80, 12, '2025-04-13 01:46:56', 'EF'),
(932, 11, 1.08, 12, '2025-04-13 21:11:24', 'EF'),
(933, 11, 0.60, 12, '2025-04-13 21:16:06', 'EF'),
(934, 11, 0.40, 12, '2025-04-13 22:32:26', 'EF'),
(935, 11, 1.20, 12, '2025-04-13 22:58:52', 'EF'),
(936, 11, 1.00, 12, '2025-04-13 23:36:11', 'EF'),
(937, 11, 2.83, 12, '2025-04-13 23:37:40', 'EF'),
(938, 11, 1.80, 12, '2025-04-14 00:25:51', 'EF'),
(939, 11, 0.70, 12, '2025-04-14 00:26:42', 'EF'),
(940, 11, 0.50, 12, '2025-04-14 00:28:30', 'EF'),
(941, 11, 2.00, 12, '2025-04-14 00:34:00', 'EF'),
(942, 11, 3.50, 12, '2025-04-14 14:58:05', 'EF'),
(943, 11, 0.80, 12, '2025-04-14 14:58:29', 'EF'),
(944, 11, 2.00, 12, '2025-04-14 15:46:05', 'EF'),
(945, 11, 0.50, 12, '2025-04-14 15:46:57', 'EF'),
(946, 11, 0.80, 12, '2025-04-14 16:45:31', 'EF'),
(947, 11, 1.40, 12, '2025-04-14 16:56:51', 'EF'),
(948, 11, 0.70, 12, '2025-04-14 17:02:27', 'EF'),
(949, 11, 1.00, 12, '2025-04-14 17:47:44', 'EF'),
(950, 11, 4.00, 12, '2025-04-14 18:05:19', 'EF'),
(951, 11, 0.20, 12, '2025-04-14 18:05:56', 'EF'),
(952, 11, 2.50, 12, '2025-04-14 18:16:22', 'EF'),
(953, 11, 0.20, 12, '2025-04-14 18:17:12', 'EF'),
(954, 11, 0.80, 12, '2025-04-14 18:57:01', 'EF'),
(955, 11, 2.55, 12, '2025-04-14 19:17:46', 'EF'),
(956, 11, 0.70, 12, '2025-04-14 19:44:43', 'EF'),
(957, 11, 1.20, 12, '2025-04-14 21:04:56', 'EF'),
(958, 11, 3.00, 12, '2025-04-15 16:09:42', 'EF'),
(959, 11, 0.25, 12, '2025-04-15 16:10:54', 'EF'),
(960, 11, 1.50, 12, '2025-04-15 16:14:14', 'EF'),
(961, 11, 2.17, 12, '2025-04-15 16:27:47', 'EF'),
(962, 11, 6.00, 12, '2025-04-15 16:32:58', 'EF'),
(963, 11, 2.41, 12, '2025-04-15 16:33:41', 'EF'),
(964, 11, 1.60, 12, '2025-04-15 16:57:22', 'EF'),
(965, 11, 0.50, 12, '2025-04-15 19:25:03', 'EF'),
(966, 11, 0.75, 12, '2025-04-15 19:55:48', 'EF'),
(967, 11, 2.00, 12, '2025-04-15 22:49:33', 'EF'),
(968, 11, 3.90, 12, '2025-04-15 23:34:40', 'EF'),
(969, 11, 5.00, 12, '2025-04-16 01:30:03', 'EF'),
(970, 11, 0.50, 12, '2025-04-16 01:48:26', 'EF'),
(971, 11, 1.50, 12, '2025-04-16 16:06:22', 'EF'),
(972, 11, 0.50, 12, '2025-04-16 17:29:58', 'EF'),
(973, 11, 0.40, 12, '2025-04-16 18:35:49', 'EF'),
(974, 11, 0.80, 12, '2025-04-16 18:59:20', 'EF'),
(975, 11, 6.83, 12, '2025-04-16 23:15:29', 'EF'),
(976, 11, 5.61, 12, '2025-04-16 23:18:00', 'EF'),
(977, 11, 3.00, 12, '2025-04-17 00:17:05', 'EF'),
(978, 11, 1.00, 12, '2025-04-17 00:17:57', 'EF'),
(979, 11, 4.14, 12, '2025-04-17 00:45:05', 'EF'),
(980, 11, 1.00, 12, '2025-04-17 00:59:48', 'EF'),
(981, 11, 3.00, 12, '2025-04-17 01:12:04', 'EF'),
(982, 11, 7.65, 12, '2025-04-17 01:13:21', 'EF'),
(983, 11, 0.88, 12, '2025-04-17 01:15:39', 'EF'),
(984, 11, 0.15, 12, '2025-04-17 01:25:50', 'EF'),
(985, 11, 1.19, 12, '2025-04-17 01:52:41', 'EF'),
(986, 11, 0.80, 12, '2025-04-17 01:56:47', 'EF'),
(987, 11, 1.50, 12, '2025-04-17 15:51:31', 'EF'),
(988, 11, 1.70, 12, '2025-04-17 16:32:00', 'EF'),
(989, 11, 1.50, 12, '2025-04-17 17:06:35', 'EF'),
(990, 11, 0.59, 12, '2025-04-17 18:10:20', 'EF'),
(991, 11, 0.65, 12, '2025-04-17 18:37:03', 'EF'),
(992, 11, 2.50, 12, '2025-04-17 19:34:29', 'EF'),
(993, 11, 2.00, 12, '2025-04-17 20:25:21', 'EF'),
(994, 11, 0.60, 12, '2025-04-17 21:41:33', 'EF'),
(995, 11, 1.20, 12, '2025-04-17 23:05:26', 'EF'),
(996, 11, 5.28, 12, '2025-04-17 23:56:16', 'EF'),
(997, 11, 5.00, 12, '2025-04-18 00:22:56', 'EF'),
(998, 11, 1.00, 12, '2025-04-18 00:36:52', 'EF'),
(999, 11, 0.60, 12, '2025-04-18 01:02:51', 'EF'),
(1000, 11, 1.02, 12, '2025-04-19 15:35:13', 'EF'),
(1001, 11, 1.00, 12, '2025-04-19 15:45:43', 'EF'),
(1002, 11, 0.54, 12, '2025-04-19 16:12:23', 'EF'),
(1003, 11, 3.43, 12, '2025-04-19 16:21:01', 'EF'),
(1004, 11, 1.00, 12, '2025-04-19 16:51:34', 'EF'),
(1005, 11, 2.20, 12, '2025-04-19 16:52:39', 'EF'),
(1006, 11, 0.90, 12, '2025-04-19 19:02:02', 'EF'),
(1007, 11, 0.10, 12, '2025-04-19 19:57:04', 'EF'),
(1008, 11, 1.08, 12, '2025-04-19 22:37:46', 'EF'),
(1009, 11, 7.00, 12, '2025-04-19 22:39:17', 'EF'),
(1010, 11, 5.22, 12, '2025-04-19 22:40:13', 'EF'),
(1011, 11, 2.50, 12, '2025-04-19 22:56:25', 'EF'),
(1012, 11, 1.24, 12, '2025-04-19 23:08:37', 'EF'),
(1013, 11, 4.00, 12, '2025-04-19 23:50:02', 'EF'),
(1014, 11, 0.20, 12, '2025-04-19 23:54:59', 'EF'),
(1015, 11, 0.25, 12, '2025-04-20 00:53:20', 'EF'),
(1016, 11, 3.00, 12, '2025-04-20 01:19:35', 'EF'),
(1017, 11, 1.70, 12, '2025-04-20 15:51:31', 'EF'),
(1018, 11, 3.00, 12, '2025-04-20 16:23:54', 'EF'),
(1019, 11, 1.02, 12, '2025-04-20 18:00:26', 'EF'),
(1020, 11, 0.24, 12, '2025-04-20 18:06:40', 'EF'),
(1021, 11, 0.80, 12, '2025-04-20 18:21:04', 'EF'),
(1022, 11, 2.10, 12, '2025-04-20 22:53:21', 'EF'),
(1023, 11, 1.30, 12, '2025-04-20 22:53:59', 'EF'),
(1024, 11, 1.50, 12, '2025-04-20 22:55:42', 'EF'),
(1025, 11, 1.20, 12, '2025-04-20 22:58:25', 'EF'),
(1026, 11, 3.00, 12, '2025-04-20 23:05:50', 'EF'),
(1027, 11, 0.10, 12, '2025-04-20 23:36:55', 'EF'),
(1028, 11, 1.80, 12, '2025-04-20 23:39:15', 'DU'),
(1029, 11, 1.50, 12, '2025-04-20 23:41:13', 'EF'),
(1030, 11, 2.50, 12, '2025-04-21 00:44:31', 'EF'),
(1031, 11, 0.25, 12, '2025-04-21 01:00:17', 'EF'),
(1032, 11, 1.00, 12, '2025-04-21 01:51:27', 'EF'),
(1033, 11, 0.50, 12, '2025-04-21 01:52:58', 'EF'),
(1034, 11, 1.80, 12, '2025-04-21 16:30:55', 'EF'),
(1035, 11, 0.60, 12, '2025-04-21 16:37:18', 'EF'),
(1036, 11, 2.00, 12, '2025-04-21 17:06:45', 'EF'),
(1037, 11, 5.04, 12, '2025-04-21 19:35:50', 'EF'),
(1038, 11, 0.30, 12, '2025-04-21 19:37:13', 'EF'),
(1039, 11, 0.30, 12, '2025-04-21 19:44:52', 'EF'),
(1040, 11, 1.20, 12, '2025-04-21 22:14:38', 'EF'),
(1041, 11, 0.60, 12, '2025-04-21 23:22:31', 'EF'),
(1042, 11, 3.00, 12, '2025-04-21 23:23:35', 'DU'),
(1043, 11, 0.90, 12, '2025-04-22 00:01:53', 'EF'),
(1044, 11, 0.60, 12, '2025-04-22 00:10:24', 'EF'),
(1045, 11, 8.50, 12, '2025-04-22 00:29:13', 'DU'),
(1046, 11, 0.35, 12, '2025-04-22 01:18:57', 'EF'),
(1047, 11, 0.70, 12, '2025-04-22 01:20:58', 'EF'),
(1048, 11, 3.00, 12, '2025-04-22 01:21:27', 'EF'),
(1049, 11, 1.20, 12, '2025-04-22 01:22:10', 'EF'),
(1050, 11, 1.76, 12, '2025-04-22 01:26:09', 'EF'),
(1051, 11, 1.80, 12, '2025-04-22 01:31:18', 'EF'),
(1052, 11, 1.20, 12, '2025-04-22 18:19:20', 'EF'),
(1053, 11, 0.90, 12, '2025-04-22 18:34:33', 'EF'),
(1054, 11, 0.70, 12, '2025-04-22 18:37:16', 'EF'),
(1055, 11, 4.49, 12, '2025-04-22 18:57:59', 'EF'),
(1056, 11, 1.53, 12, '2025-04-22 19:01:12', 'EF'),
(1057, 11, 1.00, 12, '2025-04-22 19:59:11', 'EF'),
(1058, 11, 9.00, 12, '2025-04-22 20:14:32', 'EF'),
(1059, 11, 1.00, 12, '2025-04-22 20:15:56', 'EF'),
(1060, 11, 1.28, 12, '2025-04-22 21:04:35', 'EF'),
(1061, 11, 6.20, 12, '2025-04-22 22:13:45', 'EF'),
(1062, 11, 0.88, 12, '2025-04-23 00:37:40', 'EF'),
(1063, 11, 5.76, 12, '2025-04-23 00:39:21', 'EF'),
(1064, 11, 3.30, 12, '2025-04-23 00:42:05', 'EF'),
(1065, 11, 0.99, 12, '2025-04-23 01:17:39', 'EF'),
(1066, 11, 0.60, 12, '2025-04-23 01:22:59', 'EF'),
(1067, 11, 1.28, 12, '2025-04-23 01:27:24', 'EF'),
(1068, 11, 1.00, 12, '2025-04-23 01:27:55', 'EF'),
(1069, 11, 1.50, 12, '2025-04-23 01:51:09', 'EF'),
(1070, 11, 3.25, 12, '2025-04-23 15:17:34', 'EF'),
(1071, 11, 0.80, 12, '2025-04-23 15:18:04', 'EF'),
(1072, 11, 0.80, 12, '2025-04-23 15:18:28', 'EF'),
(1073, 11, 1.99, 12, '2025-04-23 15:51:59', 'EF'),
(1074, 11, 0.30, 12, '2025-04-23 15:53:02', 'EF'),
(1075, 11, 1.00, 12, '2025-04-23 17:07:09', 'EF'),
(1076, 11, 3.00, 12, '2025-04-23 19:14:53', 'EF'),
(1077, 11, 0.90, 12, '2025-04-23 19:58:27', 'EF'),
(1078, 11, 4.00, 12, '2025-04-23 20:14:25', 'EF'),
(1079, 11, 4.53, 12, '2025-04-23 20:15:17', 'EF'),
(1080, 11, 6.00, 12, '2025-04-23 20:21:34', 'EF'),
(1081, 11, 1.05, 12, '2025-04-23 21:53:42', 'EF'),
(1082, 11, 3.00, 12, '2025-04-23 22:10:36', 'EF'),
(1083, 11, 1.89, 12, '2025-04-23 22:42:07', 'DU'),
(1084, 11, 1.20, 12, '2025-04-24 00:25:16', 'EF'),
(1085, 11, 0.12, 12, '2025-04-24 00:36:08', 'EF'),
(1086, 11, 1.00, 12, '2025-04-24 00:55:43', 'EF'),
(1087, 11, 4.20, 12, '2025-04-24 00:56:45', 'EF'),
(1088, 11, 4.09, 12, '2025-04-24 00:58:00', 'EF'),
(1089, 11, 3.30, 12, '2025-04-24 01:03:14', 'TR'),
(1090, 11, 6.00, 12, '2025-04-24 01:09:24', 'EF'),
(1091, 11, 0.20, 12, '2025-04-24 01:33:31', 'EF'),
(1092, 11, 2.00, 12, '2025-04-24 16:01:36', 'EF'),
(1093, 11, 4.95, 12, '2025-04-24 18:34:00', 'EF'),
(1094, 11, 2.00, 12, '2025-04-24 21:59:12', 'DU'),
(1095, 11, 0.10, 12, '2025-04-24 22:35:10', 'EF'),
(1096, 11, 1.50, 12, '2025-04-24 23:36:16', 'EF'),
(1097, 11, 0.40, 12, '2025-04-25 00:02:53', 'EF'),
(1098, 11, 2.00, 12, '2025-04-25 00:19:28', 'EF'),
(1099, 11, 2.00, 12, '2025-04-25 00:25:46', 'EF'),
(1100, 11, 1.50, 12, '2025-04-25 00:48:58', 'EF'),
(1101, 11, 1.00, 12, '2025-04-25 01:12:50', 'EF'),
(1102, 11, 0.40, 12, '2025-04-25 01:47:11', 'EF'),
(1103, 11, 6.18, 12, '2025-04-25 01:54:00', 'EF'),
(1104, 11, 3.57, 12, '2025-04-25 02:03:50', 'EF'),
(1105, 11, 0.40, 12, '2025-04-25 02:04:57', 'EF'),
(1106, 11, 3.25, 12, '2025-04-25 15:36:47', 'EF'),
(1107, 11, 0.25, 12, '2025-04-25 17:20:49', 'EF'),
(1108, 11, 7.50, 12, '2025-04-25 18:11:37', 'EF'),
(1109, 11, 1.00, 12, '2025-04-25 19:21:29', 'EF'),
(1110, 11, 1.00, 12, '2025-04-25 19:52:33', 'EF'),
(1111, 11, 4.00, 12, '2025-04-25 20:01:35', 'EF'),
(1112, 11, 3.15, 12, '2025-04-25 20:37:04', 'EF'),
(1113, 11, 2.00, 12, '2025-04-25 22:27:06', 'DU'),
(1114, 11, 1.25, 12, '2025-04-25 23:49:19', 'EF'),
(1115, 11, 6.95, 12, '2025-04-26 00:19:22', 'EF'),
(1116, 11, 3.24, 12, '2025-04-26 00:20:11', 'DU'),
(1117, 11, 1.60, 12, '2025-04-26 01:21:29', 'EF'),
(1118, 11, 0.90, 12, '2025-04-26 16:05:11', 'EF'),
(1119, 11, 2.00, 12, '2025-04-26 16:23:19', 'EF'),
(1120, 11, 0.50, 12, '2025-04-26 16:30:38', 'EF'),
(1121, 11, 1.20, 12, '2025-04-26 16:57:29', 'EF'),
(1122, 11, 2.00, 12, '2025-04-26 18:15:43', 'EF'),
(1123, 11, 0.80, 12, '2025-04-26 20:19:23', 'EF'),
(1124, 11, 1.00, 12, '2025-04-26 20:56:11', 'EF'),
(1125, 11, 0.60, 12, '2025-04-26 21:16:58', 'EF'),
(1126, 11, 0.40, 12, '2025-04-26 21:54:25', 'EF'),
(1127, 11, 0.50, 12, '2025-04-26 22:52:38', 'EF'),
(1128, 11, 1.10, 12, '2025-04-26 23:01:52', 'EF'),
(1129, 11, 1.00, 12, '2025-04-26 23:38:24', 'EF'),
(1130, 11, 0.40, 12, '2025-04-27 00:31:17', 'EF'),
(1131, 11, 2.85, 12, '2025-04-27 00:53:37', 'EF'),
(1132, 11, 0.45, 12, '2025-04-27 17:30:46', 'EF'),
(1133, 11, 1.20, 12, '2025-04-27 17:46:28', 'EF'),
(1134, 11, 0.60, 12, '2025-04-27 18:06:06', 'EF'),
(1135, 11, 0.30, 12, '2025-04-27 18:13:20', 'EF'),
(1136, 11, 1.50, 12, '2025-04-27 18:13:57', 'EF'),
(1137, 11, 1.80, 12, '2025-04-27 21:29:13', 'EF'),
(1138, 11, 1.10, 12, '2025-04-27 21:30:12', 'EF'),
(1139, 11, 8.45, 12, '2025-04-27 22:07:58', 'EF'),
(1140, 11, 3.80, 12, '2025-04-27 22:41:11', 'EF'),
(1141, 11, 0.80, 12, '2025-04-27 23:52:35', 'EF'),
(1142, 11, 0.20, 12, '2025-04-28 00:11:12', 'EF'),
(1143, 11, 8.45, 12, '2025-04-28 00:16:21', 'EF'),
(1144, 11, 0.80, 12, '2025-04-28 00:38:09', 'EF'),
(1145, 11, 0.80, 12, '2025-04-28 00:38:45', 'EF'),
(1146, 11, 3.27, 12, '2025-04-28 17:26:43', 'EF'),
(1147, 11, 1.80, 12, '2025-04-28 20:46:33', 'EF'),
(1148, 11, 1.05, 12, '2025-04-28 22:49:12', 'EF'),
(1149, 11, 0.70, 12, '2025-04-28 22:58:09', 'EF'),
(1150, 11, 0.60, 12, '2025-04-28 23:03:09', 'EF'),
(1151, 11, 3.00, 12, '2025-04-28 23:10:56', 'EF'),
(1152, 11, 3.00, 12, '2025-04-28 23:11:48', 'EF'),
(1153, 11, 0.60, 12, '2025-04-28 23:39:23', 'EF'),
(1154, 11, 5.00, 12, '2025-04-28 23:40:36', 'EF'),
(1155, 11, 1.50, 12, '2025-04-28 23:41:27', 'DU'),
(1156, 11, 6.89, 12, '2025-04-28 23:42:33', 'EF'),
(1157, 11, 1.00, 12, '2025-04-29 00:52:00', 'EF'),
(1158, 11, 3.00, 12, '2025-04-29 01:27:36', 'EF'),
(1159, 11, 1.00, 12, '2025-04-29 01:40:32', 'EF'),
(1160, 11, 1.00, 12, '2025-04-29 01:58:00', 'EF'),
(1161, 11, 2.00, 12, '2025-04-29 21:10:00', 'EF'),
(1162, 11, 4.00, 12, '2025-04-29 22:16:37', 'EF'),
(1163, 11, 0.60, 12, '2025-04-29 22:41:48', 'EF'),
(1164, 11, 1.01, 12, '2025-04-29 22:43:48', 'EF'),
(1165, 11, 3.25, 12, '2025-04-29 22:53:22', 'EF'),
(1166, 11, 2.00, 12, '2025-04-29 23:12:26', 'EF'),
(1167, 11, 0.56, 12, '2025-04-29 23:45:16', 'EF'),
(1168, 11, 1.00, 12, '2025-04-30 00:21:07', 'EF'),
(1169, 11, 1.10, 12, '2025-04-30 15:55:30', 'EF'),
(1170, 11, 0.30, 12, '2025-04-30 16:01:38', 'EF'),
(1171, 11, 0.60, 12, '2025-04-30 16:02:31', 'EF'),
(1172, 11, 0.80, 12, '2025-04-30 18:28:49', 'EF'),
(1173, 11, 4.80, 12, '2025-04-30 23:29:53', 'EF'),
(1174, 11, 1.05, 12, '2025-04-30 23:36:27', 'EF'),
(1175, 11, 0.30, 12, '2025-04-30 23:49:03', 'EF'),
(1176, 11, 1.00, 12, '2025-04-30 23:53:49', 'EF'),
(1177, 11, 8.00, 12, '2025-05-01 00:06:06', 'EF'),
(1178, 11, 1.00, 12, '2025-05-01 00:16:39', 'EF'),
(1179, 11, 1.03, 12, '2025-05-01 00:41:34', 'TR'),
(1180, 11, 5.94, 12, '2025-05-01 00:43:50', 'DU'),
(1181, 11, 1.00, 12, '2025-05-01 00:47:57', 'EF'),
(1182, 11, 2.00, 12, '2025-05-01 00:50:02', 'EF'),
(1183, 11, 6.00, 12, '2025-05-01 00:53:15', 'EF'),
(1184, 11, 0.60, 12, '2025-05-01 01:37:18', 'EF'),
(1185, 11, 1.50, 12, '2025-05-01 22:59:04', 'EF'),
(1186, 11, 0.80, 12, '2025-05-01 23:15:19', 'EF'),
(1187, 11, 1.92, 12, '2025-05-01 23:54:28', 'DU'),
(1188, 11, 2.40, 12, '2025-05-02 00:22:17', 'EF'),
(1189, 11, 0.50, 12, '2025-05-02 01:56:15', 'EF'),
(1190, 11, 0.40, 12, '2025-05-02 15:27:01', 'EF'),
(1191, 11, 5.80, 12, '2025-05-02 17:13:03', 'EF'),
(1192, 11, 2.50, 12, '2025-05-02 17:15:09', 'EF'),
(1193, 11, 2.10, 12, '2025-05-02 18:13:35', 'EF'),
(1194, 11, 0.90, 12, '2025-05-02 19:18:28', 'EF'),
(1195, 11, 1.20, 12, '2025-05-02 20:06:57', 'EF'),
(1196, 11, 0.80, 12, '2025-05-02 20:28:59', 'EF'),
(1197, 11, 1.50, 12, '2025-05-02 21:11:25', 'EF'),
(1198, 11, 1.02, 12, '2025-05-02 22:00:48', 'EF'),
(1199, 11, 0.70, 12, '2025-05-02 22:57:02', 'EF'),
(1200, 11, 0.80, 12, '2025-05-02 23:23:30', 'EF'),
(1201, 11, 0.20, 12, '2025-05-02 23:25:21', 'EF'),
(1202, 11, 1.00, 12, '2025-05-02 23:51:19', 'EF'),
(1203, 11, 0.30, 12, '2025-05-03 00:03:39', 'EF'),
(1204, 11, 6.00, 12, '2025-05-03 01:18:22', 'DU'),
(1205, 11, 2.20, 12, '2025-05-03 01:51:45', 'EF'),
(1206, 11, 0.35, 12, '2025-05-03 16:18:52', 'EF'),
(1207, 11, 1.05, 12, '2025-05-03 16:19:32', 'EF'),
(1208, 11, 0.70, 12, '2025-05-03 16:49:01', 'EF'),
(1209, 11, 2.10, 12, '2025-05-03 16:59:35', 'EF'),
(1210, 11, 1.00, 12, '2025-05-03 17:00:31', 'EF'),
(1211, 11, 3.00, 12, '2025-05-03 19:19:27', 'EF'),
(1212, 11, 1.00, 12, '2025-05-03 20:13:39', 'EF'),
(1213, 11, 2.70, 12, '2025-05-03 23:04:01', 'EF'),
(1214, 11, 1.13, 12, '2025-05-03 23:12:55', 'DU'),
(1215, 11, 1.00, 12, '2025-05-03 23:24:31', 'EF'),
(1216, 11, 0.80, 12, '2025-05-03 23:25:22', 'EF'),
(1217, 11, 0.26, 12, '2025-05-04 00:06:16', 'EF'),
(1218, 11, 0.40, 12, '2025-05-04 00:44:01', 'EF'),
(1219, 11, 0.12, 12, '2025-05-04 01:16:58', 'EF'),
(1220, 11, 1.50, 12, '2025-05-05 16:43:31', 'EF'),
(1221, 11, 1.50, 12, '2025-05-05 16:46:32', 'EF'),
(1222, 11, 2.82, 12, '2025-05-05 16:55:08', 'EF'),
(1223, 11, 0.20, 12, '2025-05-05 17:02:32', 'EF'),
(1224, 11, 0.45, 12, '2025-05-05 19:09:17', 'EF'),
(1225, 11, 0.90, 12, '2025-05-05 20:20:27', 'EF'),
(1226, 11, 2.00, 12, '2025-05-05 20:36:08', 'EF'),
(1227, 11, 0.95, 12, '2025-05-05 21:49:55', 'EF'),
(1228, 11, 0.50, 12, '2025-05-05 23:13:41', 'EF'),
(1229, 11, 0.50, 12, '2025-05-05 23:32:52', 'EF'),
(1230, 11, 2.30, 12, '2025-05-05 23:41:57', 'EF'),
(1231, 11, 1.50, 12, '2025-05-06 00:42:47', 'EF'),
(1232, 11, 1.00, 12, '2025-05-06 00:43:20', 'EF'),
(1233, 11, 0.15, 12, '2025-05-06 00:44:27', 'EF'),
(1234, 11, 0.50, 12, '2025-05-06 00:45:28', 'EF'),
(1235, 11, 0.40, 12, '2025-05-06 01:03:19', 'EF'),
(1236, 11, 3.76, 12, '2025-05-06 01:33:09', 'DU'),
(1237, 11, 0.80, 12, '2025-05-06 01:41:38', 'EF'),
(1238, 11, 1.00, 12, '2025-05-06 15:24:10', 'EF'),
(1239, 11, 0.15, 12, '2025-05-06 16:16:45', 'EF'),
(1240, 11, 1.40, 12, '2025-05-06 19:35:01', 'EF'),
(1241, 11, 0.80, 12, '2025-05-06 20:30:13', 'EF'),
(1242, 11, 0.80, 12, '2025-05-06 22:42:09', 'EF'),
(1243, 11, 0.60, 12, '2025-05-06 22:52:24', 'EF'),
(1244, 11, 1.89, 12, '2025-05-06 23:39:49', 'EF'),
(1245, 11, 0.15, 12, '2025-05-06 23:43:12', 'EF'),
(1246, 11, 2.37, 12, '2025-05-06 23:55:52', 'EF'),
(1247, 11, 1.00, 12, '2025-05-06 23:56:21', 'EF'),
(1248, 11, 0.20, 12, '2025-05-07 00:05:43', 'EF'),
(1249, 11, 0.60, 12, '2025-05-07 00:30:56', 'EF'),
(1250, 11, 7.10, 12, '2025-05-07 01:01:01', 'EF'),
(1251, 11, 0.30, 12, '2025-05-07 01:17:43', 'EF'),
(1252, 11, 1.50, 12, '2025-05-07 01:26:00', 'EF'),
(1253, 11, 1.85, 12, '2025-05-07 01:30:03', 'EF'),
(1254, 11, 3.00, 12, '2025-05-07 02:10:29', 'EF');
INSERT INTO `ventas` (`id`, `id_cliente`, `total`, `id_usuario`, `fecha`, `tipo_trans`) VALUES
(1255, 11, 1.50, 12, '2025-05-07 02:15:37', 'EF'),
(1256, 11, 0.24, 12, '2025-05-07 17:41:58', 'EF'),
(1257, 11, 0.60, 12, '2025-05-07 19:16:43', 'EF'),
(1258, 11, 1.50, 12, '2025-05-07 20:37:54', 'EF'),
(1259, 11, 0.75, 12, '2025-05-07 21:59:18', 'EF'),
(1260, 11, 2.55, 12, '2025-05-07 22:49:13', 'EF'),
(1261, 11, 1.00, 12, '2025-05-08 01:24:12', 'EF'),
(1262, 11, 0.40, 12, '2025-05-08 15:21:25', 'EF'),
(1263, 11, 0.60, 12, '2025-05-08 16:40:31', 'EF'),
(1264, 11, 0.30, 12, '2025-05-08 18:50:26', 'EF'),
(1265, 11, 1.00, 12, '2025-05-08 19:04:45', 'EF'),
(1266, 11, 5.00, 12, '2025-05-08 19:54:08', 'EF'),
(1267, 11, 0.75, 12, '2025-05-08 22:31:32', 'EF'),
(1268, 11, 0.60, 12, '2025-05-08 22:51:57', 'EF'),
(1269, 11, 2.40, 12, '2025-05-08 23:00:50', 'EF'),
(1270, 24, 5.45, 12, '2025-05-08 23:18:13', 'EF'),
(1271, 11, 0.30, 12, '2025-05-08 23:38:34', 'EF'),
(1272, 11, 0.74, 12, '2025-05-08 23:45:44', 'EF'),
(1273, 11, 1.07, 12, '2025-05-09 00:32:25', 'EF'),
(1274, 11, 0.90, 12, '2025-05-09 00:33:48', 'EF'),
(1275, 11, 1.00, 12, '2025-05-09 00:34:31', 'EF'),
(1276, 11, 1.53, 12, '2025-05-09 00:48:56', 'EF'),
(1277, 11, 1.00, 12, '2025-05-09 00:57:51', 'EF'),
(1278, 11, 1.10, 12, '2025-05-09 01:21:48', 'EF'),
(1279, 11, 0.90, 12, '2025-05-09 16:47:35', 'EF'),
(1280, 11, 1.80, 12, '2025-05-09 16:49:30', 'EF'),
(1281, 11, 1.01, 12, '2025-05-09 16:52:44', 'EF'),
(1282, 11, 5.40, 12, '2025-05-09 17:38:16', 'EF'),
(1283, 11, 0.50, 12, '2025-05-09 18:34:02', 'EF'),
(1284, 11, 1.50, 12, '2025-05-09 19:08:50', 'EF'),
(1285, 11, 3.00, 12, '2025-05-09 19:41:11', 'EF'),
(1286, 11, 2.99, 12, '2025-05-09 21:41:36', 'EF'),
(1287, 11, 3.00, 12, '2025-05-09 22:46:58', 'EF'),
(1288, 11, 1.01, 12, '2025-05-09 23:18:05', 'EF'),
(1289, 11, 2.80, 12, '2025-05-09 23:40:37', 'EF'),
(1290, 11, 0.15, 12, '2025-05-09 23:50:15', 'EF'),
(1291, 11, 3.00, 12, '2025-05-10 00:11:27', 'EF'),
(1292, 11, 0.60, 12, '2025-05-10 00:14:37', 'EF'),
(1293, 11, 6.55, 12, '2025-05-10 00:43:22', 'EF'),
(1294, 11, 5.00, 12, '2025-05-10 00:46:20', 'EF'),
(1295, 11, 0.60, 12, '2025-05-10 00:51:40', 'EF'),
(1296, 11, 0.80, 12, '2025-05-10 01:05:16', 'EF'),
(1297, 11, 0.50, 12, '2025-05-10 01:20:15', 'EF'),
(1298, 11, 2.40, 12, '2025-05-10 02:16:13', 'EF'),
(1299, 11, 0.60, 12, '2025-05-10 16:19:47', 'EF'),
(1300, 11, 17.00, 12, '2025-05-10 16:21:18', 'EF'),
(1301, 11, 2.70, 12, '2025-05-10 18:03:30', 'EF'),
(1302, 11, 0.80, 12, '2025-05-10 18:04:21', 'EF'),
(1303, 11, 1.00, 12, '2025-05-10 18:06:04', 'EF'),
(1304, 11, 0.90, 12, '2025-05-10 18:15:21', 'EF'),
(1305, 11, 2.40, 12, '2025-05-10 18:44:09', 'EF'),
(1306, 11, 2.85, 12, '2025-05-10 22:23:17', 'EF'),
(1307, 11, 0.62, 12, '2025-05-10 22:28:44', 'EF'),
(1308, 11, 0.80, 12, '2025-05-10 22:29:43', 'EF'),
(1309, 11, 0.10, 12, '2025-05-10 23:02:42', 'EF'),
(1310, 11, 2.40, 12, '2025-05-10 23:20:43', 'EF'),
(1311, 11, 0.60, 12, '2025-05-10 23:25:24', 'EF'),
(1312, 11, 0.70, 12, '2025-05-10 23:39:06', 'EF'),
(1313, 11, 1.21, 12, '2025-05-11 00:44:07', 'EF'),
(1314, 11, 1.20, 12, '2025-05-11 01:11:05', 'EF'),
(1315, 11, 0.40, 12, '2025-05-11 01:14:07', 'EF'),
(1316, 11, 3.00, 12, '2025-05-11 01:21:48', 'EF'),
(1317, 11, 0.60, 12, '2025-05-11 15:39:14', 'EF'),
(1318, 11, 0.20, 12, '2025-05-11 16:49:15', 'EF'),
(1319, 11, 0.90, 12, '2025-05-11 16:57:50', 'EF'),
(1320, 11, 1.45, 12, '2025-05-11 17:31:02', 'EF'),
(1321, 11, 1.02, 12, '2025-05-11 17:42:00', 'EF'),
(1322, 11, 2.00, 12, '2025-05-11 18:30:12', 'EF'),
(1323, 11, 1.30, 12, '2025-05-11 18:52:53', 'EF'),
(1324, 11, 0.25, 12, '2025-05-11 19:55:05', 'DU'),
(1325, 11, 0.50, 12, '2025-05-11 20:11:42', 'EF'),
(1326, 11, 2.00, 12, '2025-05-11 20:54:26', 'EF'),
(1327, 11, 1.20, 12, '2025-05-11 21:14:20', 'EF'),
(1328, 11, 0.50, 12, '2025-05-11 21:43:19', 'EF'),
(1329, 11, 1.25, 12, '2025-05-11 22:50:39', 'EF'),
(1330, 11, 0.50, 12, '2025-05-11 23:18:20', 'EF'),
(1331, 11, 0.20, 12, '2025-05-12 00:13:36', 'EF'),
(1332, 11, 0.15, 12, '2025-05-12 00:14:56', 'EF'),
(1333, 11, 1.80, 12, '2025-05-12 01:15:48', 'EF'),
(1334, 11, 1.00, 12, '2025-05-12 01:19:44', 'EF'),
(1335, 11, 3.75, 12, '2025-05-12 15:08:08', 'EF'),
(1336, 11, 2.50, 12, '2025-05-12 15:15:22', 'EF'),
(1337, 11, 3.00, 12, '2025-05-12 16:29:06', 'EF'),
(1338, 11, 0.50, 12, '2025-05-12 18:22:21', 'EF'),
(1339, 11, 1.20, 12, '2025-05-12 21:14:46', 'EF'),
(1340, 11, 0.30, 12, '2025-05-12 22:08:38', 'EF'),
(1341, 11, 3.00, 12, '2025-05-12 22:11:55', 'EF'),
(1342, 11, 0.50, 12, '2025-05-12 22:26:17', 'EF'),
(1343, 11, 3.00, 12, '2025-05-12 23:01:35', 'EF'),
(1344, 11, 2.04, 12, '2025-05-12 23:02:51', 'EF'),
(1345, 11, 11.70, 12, '2025-05-12 23:11:11', 'EF'),
(1346, 11, 0.90, 12, '2025-05-12 23:29:17', 'EF'),
(1347, 11, 1.80, 12, '2025-05-13 00:13:23', 'EF'),
(1348, 11, 1.60, 12, '2025-05-13 00:27:47', 'EF'),
(1349, 11, 0.15, 12, '2025-05-13 00:45:37', 'EF'),
(1350, 11, 2.50, 12, '2025-05-13 00:57:01', 'EF'),
(1351, 11, 3.00, 12, '2025-05-13 01:02:23', 'EF'),
(1352, 11, 1.20, 12, '2025-05-13 01:20:52', 'EF'),
(1353, 11, 2.00, 12, '2025-05-13 01:27:33', 'EF'),
(1354, 11, 0.50, 12, '2025-05-13 01:53:08', 'EF'),
(1355, 11, 0.50, 12, '2025-05-13 02:04:19', 'EF'),
(1356, 11, 0.40, 12, '2025-05-13 02:05:08', 'EF'),
(1357, 11, 3.00, 12, '2025-05-13 16:32:19', 'EF'),
(1358, 11, 1.00, 12, '2025-05-13 16:43:17', 'EF'),
(1359, 11, 0.30, 12, '2025-05-13 17:30:24', 'EF'),
(1360, 11, 3.60, 12, '2025-05-13 17:50:00', 'EF'),
(1361, 11, 0.10, 12, '2025-05-13 17:52:28', 'EF'),
(1362, 11, 0.15, 12, '2025-05-13 21:53:11', 'EF'),
(1363, 11, 2.99, 12, '2025-05-13 23:59:41', 'EF'),
(1364, 11, 1.20, 12, '2025-05-14 00:15:06', 'EF'),
(1365, 11, 3.20, 12, '2025-05-14 00:46:23', 'EF'),
(1366, 11, 2.13, 12, '2025-05-14 00:50:27', 'EF'),
(1367, 11, 1.00, 12, '2025-05-14 01:38:28', 'EF'),
(1368, 11, 4.50, 12, '2025-05-14 01:39:44', 'EF'),
(1369, 11, 1.50, 12, '2025-05-14 01:42:23', 'EF'),
(1370, 11, 0.90, 12, '2025-05-14 01:43:24', 'EF'),
(1371, 11, 2.34, 12, '2025-05-14 01:52:21', 'EF'),
(1372, 11, 0.80, 12, '2025-05-14 15:19:03', 'EF'),
(1373, 11, 0.20, 12, '2025-05-14 15:46:41', 'EF'),
(1374, 11, 1.20, 12, '2025-05-14 17:07:36', 'EF'),
(1375, 11, 0.20, 12, '2025-05-14 18:55:33', 'EF'),
(1376, 11, 5.00, 12, '2025-05-14 20:02:12', 'EF'),
(1377, 11, 1.17, 12, '2025-05-14 23:33:19', 'EF'),
(1378, 11, 1.00, 12, '2025-05-15 00:46:43', 'EF'),
(1379, 11, 0.50, 12, '2025-05-15 00:57:00', 'EF'),
(1380, 11, 1.52, 12, '2025-05-15 00:59:34', 'EF'),
(1381, 11, 1.62, 12, '2025-05-15 01:35:38', 'EF'),
(1382, 11, 4.00, 12, '2025-05-15 01:45:49', 'EF'),
(1383, 11, 0.75, 12, '2025-05-15 15:23:22', 'EF'),
(1384, 11, 3.00, 12, '2025-05-15 16:11:19', 'EF'),
(1385, 11, 1.50, 12, '2025-05-15 16:42:27', 'EF'),
(1386, 11, 0.50, 12, '2025-05-15 17:19:15', 'EF'),
(1387, 11, 1.02, 12, '2025-05-15 18:40:02', 'EF'),
(1388, 11, 1.95, 12, '2025-05-15 19:16:33', 'EF'),
(1389, 11, 0.36, 12, '2025-05-15 19:37:43', 'EF'),
(1390, 11, 1.00, 12, '2025-05-15 21:52:18', 'EF'),
(1391, 11, 0.44, 12, '2025-05-15 22:46:45', 'EF'),
(1392, 11, 0.35, 12, '2025-05-16 00:40:56', 'EF'),
(1393, 11, 1.20, 12, '2025-05-16 01:27:54', 'EF'),
(1394, 11, 2.00, 12, '2025-05-16 01:33:46', 'EF'),
(1395, 11, 8.45, 12, '2025-05-16 02:03:44', 'EF'),
(1396, 11, 1.00, 12, '2025-05-16 15:35:05', 'EF'),
(1397, 11, 20.00, 12, '2025-05-16 17:23:52', 'EF'),
(1398, 11, 1.00, 12, '2025-05-16 17:29:32', 'EF'),
(1399, 11, 1.00, 12, '2025-05-16 20:09:27', 'EF'),
(1400, 11, 0.60, 12, '2025-05-16 21:24:33', 'EF'),
(1401, 11, 0.80, 12, '2025-05-16 23:32:13', 'EF'),
(1402, 11, 6.85, 12, '2025-05-17 00:12:49', 'EF'),
(1403, 11, 8.48, 12, '2025-05-17 00:31:05', 'DU'),
(1404, 11, 0.90, 12, '2025-05-17 01:29:01', 'EF'),
(1405, 11, 0.50, 12, '2025-05-17 21:35:56', 'EF'),
(1406, 11, 3.40, 12, '2025-05-17 22:27:44', 'EF'),
(1407, 11, 1.50, 12, '2025-05-17 22:29:06', 'EF'),
(1408, 11, 2.55, 12, '2025-05-17 23:12:39', 'EF'),
(1409, 11, 7.16, 12, '2025-05-17 23:53:17', 'DU'),
(1410, 11, 5.28, 12, '2025-05-18 01:11:06', 'EF'),
(1411, 11, 0.20, 12, '2025-05-18 16:40:34', 'EF'),
(1412, 11, 0.80, 12, '2025-05-18 16:59:52', 'EF'),
(1413, 11, 2.17, 12, '2025-05-18 17:55:04', 'EF'),
(1414, 11, 3.00, 12, '2025-05-18 21:57:03', 'EF'),
(1415, 11, 0.80, 12, '2025-05-18 22:35:17', 'EF'),
(1416, 11, 2.10, 12, '2025-05-18 23:17:24', 'EF'),
(1417, 11, 1.20, 12, '2025-05-19 00:24:17', 'EF'),
(1418, 11, 0.25, 12, '2025-05-19 00:29:05', 'EF'),
(1419, 11, 0.20, 12, '2025-05-19 00:51:11', 'EF'),
(1420, 11, 0.90, 12, '2025-05-19 01:11:34', 'EF');

-- --------------------------------------------------------

--
-- Estructura de tabla para la tabla `ventas_eliminadas`
--

CREATE TABLE `ventas_eliminadas` (
  `id_elim` int DEFAULT NULL,
  `descripcion` varchar(200) DEFAULT NULL,
  `id_detalle` int DEFAULT NULL,
  `id_producto` int DEFAULT NULL,
  `id_venta` int DEFAULT NULL,
  `tipo_prod` varchar(10) DEFAULT NULL,
  `cantidad` int DEFAULT NULL,
  `descuento` decimal(10,2) DEFAULT NULL,
  `precio` decimal(10,2) DEFAULT NULL,
  `iva` decimal(10,2) DEFAULT NULL,
  `precioPVP` decimal(10,2) DEFAULT NULL,
  `total` decimal(10,2) DEFAULT NULL,
  `fecha` datetime DEFAULT NULL,
  `tipo_trans` varchar(20) DEFAULT NULL,
  `id_usuario` int DEFAULT NULL,
  `usuario` varchar(200) DEFAULT NULL,
  `usuario_mod` varchar(200) DEFAULT NULL,
  `fecha_mod` datetime DEFAULT NULL
) 
ENGINE=InnoDB DEFAULT CHARSET=utf8mb4 COLLATE=utf8mb4_general_ci;

--
-- Volcado de datos para la tabla `ventas_eliminadas`
--

INSERT INTO `ventas_eliminadas` (`id_elim`, `descripcion`, `id_detalle`, `id_producto`, `id_venta`, `tipo_prod`, `cantidad`, `descuento`, `precio`, `iva`, `precioPVP`, `total`, `fecha`, `tipo_trans`, `id_usuario`, `usuario`, `usuario_mod`, `fecha_mod`) VALUES
(NULL, 'Vita C + Zinc x12 sobres', 1702, 438, 1397, 'U', 1, 0.00, 15.01, 0.00, 26.24, 26.24, '2025-05-16 12:23:52', 'EF', 12, 'Jadith', '12', '2025-05-18 20:24:40');

-- --------------------------------------------------------

--
-- Estructura Stand-in para la vista `vipermisos`
-- (V칠ase abajo para la vista actual)
--
CREATE TABLE `vipermisos` (
`id` int
,`nombre` varchar(30)
,`nombre_op` varchar(200)
,`archivo` varchar(100)
,`logo_opcion` varchar(100)
,`id_detalle_per` int
,`id_permiso` int
,`id_usuario` int
);

-- --------------------------------------------------------

--
-- Estructura Stand-in para la vista `viutilidad`
-- (V칠ase abajo para la vista actual)
--
CREATE TABLE `viutilidad` (
`id_venta` int
,`codproducto` int
,`descripcion` varchar(200)
,`cantidad` int
,`precio` decimal(10,2)
,`precioPVP` decimal(10,2)
,`iva` decimal(10,2)
,`totalCosto` decimal(20,2)
,`totalDescuento` decimal(10,2)
,`totalPVP` decimal(21,2)
,`utilidad` decimal(22,2)
,`fecha_venta` timestamp
,`nombre_usuario` varchar(100)
,`nombre_cliente` varchar(100)
,`transaccion` varchar(200)
);

-- --------------------------------------------------------

--
-- Estructura Stand-in para la vista `viventas_uti`
-- (V칠ase abajo para la vista actual)
--
CREATE TABLE `viventas_uti` (
`descripcion` varchar(200)
,`id` int
,`id_producto` int
,`id_venta` int
,`tipo_prod` varchar(10)
,`cantidad` int
,`descuento` decimal(10,2)
,`precio` decimal(10,2)
,`iva` decimal(10,2)
,`precioPVP` decimal(10,2)
,`total` decimal(10,2)
,`fecha` timestamp
,`tipo_trans` varchar(20)
,`id_usuario` int
,`nombre` varchar(100)
);

-- --------------------------------------------------------

--
-- Estructura para la vista `vipermisos`
--
DROP TABLE IF EXISTS `vipermisos`;

CREATE ALGORITHM=UNDEFINED DEFINER=`root`@`localhost` SQL SECURITY DEFINER VIEW `vipermisos`  AS SELECT `p`.`id` AS `id`, `p`.`nombre` AS `nombre`, `p`.`nombre_op` AS `nombre_op`, `p`.`archivo` AS `archivo`, `p`.`logo_opcion` AS `logo_opcion`, `d`.`id` AS `id_detalle_per`, `d`.`id_permiso` AS `id_permiso`, `d`.`id_usuario` AS `id_usuario` FROM (`permisos` `p` join `detalle_permisos` `d` on((`p`.`id` = `d`.`id_permiso`))) ;

-- --------------------------------------------------------

--
-- Estructura para la vista `viutilidad`
--
DROP TABLE IF EXISTS `viutilidad`;

CREATE ALGORITHM=UNDEFINED DEFINER=`root`@`localhost` SQL SECURITY DEFINER VIEW `viutilidad`  AS SELECT `d`.`id_venta` AS `id_venta`, `p`.`codproducto` AS `codproducto`, `p`.`descripcion` AS `descripcion`, `d`.`cantidad` AS `cantidad`, `d`.`precio` AS `precio`, `d`.`precioPVP` AS `precioPVP`, `d`.`iva` AS `iva`, (`d`.`cantidad` * `d`.`precio`) AS `totalCosto`, `d`.`descuento` AS `totalDescuento`, ((`d`.`cantidad` * `d`.`precioPVP`) - `d`.`descuento`) AS `totalPVP`, (((`d`.`cantidad` * `d`.`precioPVP`) - `d`.`descuento`) - (`d`.`cantidad` * `d`.`precio`)) AS `utilidad`, `v`.`fecha` AS `fecha_venta`, `u`.`nombre` AS `nombre_usuario`, `c`.`nombre` AS `nombre_cliente`, `t`.`nombre_transaccion` AS `transaccion` FROM (((((`detalle_venta` `d` join `producto` `p` on((`d`.`id_producto` = `p`.`codproducto`))) join `ventas` `v` on((`v`.`id` = `d`.`id_venta`))) join `usuario` `u` on((`u`.`idusuario` = `v`.`id_usuario`))) join `cliente` `c` on((`c`.`idcliente` = `v`.`id_cliente`))) join `transaccion` `t` on((`t`.`id_transaccion` = `v`.`tipo_trans`)))WITH LOCAL CHECK OPTION  ;

-- --------------------------------------------------------

--
-- Estructura para la vista `viventas_uti`
--
DROP TABLE IF EXISTS `viventas_uti`;

CREATE ALGORITHM=UNDEFINED DEFINER=`root`@`localhost` SQL SECURITY DEFINER VIEW `viventas_uti`  AS SELECT `p`.`descripcion` AS `descripcion`, `d`.`id` AS `id`, `d`.`id_producto` AS `id_producto`, `d`.`id_venta` AS `id_venta`, `d`.`tipo_prod` AS `tipo_prod`, `d`.`cantidad` AS `cantidad`, `d`.`descuento` AS `descuento`, `d`.`precio` AS `precio`, `d`.`iva` AS `iva`, `d`.`precioPVP` AS `precioPVP`, `d`.`total` AS `total`, `v`.`fecha` AS `fecha`, `v`.`tipo_trans` AS `tipo_trans`, `v`.`id_usuario` AS `id_usuario`, `u`.`nombre` AS `nombre` FROM (((`detalle_venta` `d` join `producto` `p` on((`d`.`id_producto` = `p`.`codproducto`))) join `ventas` `v` on((`v`.`id` = `d`.`id_venta`))) join `usuario` `u` on((`u`.`idusuario` = `v`.`id_usuario`))) ;

--
-- 칈ndices para tablas volcadas
--

--
-- Indices de la tabla `cliente`
--
ALTER TABLE `cliente`
  ADD PRIMARY KEY (`idcliente`);

--
-- Indices de la tabla `configuracion`
--
ALTER TABLE `configuracion`
  ADD PRIMARY KEY (`id`);

--
-- Indices de la tabla `detalle_permisos`
--
ALTER TABLE `detalle_permisos`
  ADD PRIMARY KEY (`id`),
  ADD KEY `id_permiso` (`id_permiso`),
  ADD KEY `id_usuario` (`id_usuario`);

--
-- Indices de la tabla `detalle_temp`
--
ALTER TABLE `detalle_temp`
  ADD PRIMARY KEY (`id`),
  ADD KEY `id_usuario` (`id_usuario`),
  ADD KEY `id_producto` (`id_producto`);

--
-- Indices de la tabla `detalle_venta`
--
ALTER TABLE `detalle_venta`
  ADD PRIMARY KEY (`id`),
  ADD KEY `id_producto` (`id_producto`),
  ADD KEY `id_venta` (`id_venta`);

--
-- Indices de la tabla `grupo_cuerpo`
--
ALTER TABLE `grupo_cuerpo`
  ADD PRIMARY KEY (`id_grupo`);

--
-- Indices de la tabla `laboratorios`
--
ALTER TABLE `laboratorios`
  ADD PRIMARY KEY (`id`);

--
-- Indices de la tabla `permisos`
--
ALTER TABLE `permisos`
  ADD PRIMARY KEY (`id`);

--
-- Indices de la tabla `presentacion`
--
ALTER TABLE `presentacion`
  ADD PRIMARY KEY (`id`);

--
-- Indices de la tabla `producto`
--
ALTER TABLE `producto`
  ADD PRIMARY KEY (`codproducto`);

--
-- Indices de la tabla `tipos`
--
ALTER TABLE `tipos`
  ADD PRIMARY KEY (`id`);

--
-- Indices de la tabla `transaccion`
--
ALTER TABLE `transaccion`
  ADD PRIMARY KEY (`id_transaccion`);

--
-- Indices de la tabla `usuario`
--
ALTER TABLE `usuario`
  ADD PRIMARY KEY (`idusuario`);

--
-- Indices de la tabla `ventas`
--
ALTER TABLE `ventas`
  ADD PRIMARY KEY (`id`),
  ADD KEY `id_usuario` (`id_usuario`),
  ADD KEY `id_cliente` (`id_cliente`);

--
-- AUTO_INCREMENT de las tablas volcadas
--

--
-- AUTO_INCREMENT de la tabla `cliente`
--
ALTER TABLE `cliente`
  MODIFY `idcliente` int NOT NULL AUTO_INCREMENT, AUTO_INCREMENT=25;

--
-- AUTO_INCREMENT de la tabla `configuracion`
--
ALTER TABLE `configuracion`
  MODIFY `id` int NOT NULL AUTO_INCREMENT, AUTO_INCREMENT=2;

--
-- AUTO_INCREMENT de la tabla `detalle_permisos`
--
ALTER TABLE `detalle_permisos`
  MODIFY `id` int NOT NULL AUTO_INCREMENT, AUTO_INCREMENT=258;

--
-- AUTO_INCREMENT de la tabla `detalle_temp`
--
ALTER TABLE `detalle_temp`
  MODIFY `id` int NOT NULL AUTO_INCREMENT, AUTO_INCREMENT=1889;

--
-- AUTO_INCREMENT de la tabla `detalle_venta`
--
ALTER TABLE `detalle_venta`
  MODIFY `id` int NOT NULL AUTO_INCREMENT, AUTO_INCREMENT=1733;

--
-- AUTO_INCREMENT de la tabla `grupo_cuerpo`
--
ALTER TABLE `grupo_cuerpo`
  MODIFY `id_grupo` int NOT NULL AUTO_INCREMENT, AUTO_INCREMENT=2;

--
-- AUTO_INCREMENT de la tabla `laboratorios`
--
ALTER TABLE `laboratorios`
  MODIFY `id` int NOT NULL AUTO_INCREMENT, AUTO_INCREMENT=40;

--
-- AUTO_INCREMENT de la tabla `permisos`
--
ALTER TABLE `permisos`
  MODIFY `id` int NOT NULL AUTO_INCREMENT, AUTO_INCREMENT=14;

--
-- AUTO_INCREMENT de la tabla `presentacion`
--
ALTER TABLE `presentacion`
  MODIFY `id` int NOT NULL AUTO_INCREMENT, AUTO_INCREMENT=18;

--
-- AUTO_INCREMENT de la tabla `producto`
--
ALTER TABLE `producto`
  MODIFY `codproducto` int NOT NULL AUTO_INCREMENT, AUTO_INCREMENT=614;

--
-- AUTO_INCREMENT de la tabla `tipos`
--
ALTER TABLE `tipos`
  MODIFY `id` int NOT NULL AUTO_INCREMENT, AUTO_INCREMENT=29;

--
-- AUTO_INCREMENT de la tabla `usuario`
--
ALTER TABLE `usuario`
  MODIFY `idusuario` int NOT NULL AUTO_INCREMENT, AUTO_INCREMENT=15;

--
-- AUTO_INCREMENT de la tabla `ventas`
--
ALTER TABLE `ventas`
  MODIFY `id` int NOT NULL AUTO_INCREMENT, AUTO_INCREMENT=1421;
COMMIT;

/*!40101 SET CHARACTER_SET_CLIENT=@OLD_CHARACTER_SET_CLIENT */;
/*!40101 SET CHARACTER_SET_RESULTS=@OLD_CHARACTER_SET_RESULTS */;
/*!40101 SET COLLATION_CONNECTION=@OLD_COLLATION_CONNECTION */;
