-- phpMyAdmin SQL Dump
-- version 5.2.1
-- https://www.phpmyadmin.net/
--
-- Servidor: 127.0.0.1
-- Tiempo de generación: 03-02-2025 a las 03:40:58
-- Versión del servidor: 10.4.32-MariaDB
-- Versión de PHP: 8.2.12

SET SQL_MODE = "NO_AUTO_VALUE_ON_ZERO";
START TRANSACTION;
SET time_zone = "+00:00";


/*!40101 SET @OLD_CHARACTER_SET_CLIENT=@@CHARACTER_SET_CLIENT */;
/*!40101 SET @OLD_CHARACTER_SET_RESULTS=@@CHARACTER_SET_RESULTS */;
/*!40101 SET @OLD_COLLATION_CONNECTION=@@COLLATION_CONNECTION */;
/*!40101 SET NAMES utf8mb4 */;

--
-- Base de datos: `v_farmacia`
--

-- --------------------------------------------------------

--
-- Estructura de tabla para la tabla `cliente`
--

CREATE TABLE `cliente` (
  `idcliente` int(11) NOT NULL,
  `cedula` varchar(15) NOT NULL,
  `nombre` varchar(100) NOT NULL,
  `telefono` varchar(15) NOT NULL,
  `direccion` varchar(200) NOT NULL,
  `email` varchar(100) NOT NULL
) ENGINE=InnoDB DEFAULT CHARSET=utf8 COLLATE=utf8_spanish_ci;

--
-- Volcado de datos para la tabla `cliente`
--

INSERT INTO `cliente` (`idcliente`, `cedula`, `nombre`, `telefono`, `direccion`, `email`) VALUES
(4, '123334', 'Consumidor Final', '09999999', 'xxxx', ''),
(6, '1111', 'Willito 1', '09999999999', 'solando 2', ''),
(8, '1750625848', 'Danielito Andrade', '0984041656', 'Solanda', ''),
(9, '1728948348', 'Pamela Yepez', '0987708702', 'Solanda', 'dd@gmail.com'),
(10, '1712207586', 'Jadith Sabay', '0984041656', 'Solanda', 'silvernetquito2012@gmail.com');

-- --------------------------------------------------------

--
-- Estructura de tabla para la tabla `configuracion`
--

CREATE TABLE `configuracion` (
  `id` int(11) NOT NULL,
  `nombre` varchar(100) NOT NULL,
  `telefono` varchar(15) NOT NULL,
  `email` varchar(100) NOT NULL,
  `direccion` text NOT NULL
) ENGINE=InnoDB DEFAULT CHARSET=utf8 COLLATE=utf8_spanish_ci;

--
-- Volcado de datos para la tabla `configuracion`
--

INSERT INTO `configuracion` (`id`, `nombre`, `telefono`, `email`, `direccion`) VALUES
(1, 'Farmacias Reina del Quinche', '999999999', 'willianandrademj43@gmail.com', 'San Gabriel');

-- --------------------------------------------------------

--
-- Estructura de tabla para la tabla `detalle_permisos`
--

CREATE TABLE `detalle_permisos` (
  `id` int(11) NOT NULL,
  `id_permiso` int(11) NOT NULL,
  `id_usuario` int(11) NOT NULL
) ENGINE=InnoDB DEFAULT CHARSET=utf8mb4 COLLATE=utf8mb4_general_ci;

--
-- Volcado de datos para la tabla `detalle_permisos`
--

INSERT INTO `detalle_permisos` (`id`, `id_permiso`, `id_usuario`) VALUES
(59, 3, 9),
(60, 5, 9),
(61, 6, 9),
(153, 1, 1),
(154, 2, 1),
(155, 3, 1),
(156, 4, 1),
(157, 5, 1),
(158, 6, 1),
(159, 7, 1),
(160, 8, 1),
(161, 9, 1),
(162, 10, 1),
(163, 11, 1),
(164, 12, 1),
(183, 3, 12),
(184, 4, 12),
(185, 5, 12),
(186, 6, 12),
(187, 7, 12),
(188, 8, 12),
(189, 9, 12),
(190, 11, 12),
(191, 12, 12);

-- --------------------------------------------------------

--
-- Estructura de tabla para la tabla `detalle_temp`
--

CREATE TABLE `detalle_temp` (
  `id` int(11) NOT NULL,
  `id_usuario` int(11) NOT NULL,
  `id_producto` int(11) NOT NULL,
  `tipo_prod` varchar(10) NOT NULL,
  `cantidad` int(11) NOT NULL,
  `descuento` decimal(10,2) NOT NULL DEFAULT 0.00,
  `precio_costo` decimal(10,2) NOT NULL,
  `precio_venta` decimal(10,2) NOT NULL,
  `iva` decimal(10,2) NOT NULL,
  `total` decimal(10,2) NOT NULL
) ENGINE=InnoDB DEFAULT CHARSET=utf8 COLLATE=utf8_spanish_ci;

-- --------------------------------------------------------

--
-- Estructura de tabla para la tabla `detalle_venta`
--

CREATE TABLE `detalle_venta` (
  `id` int(11) NOT NULL,
  `id_producto` int(11) NOT NULL,
  `id_venta` int(11) NOT NULL,
  `tipo_prod` varchar(10) NOT NULL,
  `cantidad` int(11) NOT NULL,
  `descuento` decimal(10,2) NOT NULL DEFAULT 0.00,
  `precio` decimal(10,2) NOT NULL,
  `iva` decimal(10,2) NOT NULL,
  `precioPVP` decimal(10,2) NOT NULL,
  `total` decimal(10,2) NOT NULL DEFAULT 0.00
) ENGINE=InnoDB DEFAULT CHARSET=utf8mb4 COLLATE=utf8mb4_general_ci;

--
-- Volcado de datos para la tabla `detalle_venta`
--

INSERT INTO `detalle_venta` (`id`, `id_producto`, `id_venta`, `tipo_prod`, `cantidad`, `descuento`, `precio`, `iva`, `precioPVP`, `total`) VALUES
(145, 5, 214, 'F', 3, 0.00, 1.15, 0.00, 1.25, 3.75),
(146, 1, 214, 'F', 3, 0.00, 0.50, 0.00, 0.83, 2.49),
(147, 1, 215, 'F', 1, 0.00, 0.50, 0.00, 0.83, 0.83),
(148, 6, 216, 'F', 2, 0.00, 1.00, 0.00, 1.20, 2.40),
(149, 6, 217, 'F', 1, 0.00, 1.00, 0.00, 1.20, 1.20),
(150, 27, 218, 'U', 1, 0.00, 1.86, 0.00, 2.50, 2.50),
(151, 27, 219, 'U', 1, 0.00, 1.86, 0.15, 2.50, 2.50),
(152, 40, 220, 'U', 1, 0.00, 1.63, 0.00, 2.00, 2.00);

-- --------------------------------------------------------

--
-- Estructura de tabla para la tabla `grupo_cuerpo`
--

CREATE TABLE `grupo_cuerpo` (
  `id_grupo` int(11) NOT NULL,
  `nombre` varchar(255) NOT NULL,
  `detalle` text NOT NULL
) ENGINE=InnoDB DEFAULT CHARSET=utf8mb4 COLLATE=utf8mb4_general_ci;

-- --------------------------------------------------------

--
-- Estructura de tabla para la tabla `laboratorios`
--

CREATE TABLE `laboratorios` (
  `id` int(11) NOT NULL,
  `laboratorio` varchar(100) NOT NULL,
  `direccion` varchar(50) NOT NULL
) ENGINE=InnoDB DEFAULT CHARSET=utf8mb4 COLLATE=utf8mb4_general_ci;

--
-- Volcado de datos para la tabla `laboratorios`
--

INSERT INTO `laboratorios` (`id`, `laboratorio`, `direccion`) VALUES
(1, 'Bagó', 'Quito'),
(2, 'Nifa', 'Quito'),
(4, 'Hetero', 'Quito'),
(5, 'Lamosan', 'Quito'),
(6, 'Unipharm', 'Suiza'),
(7, 'Farmalaya', 'Duran - Ecuador'),
(8, 'Farmabrand', 'Quito - Ecuador'),
(9, 'Acromax', 'Guayaquil - Ecuador'),
(10, 'La Santé', 'Bogotá - Colombia'),
(11, 'Genfar', 'Cali - Colombia'),
(12, 'ECU', 'Ecuador'),
(13, 'Aurochem', 'Duran - Ecuador'),
(14, 'Menarini', 'Florencia - Italia'),
(15, 'Siegfrid', 'Guayaquil - Ecuador'),
(16, 'Bjamer', 'Guayaquil - Ecuador'),
(17, 'Marcopharma', 'Quito - Ecuador'),
(18, 'Pfizer', 'España'),
(19, 'Novartis', 'EE.UU'),
(20, 'Abbott', 'Ecuador'),
(21, 'Otros', 'Ecuador');

-- --------------------------------------------------------

--
-- Estructura de tabla para la tabla `permisos`
--

CREATE TABLE `permisos` (
  `id` int(11) NOT NULL,
  `nombre` varchar(30) NOT NULL,
  `nombre_op` varchar(200) NOT NULL,
  `archivo` varchar(100) NOT NULL,
  `logo_opcion` varchar(100) NOT NULL
) ENGINE=InnoDB DEFAULT CHARSET=utf8mb4 COLLATE=utf8mb4_general_ci;

--
-- Volcado de datos para la tabla `permisos`
--

INSERT INTO `permisos` (`id`, `nombre`, `nombre_op`, `archivo`, `logo_opcion`) VALUES
(1, 'configuración', 'Configuración', 'config', 'fas fa-cogs mr-2 fa-2x'),
(2, 'usuarios', 'Usuarios', 'usuarios', 'fas fa-user mr-2 fa-2x'),
(3, 'clientes', 'Clientes', 'clientes', 'fas fa-users mr-2 fa-2x'),
(4, 'productos', 'Productos', 'productos', 'fas fa-cubes mr-2 fa-2x'),
(5, 'ventas', 'Historial Ventas', 'lista_ventas', 'fas fa-cash-register mr-2 fa-2x'),
(6, 'nueva_venta', 'Nueva Venta', 'ventas', 'fas fa-cash-register mr-2 fa-2x'),
(7, 'tipos', 'Tipos', 'tipo', 'fas fa-tags mr-2 fa-2x'),
(8, 'presentacion', 'Presentaciones', 'presentacion', 'fas fa-list mr-2 fa-2x'),
(9, 'laboratorios', 'Laboratorios', 'laboratorio', 'fas fa-hospital mr-2 fa-2x'),
(10, 'Reportes', 'Reportes', 'report', 'fas fa-file-archive mr-2 fa-2x'),
(11, 'detalle_utilidad', 'Detalle Utilidad', 'detalle_utilidad', 'fas fa-dollar-sign mr-2 fa-2x'),
(12, 'grupo_c', 'Grupo Corporal', 'grupo_c', 'fas fa-dice-d6 mr-2 fa-2x');

-- --------------------------------------------------------

--
-- Estructura de tabla para la tabla `presentacion`
--

CREATE TABLE `presentacion` (
  `id` int(11) NOT NULL,
  `nombre` varchar(100) NOT NULL,
  `nombre_corto` varchar(10) NOT NULL
) ENGINE=InnoDB DEFAULT CHARSET=utf8mb4 COLLATE=utf8mb4_general_ci;

--
-- Volcado de datos para la tabla `presentacion`
--

INSERT INTO `presentacion` (`id`, `nombre`, `nombre_corto`) VALUES
(4, 'Caja', 'Caja'),
(5, 'gotero', 'gotero'),
(7, 'frasco', 'frasco'),
(9, 'botella farmaceutica', 'botella'),
(10, 'viales', 'viales'),
(11, 'stick paks', 'stick'),
(12, 'ampollas', 'ampollas'),
(13, 'tubos', 'tubos'),
(14, 'sobres', 'sobre'),
(15, 'Otros', 'Otros'),
(16, 'Paquete', 'Paquete'),
(17, 'Botella', 'Botella');

-- --------------------------------------------------------

--
-- Estructura de tabla para la tabla `producto`
--

CREATE TABLE `producto` (
  `codproducto` int(11) NOT NULL,
  `codigo` varchar(20) NOT NULL,
  `descripcion` varchar(200) NOT NULL,
  `precio` decimal(10,2) NOT NULL,
  `precioIVA` decimal(10,2) NOT NULL,
  `precioPVP` decimal(10,2) NOT NULL,
  `precioFr` decimal(10,2) NOT NULL,
  `precioFr_o` decimal(10,2) NOT NULL,
  `precioFr_c` decimal(10,2) NOT NULL,
  `existencia` int(11) NOT NULL,
  `existencia_fr` int(11) NOT NULL,
  `fraccion` int(11) NOT NULL,
  `id_lab` int(11) NOT NULL,
  `id_presentacion` int(11) NOT NULL,
  `id_tipo` int(11) NOT NULL,
  `id_grupo` varchar(255) NOT NULL,
  `vencimiento` varchar(20) NOT NULL,
  `iva` decimal(10,2) NOT NULL,
  `info_prod` mediumtext NOT NULL
) ENGINE=InnoDB DEFAULT CHARSET=utf8 COLLATE=utf8_spanish_ci;

--
-- Volcado de datos para la tabla `producto`
--

INSERT INTO `producto` (`codproducto`, `codigo`, `descripcion`, `precio`, `precioIVA`, `precioPVP`, `precioFr`, `precioFr_o`, `precioFr_c`, `existencia`, `existencia_fr`, `fraccion`, `id_lab`, `id_presentacion`, `id_tipo`, `id_grupo`, `vencimiento`, `iva`, `info_prod`) VALUES
(22, '7702027040252', 'Toallas higiénicas Nosotras Buenas Noches X10', 1.13, 0.23, 1.50, 0.00, 0.00, 0.00, 3, 0, 0, 21, 15, 5, '*', '2027-10-01', 0.15, ''),
(23, '8710692120604', 'Algodón Tippys 100gr', 2.42, 0.45, 3.00, 0.00, 0.00, 0.00, 3, 0, 0, 21, 15, 5, '*', '2026-09-01', 0.15, ''),
(24, '7702031132844', 'Aceite Jhonsons Baby 50ml', 1.40, 0.27, 1.80, 0.00, 0.00, 0.00, 6, 0, 0, 21, 15, 5, '*', '0026-09-01', 0.15, ''),
(25, '7500435157476', 'Afeitadora Gillette para mujer 1u', 0.36, 0.15, 1.00, 0.00, 0.00, 0.00, 6, 0, 0, 21, 15, 5, '*', '2026-06-01', 0.15, ''),
(26, '7501037608946', 'Afeitadora Schick Exacta x1', 0.61, 0.12, 0.80, 0.00, 0.00, 0.00, 3, 0, 0, 21, 15, 5, '*', '2026-06-01', 0.15, ''),
(28, '7862136440104', 'Agua micelar LUANA 400ml', 1.86, 0.38, 2.50, 0.00, 0.00, 0.00, 3, 0, 0, 21, 9, 22, '*', '2025-07-17', 0.15, ''),
(29, '7862136440456', 'Agua de rosas LUANA 250ml', 1.25, 0.23, 1.50, 0.00, 0.00, 0.00, 3, 0, 0, 21, 9, 22, '*', '2027-01-08', 0.15, ''),
(30, '840101676953', 'Cotonetes Senyang 100u', 0.43, 0.11, 0.75, 0.00, 0.00, 0.00, 6, 0, 0, 21, 15, 5, '*', '2025-01-01', 0.15, ''),
(31, '7861003201213', 'Crema dental para niños Blendy 34gr', 0.87, 0.17, 1.10, 0.00, 0.00, 0.00, 3, 0, 0, 21, 13, 5, '*', '2027-06-01', 0.15, ''),
(32, '7509546685182', 'Crema dental Colgate Triple Acción', 1.02, 0.19, 1.25, 0.00, 0.00, 0.00, 3, 0, 0, 21, 13, 5, '*', '2026-08-01', 0.15, ''),
(33, '7861003200681', 'Crema dental Blendax 82gr', 0.81, 0.15, 1.00, 0.00, 0.00, 0.00, 3, 0, 0, 21, 13, 19, '*', '2027-11-01', 0.15, ''),
(34, '4005800137655', 'Crema Nivea 30ml', 1.93, 0.38, 2.50, 0.00, 0.00, 0.00, 6, 0, 0, 21, 15, 19, '*', '2025-02-01', 0.15, ''),
(35, '7702010470486', 'Desodorante Lady Speed Stick tubo 30gt', 0.85, 0.17, 1.15, 0.00, 0.00, 0.00, 3, 0, 0, 21, 13, 5, '*', '2026-10-01', 0.15, ''),
(36, '7702010470479', 'Desodorante Speed Stick Clinical Complete tubo 30gr', 0.85, 0.17, 1.15, 0.00, 0.00, 0.00, 3, 0, 0, 21, 13, 5, '*', '2026-08-01', 0.15, ''),
(37, '7509546076461', 'Desodorante Speed Stick Extreme Ultra azul 150ml', 4.15, 0.75, 5.00, 0.00, 0.00, 0.00, 3, 0, 0, 21, 15, 5, '*', '2025-09-01', 0.15, ''),
(38, '7509546078045', 'Desodorante Lady Speed Stick Extreme Pro5  rosa 150ml', 4.15, 0.75, 5.00, 0.00, 0.00, 0.00, 3, 0, 0, 21, 15, 26, '*', '2026-01-01', 0.15, ''),
(39, '7861223813012', 'Enjuage bucal Menta sin alcohol Gama 250ml', 0.80, 0.23, 1.50, 0.00, 0.00, 0.00, 3, 0, 0, 21, 9, 22, '*', '2026-12-05', 0.15, ''),
(40, '7861001301496', 'Gel for men Ego control caída 190ml', 1.63, 0.30, 2.00, 0.00, 0.00, 0.00, 2, 0, 0, 21, 15, 5, '*', '2026-01-01', 0.15, ''),
(41, '7861076260049', 'Gel for men Forza 90gr', 0.74, 0.15, 1.00, 0.00, 0.00, 0.00, 3, 0, 0, 21, 15, 5, '*', '2026-01-01', 0.15, ''),
(42, '7891024183083', 'Hilo dental Colgate Menta 25mt', 2.58, 0.45, 3.00, 0.00, 0.00, 0.00, 6, 0, 0, 21, 15, 5, '*', '2026-01-01', 0.15, ''),
(43, '7702027436987', 'Jabón íntimo Nosotras Herbal Sachet 18ml', 0.37, 0.08, 0.50, 0.00, 0.00, 0.00, 6, 0, 0, 21, 15, 5, '*', '2025-05-01', 0.15, ''),
(44, '7861042595144', 'Jabón íntimo femenino JOIA 250 ml', 1.31, 0.23, 1.50, 0.00, 0.00, 0.00, 3, 0, 0, 21, 15, 5, '*', '2025-10-15', 0.15, ''),
(45, '7861048601931', 'Jabón Jolly  de tocador Manzanilla pck x3', 1.41, 0.27, 1.80, 0.00, 0.00, 0.00, 3, 0, 0, 21, 15, 5, '*', '2026-12-17', 0.15, ''),
(46, '7861048601962', 'Jabón Jolly  de tocador Floral pck x3', 1.41, 0.27, 1.80, 0.00, 0.00, 0.00, 3, 0, 0, 21, 15, 5, '*', '2026-12-16', 0.15, ''),
(47, '7702010920660', 'Jabón Protex de tocador Herbal pack x3', 2.73, 0.49, 3.25, 0.00, 0.00, 0.00, 3, 0, 0, 21, 15, 5, '*', '2026-11-01', 0.15, ''),
(48, '7702010920820', 'Jabón Protex de tocador Limpieza profunda pack x3', 2.73, 0.49, 3.25, 0.00, 0.00, 0.00, 3, 0, 0, 21, 15, 5, '*', '2025-11-01', 0.15, ''),
(49, '7709643563851', 'Jabón líquido Fresquitos de frutos rojos 1L', 2.21, 0.45, 3.00, 0.00, 0.00, 0.00, 3, 0, 0, 21, 15, 5, '*', '2026-06-06', 0.15, ''),
(50, '7862119731571', 'Pañitos húmedos MIMOSITOS 120u', 0.66, 0.15, 1.00, 0.00, 0.00, 0.00, 18, 0, 0, 21, 15, 5, '*', '2026-04-27', 0.15, 'Para limpieza del bebé.\r\nDesmaquillantes.\r\nNo contienen alcohol.'),
(51, '7861042595502', 'Shampu Fresquitos para niño de manzanilla 500ml', 1.71, 0.30, 2.00, 0.00, 0.00, 0.00, 3, 0, 0, 21, 15, 5, '*', '2027-01-06', 0.15, 'Shampu de manzanilla para niños.'),
(52, '650240015670', 'Shampo Tio Nacho Anticaída 415 ml', 8.61, 1.58, 10.50, 0.00, 0.00, 0.00, 3, 0, 0, 21, 15, 5, '*', '2026-01-02', 0.15, ''),
(53, '650240057533', 'Shampu sachet Tio Nacho Anticaída 18ml', 0.21, 0.05, 0.30, 0.00, 0.00, 0.00, 10, 0, 0, 21, 15, 5, '*', '2026-06-01', 0.15, ''),
(54, '7500435128131', 'Shampu H&S sachet Suave y Manejable 15ml', 0.28, 0.05, 0.35, 0.00, 0.00, 0.00, 12, 0, 0, 21, 14, 22, '*', '2026-01-01', 0.15, ''),
(55, '7500435128124', 'Shampu H&S sachet Limpieza Renovadora 15ml', 0.28, 0.05, 0.35, 0.00, 0.00, 0.00, 12, 0, 0, 21, 14, 22, '*', '2026-01-01', 0.15, ''),
(56, '7506339319033', 'Shampu PANTENE 2en1 sachet 18 ml', 0.24, 0.05, 0.30, 0.00, 0.00, 0.00, 12, 0, 0, 21, 14, 22, '*', '2026-01-01', 0.15, ''),
(57, '7500435019828', 'Shampo H&S Suave y manejable 375ml', 7.15, 1.35, 9.00, 0.00, 0.00, 0.00, 3, 0, 0, 21, 17, 22, '*', '2027-06-01', 0.15, ''),
(58, '7861001850147', 'Shampu de manzanilla Para mi Bebé 200ml', 3.01, 0.53, 3.50, 0.00, 0.00, 0.00, 6, 0, 0, 21, 17, 22, '*', '2027-12-01', 0.15, ''),
(59, '7702006301459', 'Talco Rexona efficient 48h de 85gr', 2.31, 0.42, 2.80, 0.00, 0.00, 0.00, 3, 0, 0, 21, 7, 7, '*', '2027-09-09', 0.15, ''),
(60, '7861079401289', 'Talco micöz antihongos45gr', 1.48, 0.27, 1.80, 0.00, 0.00, 0.00, 6, 0, 0, 21, 7, 7, '*', '2027-11-01', 0.15, ''),
(61, '74410187', 'Sal Andrews x 50 sobre', 11.75, 0.00, 13.00, 0.26, 0.26, 0.24, 1, 50, 50, 21, 4, 7, '*', '2026-04-01', 0.00, ''),
(62, '7862103553622', 'LemonFlu x 40 sobres', 21.00, 0.00, 24.00, 0.60, 0.60, 0.53, 1, 40, 40, 21, 4, 7, '*', '2026-06-01', 0.00, ''),
(63, '7862102711412', 'Sin Gripal x30', 18.00, 0.00, 24.00, 0.80, 0.80, 0.60, 1, 30, 30, 21, 4, 7, '*', '2026-08-01', 0.00, ''),
(64, '7861150303327', 'Flukit x20', 12.00, 0.00, 14.40, 0.72, 0.72, 0.60, 1, 20, 20, 21, 4, 7, '*', '2027-10-01', 0.00, ''),
(65, '7862119360313', 'Femen Forte 400mg x50', 16.30, 0.00, 18.54, 0.37, 0.37, 0.33, 1, 50, 50, 21, 4, 10, '*', '2027-07-01', 0.00, ''),
(66, '7703153032715', 'Umbral Infantil 150mg/5ml, jarabe', 3.85, 0.00, 4.30, 0.00, 0.00, 0.00, 2, 0, 0, 15, 7, 17, '*', '2026-07-01', 0.00, ''),
(67, '7861009811898', 'Hidrocortif 500 Amp.iny', 4.00, 0.00, 4.26, 0.00, 0.00, 0.00, 4, 0, 0, 21, 12, 14, '*', '2025-05-01', 0.00, ''),
(68, '8901790705576', 'Omeprazol 20mg x100 caps.', 38.00, 0.00, 44.00, 0.44, 0.44, 0.38, 1, 100, 100, 21, 4, 10, '*', '2025-07-01', 0.00, ''),
(69, '8901790716831', 'Omeprazol 40mg x 30caps.', 17.00, 0.00, 19.20, 0.64, 0.64, 0.57, 1, 30, 30, 21, 4, 10, '*', '2025-07-01', 0.00, ''),
(70, '7702123828631', 'CardioAspirina 100mg x30', 6.80, 0.00, 7.50, 0.25, 0.25, 0.23, 2, 60, 30, 21, 4, 1, '*', '2026-08-01', 0.00, ''),
(71, '8901790712918', 'Metronidazol 500mg', 8.00, 0.00, 10.00, 0.10, 0.10, 0.08, 1, 100, 100, 21, 4, 1, '*', '2027-04-01', 0.00, ''),
(72, '8901790702414', 'Vitamina C sabor Naranja x100', 12.50, 0.00, 15.00, 0.15, 0.15, 0.13, 1, 100, 100, 21, 4, 1, '*', '2027-04-01', 0.00, ''),
(73, '7702057072063', 'Complejo B, Tabs', 10.00, 0.00, 11.25, 0.00, 0.00, 0.00, 1, 0, 0, 21, 4, 1, '*', '2026-05-01', 0.00, ''),
(74, '7862121730586', 'Complejo B', 10.00, 0.00, 4.25, 0.85, 0.85, 2.00, 1, 5, 5, 21, 4, 14, '*', '2027-02-01', 0.00, ''),
(75, '7862105833135', 'Hepalive Forte x40', 18.00, 0.00, 17.13, 0.43, 0.43, 0.45, 2, 80, 40, 21, 4, 10, '*', '2025-07-01', 0.00, ''),
(76, '7861155904369', 'Glicolax 17gr sobres', 8.00, 0.00, 12.00, 1.20, 1.20, 0.80, 1, 10, 10, 21, 4, 7, '*', '2026-02-01', 0.00, ''),
(77, '7750215020432', 'Nitoxadin 500mg', 5.80, 0.00, 8.40, 1.40, 1.40, 0.97, 3, 18, 6, 21, 4, 1, '*', '2026-08-01', 0.00, ''),
(78, '8901790705170', 'Ibuwin 400mg. Caps', 4.66, 0.00, 12.00, 0.40, 0.40, 0.16, 3, 90, 30, 21, 4, 10, '*', '2025-08-01', 0.00, ''),
(79, '7702057065478', 'Nitazoxanida 500mg.Tbs', 5.10, 0.00, 6.25, 1.04, 1.04, 0.85, 3, 18, 6, 21, 4, 1, '*', '2026-04-01', 0.00, ''),
(80, '7703202220322', 'Dulcolax', 5.00, 0.00, 7.00, 0.70, 0.70, 0.50, 3, 30, 10, 21, 4, 8, '*', '2027-02-01', 0.00, ''),
(81, '7750215009628', 'Ibuprofeno 800mg', 13.70, 0.00, 15.50, 0.16, 0.16, 0.14, 1, 100, 100, 21, 4, 1, '*', '2027-11-01', 0.00, ''),
(82, '7861100401493', 'AlkaSeltzer Boost x10', 1.95, 0.00, 4.06, 0.41, 0.41, 0.20, 5, 50, 10, 21, 4, 1, '*', '2026-04-01', 0.00, ''),
(83, '7862103555428', 'Pancreol Forte', 22.00, 0.00, 24.90, 0.83, 0.83, 0.73, 2, 60, 30, 21, 4, 10, '*', '2026-07-01', 0.00, ''),
(84, '7862102713645', 'Tusolvina Forte Fit 120ml', 6.80, 0.00, 8.00, 0.00, 0.00, 0.00, 3, 0, 0, 21, 7, 2, '*', '2027-01-01', 0.00, ''),
(85, '7862102710224', 'Tussolvina 120ml', 6.80, 0.00, 6.00, 0.00, 0.00, 0.00, 3, 0, 0, 21, 7, 2, '*', '2027-02-01', 0.00, ''),
(86, '7861150301460', 'Paralgen 150mg/5ml', 3.10, 0.00, 4.50, 0.00, 0.00, 0.00, 2, 0, 0, 21, 7, 2, '*', '2027-04-01', 0.00, ''),
(87, '7750215028957', 'Abrimed 35mg/5ml', 6.00, 0.00, 7.00, 0.00, 0.00, 0.00, 2, 0, 0, 21, 7, 2, '*', '2026-04-01', 0.00, ''),
(88, '7800063810645', 'Enalapril Maleato 20mg', 1.68, 0.00, 1.68, 0.08, 0.08, 0.08, 5, 100, 20, 21, 4, 8, '*', '2025-12-01', 0.00, ''),
(89, '8901790708324', 'Gabapentina 300mg', 10.00, 0.00, 30.00, 1.00, 1.00, 0.33, 2, 60, 30, 21, 4, 10, '*', '2027-06-01', 0.00, ''),
(90, '7862102664022', 'DoloNeuroyecta DC Solución inyectable', 6.50, 0.00, 6.90, 0.00, 0.00, 0.00, 4, 0, 0, 21, 12, 14, '*', '2025-12-01', 0.00, ''),
(91, '3665585002084', 'Smecta sobres x30', 38.56, 0.00, 44.85, 1.50, 1.50, 1.29, 1, 30, 30, 21, 4, 7, '*', '2027-03-01', 0.00, ''),
(92, '8901790713717', 'Leche de Magnesia 60ml', 1.58, 0.00, 2.63, 0.00, 0.00, 0.00, 5, 0, 0, 21, 7, 3, '*', '2026-10-01', 0.00, ''),
(93, '7800060130722', 'Antiax  sobres x60', 17.00, 0.00, 19.80, 0.33, 0.33, 0.28, 1, 60, 60, 21, 4, 8, '*', '2029-01-01', 0.00, ''),
(94, '7501298222349', 'Dolo Neurobion Retard tabs x30', 13.00, 0.00, 27.08, 0.90, 0.90, 0.43, 2, 60, 30, 21, 4, 1, '*', '2027-06-01', 0.00, ''),
(95, '7861149201542', 'Glicinex SR 750mg', 5.25, 0.00, 19.80, 0.66, 0.66, 0.18, 4, 120, 30, 1, 4, 8, '*', '2025-03-01', 0.00, ''),
(96, '7861097205296', 'Finalin Muscular tabs x20', 8.80, 0.00, 10.00, 0.50, 0.50, 0.44, 2, 40, 20, 21, 4, 1, '*', '2027-06-01', 0.00, ''),
(97, '7703889155313', 'Fluzetrin x20', 12.20, 0.00, 7.44, 0.74, 0.74, 1.22, 2, 20, 10, 21, 4, 10, '*', '2027-04-01', 0.00, ''),
(98, '7861141101345', 'NoGrip x20', 6.80, 0.00, 4.13, 0.21, 0.21, 0.34, 2, 40, 20, 8, 4, 8, '*', '2026-08-01', 0.00, ''),
(99, '8901790706146', 'Metformina 1g x30', 10.89, 0.00, 11.40, 0.38, 0.38, 0.36, 2, 60, 30, 21, 4, 1, '*', '2025-10-01', 0.00, ''),
(100, '8901790712185', 'Clotrimazol 2%', 6.50, 0.00, 7.89, 0.00, 0.00, 0.00, 2, 0, 0, 21, 13, 19, '*', '2025-08-01', 0.00, ''),
(101, '8906046203264', 'Germinterol', 14.00, 0.00, 15.90, 1.59, 1.59, 1.40, 1, 10, 10, 21, 4, 10, '*', '2026-01-01', 0.00, ''),
(102, '8901790703596', 'Ketorolaco', 17.00, 0.00, 46.00, 4.60, 4.60, 1.70, 1, 10, 10, 21, 4, 14, '*', '2026-05-01', 0.00, ''),
(103, '8699195610013', 'Prueba de Embarazo', 2.85, 0.00, 4.09, 0.00, 0.00, 0.00, 5, 0, 0, 21, 13, 5, '*', '2027-01-01', 0.00, ''),
(104, '7702057700928', 'Fenitoína Sódica 50 caps 100mg Fco', 10.00, 0.00, 21.00, 0.00, 0.00, 0.00, 3, 0, 0, 21, 7, 10, '*', '2025-10-01', 0.00, ''),
(105, '7862102712945', 'Tussolvina Forte 30mg x 20u', 9.54, 0.00, 12.00, 0.60, 0.60, 0.48, 1, 20, 20, 21, 4, 10, '*', '2027-03-04', 0.00, ''),
(106, '8901790698014', 'Naproxeno sódico 550mg x 30', 5.00, 0.00, 6.00, 0.20, 0.20, 0.17, 3, 90, 30, 21, 4, 1, '*', '2027-03-01', 0.00, ''),
(107, '7862114720686', 'Kufer Q Forte caja x40', 18.86, 0.00, 22.00, 0.55, 0.55, 0.47, 1, 40, 40, 21, 4, 10, '*', '2027-08-01', 0.00, ''),
(108, '74410330', 'Sal Andrews sobres  cajax12', 2.90, 0.00, 13.30, 1.11, 1.11, 0.24, 1, 12, 12, 21, 4, 7, '*', '2026-03-01', 0.00, ''),
(109, '8901790704012', 'Losartan 100mg tabs caja x100', 75.00, 0.00, 82.00, 0.82, 0.82, 0.75, 1, 100, 100, 21, 4, 1, '*', '2027-04-01', 0.00, ''),
(110, '7861155902402', 'Gastropax 100mg', 8.00, 0.00, 1.80, 0.06, 0.06, 0.27, 1, 30, 30, 21, 4, 1, '*', '2025-12-01', 0.00, ''),
(111, '18901790698981', 'Albendazol 400mg', 0.90, 0.00, 1.80, 0.00, 0.00, 0.00, 4, 0, 0, 21, 7, 3, '*', '2026-07-01', 0.00, ''),
(112, '7861073902898', 'Claritrol comp caja x10', 8.20, 0.00, 9.70, 0.97, 0.97, 0.82, 1, 10, 10, 21, 4, 8, '*', '2025-08-01', 0.00, ''),
(113, '7861009822818', 'Tendiol comp 50mg x30', 5.00, 0.00, 7.50, 0.25, 0.25, 0.17, 1, 30, 30, 21, 4, 8, '*', '2025-06-01', 0.00, ''),
(114, '8904112514177', 'Amsulona 0.4mg/0.5mg', 33.00, 0.00, 36.90, 1.23, 1.23, 1.10, 1, 30, 30, 21, 4, 10, '*', '2026-02-01', 0.00, ''),
(115, '17861081715937', 'Jeringuilla descartable x100 de 3cc', 0.09, 0.00, 0.10, 0.00, 0.00, 0.00, 1, 100, 100, 21, 4, 5, '*', '2029-11-01', 0.00, ''),
(116, '17861081716002', 'Jeringuilla descartable x100 de 10cc', 0.13, 0.00, 0.39, 0.00, 0.00, 0.00, 1, 100, 100, 21, 4, 5, '*', '2029-10-01', 0.00, ''),
(117, '17861081715968', 'Jeringuilla descartable x100 de 5cc', 0.10, 0.00, 0.25, 0.00, 0.00, 0.00, 1, 100, 100, 21, 4, 5, '*', '2029-05-01', 0.00, ''),
(118, '78610381217600', 'Mascarilla quirúrgica x50', 0.25, 0.00, 0.05, 0.00, 0.00, 0.01, 2, 100, 50, 21, 4, 5, '*', '2029-01-01', 0.00, ''),
(119, '7861038122644', 'Guantes de latex Talla M x 100', 0.25, 0.00, 2.05, 0.02, 0.02, 0.00, 1, 100, 100, 21, 4, 5, '*', '2029-05-01', 0.00, ''),
(120, '7795347980162', 'Alerfedine 100ml', 7.00, 0.00, 9.20, 0.00, 0.00, 0.00, 1, 0, 0, 21, 7, 3, '*', '2026-06-01', 0.00, ''),
(121, '7862101619993', 'Bactripharm 400mg/80', 2.45, 0.00, 3.90, 0.00, 0.00, 0.00, 2, 0, 0, 21, 7, 2, '*', '2026-09-01', 0.00, ''),
(122, '7861155902747', 'Mucoxin Junior 120ml', 4.90, 0.00, 6.50, 0.00, 0.00, 0.00, 2, 0, 0, 21, 7, 2, '*', '2026-09-01', 0.00, ''),
(123, '7861155900422', 'Complejo B 100ml', 1.10, 0.00, 2.50, 0.00, 0.00, 0.00, 2, 0, 0, 21, 7, 2, '*', '2025-12-01', 0.00, ''),
(124, '7862108810300', 'Axil 250mg 70ml', 10.00, 0.00, 13.24, 0.00, 0.00, 0.00, 2, 0, 0, 21, 7, 2, '*', '2027-07-01', 0.00, ''),
(125, '7501298225050', 'Eutirox 25 mcg', 1.50, 0.00, 1.66, 0.03, 0.03, 0.03, 4, 200, 50, 21, 4, 1, '*', '2026-05-01', 0.00, ''),
(126, '7501298220383', 'Eutirox 112mcg', 4.80, 0.00, 5.22, 0.10, 0.10, 0.10, 2, 100, 50, 21, 4, 1, '*', '2026-05-01', 0.00, ''),
(127, '7501298225043', 'Eutirox 75mcg caja x50', 3.65, 0.00, 4.00, 0.08, 0.08, 0.07, 3, 150, 50, 21, 4, 1, '*', '2026-02-01', 0.00, ''),
(128, '7501298225012', 'Eutirox 125 mcg', 4.00, 0.00, 5.00, 0.10, 0.10, 0.08, 2, 100, 50, 21, 4, 1, '*', '2026-04-01', 0.00, ''),
(129, '7501298225067', 'Eutirox 50mg capa x50', 2.60, 0.00, 3.00, 0.06, 0.06, 0.05, 2, 100, 50, 21, 4, 1, '*', '2026-05-01', 0.00, ''),
(130, '7501298220314', 'Eutirox 88mcg caja x50', 8.05, 0.00, 4.50, 0.09, 0.09, 0.16, 4, 200, 50, 21, 4, 1, '*', '2026-04-01', 0.00, ''),
(131, '8906026113866', 'Esporas de bacillus clausi BC2B 2billones de 5ml', 0.00, 0.00, 12.40, 1.24, 1.24, 0.00, 5, 50, 10, 21, 4, 5, '*', '2025-01-09', 0.00, ''),
(132, '7861100401936', 'Apronax liquid gels 275mg', 27.78, 0.00, 28.63, 0.57, 0.57, 0.56, 1, 50, 50, 21, 4, 10, '*', '2026-06-01', 0.00, ''),
(133, '6921875010984', 'Paracetamol 500mg caja x100', 3.00, 0.00, 5.00, 0.05, 0.05, 0.03, 10, 1000, 100, 21, 4, 1, '*', '2025-06-12', 0.00, ''),
(134, '7861009811171', 'Genbexil 160mg', 0.50, 0.00, 0.86, 0.00, 0.00, 0.00, 2, 0, 0, 21, 12, 14, '*', '2025-11-01', 0.00, ''),
(135, '7750215028292', 'Fluimexina 200mg', 15.00, 0.00, 17.00, 0.57, 0.57, 0.50, 1, 30, 30, 21, 4, 7, '*', '2027-03-01', 0.00, ''),
(136, '7861009842106', 'Buprex Flash 600mg', 5.00, 0.00, 6.50, 0.65, 0.65, 0.50, 4, 40, 10, 21, 4, 10, '*', '2026-10-01', 0.00, ''),
(137, '7861009805682', 'Buprex Flash 400mg', 3.25, 0.00, 4.40, 0.44, 0.44, 0.33, 3, 30, 10, 21, 4, 10, '*', '2026-04-01', 0.00, ''),
(138, '7861009855069', 'Buprex Flash 800mg', 6.75, 0.00, 8.50, 0.85, 0.85, 0.68, 4, 40, 10, 21, 4, 10, '*', '2026-10-01', 0.00, ''),
(139, '7841141004389', 'Dolgenal 30mg', 21.65, 0.00, 22.18, 2.77, 2.77, 2.71, 2, 16, 8, 21, 4, 8, '*', '2026-06-01', 0.00, ''),
(140, '7861152100283', 'Dolgenal 60mg sol.inyectable', 4.00, 0.00, 4.60, 0.00, 0.00, 0.00, 2, 0, 0, 21, 12, 14, '*', '2027-07-01', 0.00, ''),
(141, '7861009805699', 'Buprex Migra', 11.00, 0.00, 13.00, 0.65, 0.65, 0.55, 2, 40, 20, 21, 4, 8, '*', '2026-12-01', 0.00, ''),
(142, '7862101612956', 'Bactripharma Forte 800/160', 2.00, 0.00, 3.50, 0.35, 0.35, 0.20, 5, 50, 10, 21, 4, 8, '*', '2026-11-01', 0.00, ''),
(143, '7862108810447', 'Axil 500mg', 16.21, 0.00, 18.12, 1.51, 1.51, 1.35, 1, 12, 12, 21, 4, 1, '*', '2027-09-01', 0.00, ''),
(144, '7861148050158', 'Akim 500mg', 4.02, 0.00, 5.02, 0.00, 0.00, 0.00, 1, 0, 0, 9, 12, 14, '*', '2025-04-01', 0.00, ''),
(145, '7862104592330', 'Clortalidona 50mg', 2.80, 0.00, 3.75, 0.13, 0.13, 0.09, 2, 60, 30, 21, 4, 1, '*', '2025-08-01', 0.00, ''),
(146, '7861073901167', 'Megacilina forte 4.000.000 UI', 1.65, 0.00, 2.36, 0.00, 0.00, 0.00, 4, 0, 0, 21, 12, 14, '*', '2028-01-01', 0.00, ''),
(147, '2000001835937', 'Ibuprofeno 400mg', 5.00, 0.00, 7.00, 0.07, 0.07, 0.05, 3, 300, 100, 21, 4, 1, '*', '2025-11-01', 0.00, ''),
(148, '7861152100016', 'Analgan 1gr', 7.00, 0.00, 8.80, 0.44, 0.44, 0.35, 3, 60, 20, 21, 4, 8, '*', '2026-12-01', 0.00, ''),
(149, '7862133961275', 'T-Brax500mg', 4.10, 0.00, 5.28, 0.22, 0.22, 0.17, 2, 48, 24, 21, 4, 10, '*', '2026-07-01', 0.00, ''),
(150, '7862133961701', 'T-Brax 1000', 1.15, 0.00, 4.20, 0.21, 0.21, 0.06, 2, 40, 20, 21, 4, 8, '*', '2026-07-01', 0.00, ''),
(151, '7862101614967', 'T-Brax Gripe', 8.00, 0.00, 9.35, 0.58, 0.58, 0.50, 1, 16, 16, 21, 4, 10, '*', '2026-12-01', 0.00, ''),
(152, '7861141100959', 'Prednisona 5mg', 3.75, 0.00, 4.16, 0.14, 0.14, 0.13, 2, 60, 30, 8, 4, 1, '*', '2027-09-01', 0.00, ''),
(153, '7750215023792', 'Arcodex 120mg', 7.12, 0.00, 18.50, 2.64, 2.64, 1.02, 2, 14, 7, 21, 4, 1, '*', '2026-04-01', 0.00, ''),
(154, '8901790694894', 'Amoxicilina 500mg', 20.00, 0.00, 23.00, 0.23, 0.23, 0.20, 1, 100, 100, 21, 4, 10, '*', '2026-02-01', 0.00, ''),
(155, '7702057702922', 'Bonfiest', 1.68, 0.00, 3.91, 0.98, 0.98, 0.42, 4, 16, 4, 21, 4, 7, '*', '2026-09-01', 0.00, ''),
(156, '7759307003094', 'Medivel', 4.10, 0.00, 5.50, 0.55, 0.55, 0.41, 1, 10, 10, 21, 4, 15, '*', '2027-07-01', 0.00, ''),
(157, '7841141002699', 'Iltux 20mg x28', 24.05, 0.00, 26.88, 0.96, 0.96, 0.86, 1, 28, 28, 21, 4, 8, '*', '2025-04-01', 0.00, ''),
(158, '7861152100894', 'Taxus 20mg x30', 30.02, 0.00, 34.20, 1.14, 1.14, 1.00, 1, 30, 30, 21, 4, 8, '*', '2025-05-01', 0.00, ''),
(159, '7861155904352', 'Nistat', 4.05, 0.00, 5.20, 0.00, 0.00, 0.00, 3, 0, 0, 21, 13, 19, '*', '2025-09-01', 0.00, ''),
(160, '4065267730165', 'concor 5mg', 15.00, 0.00, 18.60, 0.62, 0.62, 0.50, 2, 60, 30, 21, 4, 1, '*', '2026-04-01', 0.00, ''),
(161, '8901790704999', 'Losartan Potásico 50mg', 34.00, 0.00, 38.00, 0.38, 0.38, 0.34, 2, 200, 100, 21, 4, 1, '*', '2026-07-01', 0.00, ''),
(162, '8901790704029', 'Atorvastatina 20mg', 31.00, 0.00, 33.60, 1.12, 1.12, 1.03, 2, 60, 30, 21, 4, 1, '*', '2027-06-01', 0.00, ''),
(163, '8901790717043', 'Esomeprazol 40mg', 30.00, 0.00, 39.00, 1.30, 1.30, 1.00, 2, 60, 30, 21, 4, 1, '*', '2025-10-01', 0.00, ''),
(164, '8901790708522', 'Lincomicina 600mg/2ml', 19.00, 0.00, 24.50, 2.45, 2.45, 1.90, 1, 10, 10, 21, 4, 14, '*', '2026-07-01', 0.00, ''),
(165, '7702057078799', 'Quetiapina 25mg', 14.00, 0.00, 19.78, 0.66, 0.66, 0.47, 2, 60, 30, 21, 4, 1, '*', '2025-05-01', 0.00, ''),
(166, '8901790714264', 'Gencloben', 2.05, 0.00, 4.29, 0.00, 0.00, 0.00, 3, 0, 0, 21, 13, 19, '*', '2027-03-01', 0.00, ''),
(167, '8901790711072', 'Enalapril 20mg', 5.00, 0.00, 15.00, 0.15, 0.15, 0.05, 1, 100, 100, 21, 4, 1, '*', '2025-07-01', 0.00, ''),
(168, '7862102660925', 'Oralyte sabor fresa sobres x10', 6.95, 0.00, 7.20, 0.72, 0.72, 0.70, 2, 20, 10, 21, 4, 7, '*', '2027-10-01', 0.00, ''),
(169, '7862102660918', 'Oralyte sabor manzana sobres x10', 6.95, 0.00, 7.20, 0.72, 0.72, 0.70, 2, 20, 10, 21, 4, 7, '*', '2027-11-01', 0.00, ''),
(170, '7862102660932', 'Oralyte sabor coco sobres x10', 6.95, 0.00, 7.20, 0.72, 0.72, 0.70, 2, 20, 10, 21, 4, 7, '*', '2027-09-01', 0.00, ''),
(171, '8901790694900', 'Azitromicina 500mg', 3.00, 0.00, 5.85, 1.95, 1.95, 1.00, 10, 30, 3, 21, 4, 1, '*', '2027-07-01', 0.00, ''),
(172, '7896006203070', 'Microgynon CD', 6.95, 0.00, 3.29, 0.00, 0.00, 0.00, 5, 0, 0, 21, 15, 6, '*', '2026-04-01', 0.00, ''),
(173, '7441041800601', 'Conrelax Fuerte 8mg', 14.80, 0.00, 16.50, 1.65, 1.65, 1.48, 1, 10, 10, 21, 4, 10, '*', '2027-09-01', 0.00, ''),
(174, '7750215001837', 'Sildenafilo 100mg', 8.18, 0.00, 10.00, 2.50, 2.50, 2.05, 2, 8, 4, 21, 4, 1, '*', '2026-09-01', 0.00, ''),
(175, '7703763999767', 'Furoato de mometasona alspray nasal al 0,05%', 13.10, 0.00, 15.00, 0.00, 0.00, 0.00, 4, 0, 0, 10, 9, 13, '*', '2026-04-01', 0.00, ''),
(176, '7862102661632', 'MigraFlash', 10.00, 0.00, 11.10, 0.56, 0.56, 0.50, 1, 20, 20, 21, 4, 10, '*', '2027-07-01', 0.00, ''),
(177, '7861100402414', 'Claricort', 10.00, 0.00, 11.12, 1.11, 1.11, 1.00, 1, 10, 10, 21, 4, 1, '*', '2025-11-30', 0.00, ''),
(178, '7861155900699', 'Enalapril 10mg', 3.70, 0.00, 4.50, 0.15, 0.15, 0.12, 5, 150, 30, 21, 4, 1, '*', '2026-08-01', 0.00, ''),
(179, '7862108811055', 'Moxilan 625mg', 6.17, 0.00, 9.00, 0.75, 0.75, 0.51, 6, 72, 12, 21, 4, 1, '*', '2026-12-01', 0.00, ''),
(180, '7800060007635', 'Diaren', 5.10, 0.00, 6.30, 0.32, 0.32, 0.26, 2, 40, 20, 21, 4, 8, '*', '2024-05-01', 0.00, ''),
(181, '7441041701113', 'Neural 3', 10.85, 0.00, 12.00, 0.00, 0.00, 0.00, 2, 0, 0, 21, 12, 14, '*', '2027-06-01', 0.00, ''),
(182, '7707355056197', 'Parken', 12.00, 0.00, 15.00, 0.50, 0.50, 0.40, 1, 30, 30, 21, 4, 1, '*', '2025-07-30', 0.00, ''),
(183, '7703763361014', 'L+agrimas artificiales', 1.77, 0.00, 3.27, 0.00, 0.00, 0.00, 4, 0, 0, 10, 5, 9, '*', '2025-05-30', 0.00, ''),
(184, '7795337909920', 'Suprimal', 36.16, 0.00, 54.97, 1.10, 1.10, 0.72, 2, 100, 50, 21, 4, 8, '*', '2025-07-30', 0.00, ''),
(185, '7702026143879', 'TENASlip Ultra Talla L 3 Unidades', 1.70, 0.00, 2.90, 0.00, 0.00, 0.00, 0, 0, 0, 21, 15, 5, '*', '2025-07-30', 0.00, ''),
(186, '7702026478582', 'TENA Slip Clásico Talla L  3 Unidades', 1.70, 0.00, 2.17, 0.00, 0.00, 0.00, 0, 0, 0, 21, 15, 5, '*', '2025-06-30', 0.00, ''),
(187, '7702027479755', 'TENA Slip Clásico TallaL 1 Unidad', 1.00, 0.00, 1.50, 0.00, 0.00, 0.00, 2, 0, 0, 21, 15, 5, '*', '2027-03-30', 0.00, ''),
(188, '900133792', 'Fisher Price Nappis XXGrande 5Unidades', 0.60, 0.00, 1.00, 0.00, 0.00, 0.00, 5, 0, 0, 21, 15, 5, '*', '2027-12-09', 0.00, ''),
(189, '7862126080853', 'Incentive Breathing Exerciser', 3.70, 0.00, 8.50, 0.00, 0.00, 0.00, 1, 0, 0, 21, 15, 5, '*', '2026-08-01', 0.00, ''),
(190, '171220758600', 'Jeringas desechables de 20cc', 0.05, 0.00, 0.17, 0.00, 0.00, 0.00, 1, 50, 50, 21, 15, 5, '*', '2027-01-01', 0.00, ''),
(191, '7862109020159', 'Alcohol antibacterial 25ml', 0.78, 0.00, 1.00, 0.00, 0.00, 0.00, 6, 0, 0, 21, 7, 22, '*', '2025-11-08', 0.00, ''),
(192, '7862109020029', 'Agua oxigenada 25ml', 0.78, 0.00, 1.00, 0.00, 0.00, 0.00, 6, 0, 0, 21, 7, 22, '*', '2026-11-06', 0.00, ''),
(193, '7861032141658', 'Fungirex incoloro 60ml', 2.75, 0.00, 3.00, 0.00, 0.00, 0.00, 2, 0, 0, 21, 7, 22, '*', '2026-08-30', 0.00, ''),
(194, '7861032141405', 'Fungirex talco desodorante', 1.85, 0.00, 2.20, 0.00, 0.00, 0.00, 2, 0, 0, 21, 7, 22, '*', '2027-10-30', 0.00, ''),
(195, '7862108810072', 'Antil 5mg/5ml', 2.79, 0.00, 3.43, 0.00, 0.00, 0.00, 3, 0, 0, 21, 7, 22, '*', '2026-11-01', 0.00, ''),
(196, '7705959881665', 'Paracetamol jarabe infantil', 0.90, 0.00, 1.49, 0.00, 0.00, 0.00, 5, 0, 0, 21, 7, 22, '*', '2026-05-30', 0.00, ''),
(197, '7862119360528', 'KidCal jarabe', 18.50, 0.00, 20.71, 0.00, 0.00, 0.00, 1, 0, 0, 21, 7, 22, '*', '2025-05-30', 0.00, ''),
(198, '7861155903638', 'HAPECO jarabe multivitamínico', 2.00, 0.00, 4.00, 0.00, 0.00, 0.00, 2, 0, 0, 21, 7, 22, '*', '2026-06-30', 0.00, ''),
(199, '4048846006394', 'Trayenta Duo', 40.00, 0.00, 48.05, 0.00, 0.00, 0.00, 1, 0, 0, 21, 7, 8, '*', '2025-03-30', 0.00, ''),
(200, '7861155902730', 'HAPECO gotas', 2.10, 0.00, 4.60, 0.00, 0.00, 0.00, 2, 0, 0, 21, 5, 9, '*', '2026-07-01', 0.00, ''),
(201, '8901790695198', 'Ciprofloxacino 500mg', 80.00, 0.00, 89.00, 0.89, 0.89, 0.80, 1, 100, 100, 21, 4, 1, '*', '2026-09-01', 0.00, ''),
(202, '7703153009106', 'Alercet gotas 15ml', 4.20, 0.00, 5.59, 0.00, 0.00, 0.00, 1, 0, 0, 21, 5, 9, '*', '2026-09-09', 0.00, ''),
(203, '8901790704975', 'DicloAzul cápsulas', 13.00, 0.00, 14.10, 0.47, 0.47, 0.43, 1, 30, 30, 21, 4, 10, '*', '2026-09-01', 0.00, ''),
(204, '8901790704982', 'DicloCien cápsulas', 12.00, 0.00, 13.50, 0.45, 0.45, 0.40, 1, 30, 30, 21, 4, 10, '*', '2026-07-01', 0.00, ''),
(205, '7862102650087', 'KURADOR ungüento', 0.58, 0.00, 7.80, 0.65, 0.65, 0.05, 1, 12, 12, 21, 4, 20, '*', '2026-08-06', 0.00, ''),
(206, '7862103553509', 'Mentol Extrafuerte SIKURA', 0.82, 0.00, 10.80, 0.90, 0.90, 0.07, 1, 12, 12, 21, 4, 20, '*', '2026-06-01', 0.00, ''),
(207, '7862102650056', 'Mentol Chino Concentrado', 0.90, 0.00, 11.40, 0.95, 0.95, 0.08, 1, 12, 12, 21, 4, 20, '*', '2026-08-10', 0.00, ''),
(208, '7861155901528', 'CEFUR ', 6.00, 0.00, 8.16, 0.00, 0.00, 0.00, 1, 0, 0, 21, 7, 7, '*', '2026-10-01', 0.00, ''),
(209, '8906046203486', 'Bonagermin PLUS', 13.20, 0.00, 14.15, 0.00, 0.00, 0.00, 5, 0, 0, 21, 10, 22, '*', '2026-06-01', 0.00, ''),
(210, '8901790718620', 'Alibión', 8.10, 0.00, 10.00, 1.00, 1.00, 0.81, 3, 30, 10, 21, 4, 10, '*', '2027-07-01', 0.00, ''),
(211, '7501033961243', 'PEDIALYTE Active Plus sabor a fresa', 3.10, 0.00, 4.54, 0.00, 0.00, 0.00, 5, 0, 0, 20, 9, 22, '*', '2025-05-10', 0.00, ''),
(212, '7501033962769', 'PEDIALYTE Active Plus sabor a durazno', 3.10, 0.00, 4.54, 0.00, 0.00, 0.00, 5, 0, 0, 20, 9, 22, '*', '2025-05-10', 0.00, ''),
(213, '7861078304338', 'Maternity Anatómica x10', 0.20, 0.00, 1.77, 0.00, 0.00, 0.00, 5, 0, 0, 21, 15, 5, '*', '2027-08-01', 0.00, ''),
(214, '8901790704432', 'Diclofenaco Gel 1% de 30gr', 2.00, 0.00, 3.00, 0.00, 0.00, 0.00, 8, 0, 0, 21, 13, 20, '*', '2026-06-01', 0.00, ''),
(215, '7702207700341', 'Dixi-35', 7.60, 0.00, 8.52, 0.00, 0.00, 0.00, 2, 0, 0, 20, 15, 8, '*', '2026-10-01', 0.00, ''),
(216, '7861100401080', 'Apronax 550mg', 9.05, 0.00, 11.33, 0.57, 0.57, 0.45, 1, 20, 20, 21, 4, 1, '*', '2026-03-01', 0.00, ''),
(217, '7861097204879', 'Metformina 500mg', 5.05, 0.00, 6.00, 0.20, 0.20, 0.17, 2, 60, 30, 2, 4, 1, '*', '2027-08-01', 0.00, ''),
(218, '8433042001667', 'Somazina 500mg', 23.15, 0.00, 39.50, 3.95, 3.95, 2.32, 1, 10, 10, 1, 4, 8, '*', '2025-10-01', 0.00, ''),
(219, '7795378003762', 'Troken Clopidogrel 75mg', 22.36, 0.00, 25.89, 0.92, 0.92, 0.80, 1, 28, 28, 1, 4, 8, '*', '2025-04-01', 0.00, ''),
(220, '7441041702769', 'Femgyl amp 1ml', 7.80, 0.00, 5.07, 0.00, 0.00, 0.00, 2, 0, 0, 21, 12, 14, '*', '2027-06-01', 0.00, ''),
(221, '7703763320127', 'Loratadina 10mg', 0.85, 0.00, 1.30, 0.13, 0.13, 0.09, 20, 200, 10, 10, 4, 1, '*', '2026-05-01', 0.00, ''),
(222, '8901790714295', 'Aciclovir 5% crema', 3.80, 0.00, 4.49, 0.00, 0.00, 0.00, 5, 0, 0, 21, 13, 19, '*', '2026-10-01', 0.00, ''),
(223, '7800063810577', 'Fluoxetina', 5.65, 0.00, 6.11, 0.31, 0.31, 0.28, 3, 60, 20, 21, 4, 8, '*', '2026-03-01', 0.00, ''),
(224, '7703186621511', 'Valcote 500mg', 17.30, 0.00, 20.70, 0.00, 0.00, 0.00, 1, 0, 0, 20, 7, 8, '*', '2025-04-01', 0.00, ''),
(225, '7750215027653', 'terbinafina 1% crema', 2.41, 0.00, 3.75, 0.00, 0.00, 0.00, 5, 0, 0, 21, 13, 19, '*', '2027-05-01', 0.00, ''),
(226, '7862108810782', 'Tricom-N óvulos', 3.50, 0.00, 4.20, 0.42, 0.42, 0.35, 4, 40, 10, 21, 4, 15, '*', '2026-05-01', 0.00, ''),
(227, '8901790695204', 'Diclofenaco potásico 50mg tabletas', 15.00, 0.00, 20.00, 0.20, 0.20, 0.15, 2, 200, 100, 21, 4, 1, '*', '2026-05-01', 0.00, ''),
(228, '8904180911915', 'Damicocyn 1.5 mg', 4.00, 0.00, 6.89, 0.00, 0.00, 0.00, 10, 0, 0, 21, 15, 1, '*', '2025-05-01', 0.00, ''),
(229, '7800060405417', 'Enalten 10mg', 4.00, 0.00, 5.40, 0.18, 0.18, 0.13, 1, 30, 30, 21, 4, 8, '*', '2025-04-01', 0.00, ''),
(230, '8901790713885', 'Aciclovir 800mg tabletas', 32.00, 0.00, 36.00, 1.20, 1.20, 1.07, 1, 30, 30, 21, 4, 1, '*', '2026-08-01', 0.00, ''),
(231, '8901790703961', 'Risperidona 1mg tabletas', 20.00, 0.00, 21.90, 0.73, 0.73, 0.67, 1, 30, 30, 21, 4, 1, '*', '2026-03-01', 0.00, ''),
(232, '8901790705965', 'Carvedilol 6.25mg tabletas', 2.65, 0.00, 3.50, 0.35, 0.35, 0.27, 8, 80, 10, 21, 4, 1, '*', '2026-08-01', 0.00, ''),
(233, '8901790704173', 'Carvedilol 25mg tabletas', 4.60, 0.00, 6.20, 0.62, 0.62, 0.46, 4, 40, 10, 21, 4, 1, '*', '2027-06-01', 0.00, ''),
(234, '8901790713878', 'Aciclovir 400mg tabletas', 18.00, 0.00, 21.00, 0.70, 0.70, 0.60, 1, 30, 30, 21, 4, 1, '*', '2025-12-01', 0.00, ''),
(235, '7703763999750', 'Zopiclona 7,5mg tabletas', 5.85, 0.00, 7.20, 0.24, 0.24, 0.20, 5, 150, 30, 10, 4, 1, '*', '2026-10-01', 0.00, ''),
(236, '7703153009045', 'Rhinodina D. Cápsulas', 11.00, 0.00, 15.00, 1.50, 1.50, 1.10, 1, 10, 10, 21, 4, 10, '*', '2026-11-01', 0.00, ''),
(237, '5997001365328', 'Sibilla CD', 13.10, 0.00, 15.09, 0.00, 0.00, 0.00, 1, 0, 0, 21, 15, 8, '*', '2025-10-01', 0.00, ''),
(238, '8901790712932', 'Clotrimazol 100mg óvulos', 8.00, 0.00, 10.00, 0.83, 0.83, 0.67, 2, 24, 12, 21, 4, 15, '*', '2026-05-01', 0.00, ''),
(239, '7861002401461', 'Fisiol Spray 40mlUB', 5.50, 0.00, 6.10, 0.00, 0.00, 0.00, 2, 0, 0, 5, 7, 22, '*', '2026-11-01', 0.00, ''),
(240, '7800063820385', 'VitaminaE 400UI. Cápsulas.', 4.00, 0.00, 20.00, 0.67, 0.67, 0.13, 1, 30, 30, 21, 4, 10, '*', '2026-03-01', 0.00, ''),
(241, '2000001836057', 'Secnidazol', 2.00, 0.00, 2.88, 0.00, 0.00, 0.00, 5, 0, 0, 21, 15, 1, '*', '2026-06-01', 0.00, ''),
(242, '7759307009454', 'SOLUNA 5', 3.70, 0.00, 4.14, 0.00, 0.00, 0.00, 8, 0, 0, 21, 12, 14, '*', '2027-02-01', 0.00, ''),
(243, '2000001835906', 'Fluconazol150mg', 0.75, 0.00, 1.10, 0.00, 0.00, 0.00, 10, 0, 0, 21, 15, 10, '*', '2026-01-01', 0.00, ''),
(244, '8904324900201', 'Neoalergine Plus 10mg. Cápsulas', 7.80, 0.00, 9.20, 0.31, 0.31, 0.26, 2, 60, 30, 21, 4, 10, '*', '2025-08-01', 0.00, ''),
(245, '8901790721378', 'Amlodipino 5mg. Tabletas', 28.00, 0.00, 32.00, 0.32, 0.32, 0.28, 1, 100, 100, 21, 4, 1, '*', '2026-09-01', 0.00, ''),
(246, '7862104592064', 'Sinaprox. Tabletas', 4.85, 0.00, 6.00, 0.30, 0.30, 0.24, 4, 80, 20, 21, 4, 1, '*', '2027-06-01', 0.00, ''),
(247, '7730969302435', 'Migradorixina. Comprimidos.', 10.04, 0.00, 14.82, 0.74, 0.74, 0.50, 2, 40, 20, 21, 4, 8, '*', '2026-09-01', 0.00, ''),
(248, '7750215014363', 'Azitromicina 200mg/5ml', 8.75, 0.00, 11.00, 0.00, 0.00, 0.00, 2, 0, 0, 21, 7, 2, '*', '2025-12-01', 0.00, ''),
(249, '8901790695334', 'Fluconazol 200mg. Cápsulas.', 1.10, 0.00, 2.42, 0.00, 0.00, 0.00, 4, 0, 0, 21, 15, 10, '*', '2026-11-01', 0.00, ''),
(250, '8901790704913', 'Tramadol clorhidrato 50mg. Tabletas', 22.00, 0.00, 26.00, 0.26, 0.26, 0.22, 1, 100, 100, 21, 4, 1, '*', '2025-09-01', 0.00, ''),
(251, '7702605168798', 'Dexametasona fosfato 8mg/2ml', 7.00, 0.00, 10.00, 1.00, 1.00, 0.70, 1, 10, 10, 11, 12, 14, '*', '2026-03-01', 0.00, ''),
(252, '5391189340816', 'Triplixam', 45.00, 0.00, 51.70, 1.72, 1.72, 1.50, 1, 30, 30, 21, 4, 8, '*', '2025-05-01', 0.00, ''),
(253, '8901790702483', 'Clindamicina 300mg. Cápsulas,', 4.80, 0.00, 5.40, 0.54, 0.54, 0.48, 2, 20, 10, 21, 4, 10, '*', '2025-06-01', 0.00, ''),
(254, '7800060015661', 'Trioval', 4.00, 0.00, 5.00, 0.50, 0.50, 0.40, 2, 20, 10, 21, 4, 8, '*', '2026-04-01', 0.00, ''),
(255, '7800063002361', 'Zonix 7,5mg', 10.00, 0.00, 9.30, 0.31, 0.31, 0.33, 2, 60, 30, 21, 4, 8, '*', '2025-12-01', 0.00, ''),
(256, '7861155901771', 'Mucoxin Relax', 9.80, 0.00, 12.00, 0.40, 0.40, 0.33, 1, 30, 30, 21, 4, 1, '*', '2026-08-01', 0.00, ''),
(257, '7750215010310', 'Meloxicam 15mg', 32.00, 0.00, 40.00, 0.40, 0.40, 0.32, 1, 100, 100, 21, 4, 1, '*', '2027-06-01', 0.00, ''),
(258, '7862102713829', 'Digestotal Forte', 15.00, 0.00, 21.00, 0.70, 0.70, 0.50, 1, 30, 30, 21, 4, 10, '*', '2027-05-01', 0.00, ''),
(259, '8906046202861', 'Germinterol. Bacillus clausii', 14.00, 0.00, 15.90, 1.59, 1.59, 1.40, 1, 10, 10, 21, 4, 7, '*', '2026-01-01', 0.00, ''),
(260, '7800060130050', 'Realta 60mg', 45.00, 0.00, 50.00, 1.67, 1.67, 1.50, 1, 30, 30, 21, 4, 10, '*', '2025-08-01', 0.00, ''),
(261, '7800070000046', 'Bladuril 200mg', 17.85, 0.00, 18.12, 0.91, 0.91, 0.89, 1, 20, 20, 21, 4, 8, '*', '2026-07-01', 0.00, ''),
(262, '7702057065829', 'Pregabalina 75mg. Cápsulas', 8.85, 0.00, 9.92, 0.71, 0.71, 0.63, 1, 14, 14, 21, 4, 10, '*', '2026-06-01', 0.00, ''),
(263, '7868001303536', 'Ditiflex', 17.00, 0.00, 19.44, 1.94, 1.94, 1.70, 1, 10, 10, 21, 4, 8, '*', '2026-11-01', 0.00, ''),
(264, '7861155901696', 'HCT25. Tabletas', 3.25, 0.00, 5.40, 0.18, 0.18, 0.11, 1, 30, 30, 21, 4, 1, '*', '2026-05-01', 0.00, ''),
(265, '7703763484010', 'Ibersartán', 5.15, 0.00, 6.30, 0.21, 0.21, 0.17, 1, 30, 30, 10, 4, 1, '*', '2026-01-01', 0.00, ''),
(266, '7861129000219', 'Hierrovit Forte', 5.10, 0.00, 6.00, 0.20, 0.20, 0.17, 1, 30, 30, 21, 4, 1, '*', '2026-09-01', 0.00, ''),
(267, '7750215021859', 'Ketorolaco 10mg', 8.75, 0.00, 10.50, 0.35, 0.35, 0.29, 1, 30, 30, 21, 4, 1, '*', '2027-07-01', 0.00, ''),
(268, '7861009806832', 'Cloruro de sodio al 0.9% 100ml', 0.80, 0.00, 1.00, 0.00, 0.00, 0.00, 5, 0, 0, 21, 15, 22, '*', '2027-02-01', 0.00, ''),
(269, '7861139806887', 'Cloruro de sodio al 0,9% 500ml', 1.00, 0.00, 1.50, 0.00, 0.00, 0.00, 5, 0, 0, 21, 15, 22, '*', '2027-12-01', 0.00, ''),
(270, '7868000691818', 'Gasa Lista 100u', 6.50, 0.00, 10.00, 0.10, 0.10, 0.07, 1, 100, 100, 21, 15, 5, '*', '2927-01-01', 0.00, ''),
(271, '7868000466409', 'GENGITOS jarabe expectorante natural. 250ml', 5.00, 0.00, 6.00, 0.00, 0.00, 0.00, 6, 0, 0, 21, 15, 2, '*', '2026-02-05', 0.00, ''),
(272, '7861002401898', 'Suero fisiológico UB 500ml', 4.91, 0.00, 6.50, 0.00, 0.00, 0.00, 5, 0, 0, 21, 15, 22, '*', '2026-11-01', 0.00, ''),
(273, '7702057713416', 'ANTIÁCIDO MK', 1.75, 0.00, 2.80, 0.00, 0.00, 0.00, 3, 0, 0, 21, 7, 18, '*', '2025-06-01', 0.00, ''),
(274, '7862102650254', 'Mentol chino linimento 120ml', 3.15, 0.00, 3.50, 0.00, 0.00, 0.00, 3, 0, 0, 21, 7, 22, '*', '2026-06-19', 0.00, ''),
(275, '7509546015040', 'Colgate cepillos de dientes x12', 0.50, 0.00, 0.74, 0.06, 0.06, 0.04, 1, 12, 12, 21, 15, 5, '*', '2027-01-01', 0.00, ''),
(276, '7702313129005', 'Limas para uñas LIZMAR', 0.05, 0.00, 7.00, 0.05, 0.05, 0.00, 1, 144, 144, 21, 15, 5, '*', '2027-01-01', 0.00, ''),
(277, '7702136645003', 'Curitas traslucidas', 1.25, 0.00, 20.00, 0.20, 0.20, 0.01, 2, 200, 100, 21, 15, 5, '*', '2027-01-01', 0.00, ''),
(278, '7702136367110', 'Esparadrapo blanco 125cm', 1.00, 0.00, 1.50, 0.00, 0.00, 0.00, 6, 0, 0, 21, 15, 5, '*', '2027-01-01', 0.00, ''),
(279, '7702136356923', 'Esparadrapo piel 125cm', 1.00, 0.00, 2.19, 0.00, 0.00, 0.00, 6, 0, 0, 21, 15, 5, '*', '2027-01-01', 0.00, ''),
(280, '7861081714087', 'Guantes quirúrgicos Tamaño 7 8', 5.25, 0.00, 1.00, 0.00, 0.00, 0.00, 2, 0, 0, 21, 15, 5, '*', '2029-08-01', 0.00, ''),
(281, '7861081714100', 'Guantes de latex 50 pares', 6.00, 0.00, 1.00, 0.00, 0.00, 0.00, 5, 0, 0, 21, 15, 5, '*', '2029-02-01', 0.00, '');

-- --------------------------------------------------------

--
-- Estructura de tabla para la tabla `tipos`
--

CREATE TABLE `tipos` (
  `id` int(11) NOT NULL,
  `tipo` varchar(50) NOT NULL
) ENGINE=InnoDB DEFAULT CHARSET=utf8mb4 COLLATE=utf8mb4_general_ci;

--
-- Volcado de datos para la tabla `tipos`
--

INSERT INTO `tipos` (`id`, `tipo`) VALUES
(1, 'Tabletas'),
(2, 'Jarabe'),
(3, 'Emulsion'),
(5, 'Otros'),
(6, 'pastillas'),
(7, 'polvo'),
(8, 'comprimidos'),
(9, 'gotas'),
(10, 'capsulas'),
(11, 'polvos'),
(12, 'granulados'),
(13, 'soluciones'),
(14, 'solucion inyectable'),
(15, 'ovulos'),
(16, 'supositorios'),
(17, 'jarabes'),
(18, 'suspensiones'),
(19, 'crema'),
(20, 'ungüento'),
(21, 'parches'),
(22, 'líquido'),
(23, 'pomada'),
(24, 'pasta'),
(25, 'linimentos'),
(26, 'Aerosol'),
(27, 'Nebulizador');

-- --------------------------------------------------------

--
-- Estructura de tabla para la tabla `transaccion`
--

CREATE TABLE `transaccion` (
  `id_transaccion` varchar(20) NOT NULL,
  `nombre_transaccion` varchar(200) NOT NULL
) ENGINE=InnoDB DEFAULT CHARSET=utf8mb4 COLLATE=utf8mb4_general_ci;

--
-- Volcado de datos para la tabla `transaccion`
--

INSERT INTO `transaccion` (`id_transaccion`, `nombre_transaccion`) VALUES
('DU', 'De Una Pichincha'),
('EF', 'Efectivo'),
('TJ', 'Tarjeta'),
('TR', 'Transferencia');

-- --------------------------------------------------------

--
-- Estructura de tabla para la tabla `usuario`
--

CREATE TABLE `usuario` (
  `idusuario` int(11) NOT NULL,
  `nombre` varchar(100) NOT NULL,
  `correo` varchar(100) NOT NULL,
  `usuario` varchar(20) NOT NULL,
  `clave` varchar(50) NOT NULL
) ENGINE=InnoDB DEFAULT CHARSET=utf8 COLLATE=utf8_spanish_ci;

--
-- Volcado de datos para la tabla `usuario`
--

INSERT INTO `usuario` (`idusuario`, `nombre`, `correo`, `usuario`, `clave`) VALUES
(1, 'Administrador', 'willianandrademj43@gmail.com', 'admin', '21232f297a57a5a743894a0e4a801fc3'),
(9, 'Maria Sanchez', 'maria@gmail.com', 'maria', '263bce650e68ab4e23f28263760b9fa5'),
(12, 'Jadith', 'jadith@gmail.com', 'jadith', '32d769defc2f5f9eec5bfc3957ac604b');

-- --------------------------------------------------------

--
-- Estructura de tabla para la tabla `ventas`
--

CREATE TABLE `ventas` (
  `id` int(11) NOT NULL,
  `id_cliente` int(11) NOT NULL,
  `total` decimal(10,2) NOT NULL,
  `id_usuario` int(11) NOT NULL,
  `fecha` timestamp NOT NULL DEFAULT current_timestamp() ON UPDATE current_timestamp(),
  `tipo_trans` varchar(20) NOT NULL
) ENGINE=InnoDB DEFAULT CHARSET=utf8mb4 COLLATE=utf8mb4_general_ci;

--
-- Volcado de datos para la tabla `ventas`
--

INSERT INTO `ventas` (`id`, `id_cliente`, `total`, `id_usuario`, `fecha`, `tipo_trans`) VALUES
(214, 7, 6.24, 1, '2025-01-26 02:36:50', ''),
(215, 6, 0.83, 1, '2025-01-26 16:55:55', 'EF'),
(216, 6, 2.40, 1, '2025-01-26 17:46:17', 'EF'),
(217, 6, 1.20, 1, '2025-01-26 17:49:03', 'EF'),
(218, 6, 2.50, 12, '2025-01-27 02:19:14', 'EF'),
(219, 6, 2.50, 12, '2025-01-27 02:21:48', 'EF'),
(220, 4, 2.00, 1, '2025-01-29 02:22:59', 'EF');

-- --------------------------------------------------------

--
-- Estructura Stand-in para la vista `vipermisos`
-- (Véase abajo para la vista actual)
--
CREATE TABLE `vipermisos` (
`id` int(11)
,`nombre` varchar(30)
,`nombre_op` varchar(200)
,`archivo` varchar(100)
,`logo_opcion` varchar(100)
,`id_detalle_per` int(11)
,`id_permiso` int(11)
,`id_usuario` int(11)
);

-- --------------------------------------------------------

--
-- Estructura Stand-in para la vista `viutilidad`
-- (Véase abajo para la vista actual)
--
CREATE TABLE `viutilidad` (
`id_venta` int(11)
,`codproducto` int(11)
,`descripcion` varchar(200)
,`cantidad` int(11)
,`precio` decimal(10,2)
,`precioPVP` decimal(10,2)
,`iva` decimal(10,2)
,`totalCosto` decimal(20,2)
,`totalPVP` decimal(20,2)
,`utilidad` decimal(21,2)
,`fecha_venta` timestamp
,`nombre_usuario` varchar(100)
,`nombre_cliente` varchar(100)
,`transaccion` varchar(200)
);

-- --------------------------------------------------------

--
-- Estructura para la vista `vipermisos`
--
DROP TABLE IF EXISTS `vipermisos`;

CREATE ALGORITHM=UNDEFINED DEFINER=`root`@`localhost` SQL SECURITY DEFINER VIEW `vipermisos`  AS SELECT `p`.`id` AS `id`, `p`.`nombre` AS `nombre`, `p`.`nombre_op` AS `nombre_op`, `p`.`archivo` AS `archivo`, `p`.`logo_opcion` AS `logo_opcion`, `d`.`id` AS `id_detalle_per`, `d`.`id_permiso` AS `id_permiso`, `d`.`id_usuario` AS `id_usuario` FROM (`permisos` `p` join `detalle_permisos` `d` on(`p`.`id` = `d`.`id_permiso`)) ;

-- --------------------------------------------------------

--
-- Estructura para la vista `viutilidad`
--
DROP TABLE IF EXISTS `viutilidad`;

CREATE ALGORITHM=UNDEFINED DEFINER=`root`@`localhost` SQL SECURITY DEFINER VIEW `viutilidad`  AS SELECT `d`.`id_venta` AS `id_venta`, `p`.`codproducto` AS `codproducto`, `p`.`descripcion` AS `descripcion`, `d`.`cantidad` AS `cantidad`, `d`.`precio` AS `precio`, `d`.`precioPVP` AS `precioPVP`, `d`.`iva` AS `iva`, `d`.`cantidad`* `d`.`precio` AS `totalCosto`, `d`.`cantidad`* `d`.`precioPVP` AS `totalPVP`, `d`.`cantidad`* `d`.`precioPVP` - `d`.`cantidad` * `d`.`precio` AS `utilidad`, `v`.`fecha` AS `fecha_venta`, `u`.`nombre` AS `nombre_usuario`, `c`.`nombre` AS `nombre_cliente`, `t`.`nombre_transaccion` AS `transaccion` FROM (((((`detalle_venta` `d` join `producto` `p` on(`d`.`id_producto` = `p`.`codproducto`)) join `ventas` `v` on(`v`.`id` = `d`.`id_venta`)) join `usuario` `u` on(`u`.`idusuario` = `v`.`id_usuario`)) join `cliente` `c` on(`c`.`idcliente` = `v`.`id_cliente`)) join `transaccion` `t` on(`t`.`id_transaccion` = `v`.`tipo_trans`))WITH LOCAL CHECK OPTION  ;

--
-- Índices para tablas volcadas
--

--
-- Indices de la tabla `cliente`
--
ALTER TABLE `cliente`
  ADD PRIMARY KEY (`idcliente`);

--
-- Indices de la tabla `configuracion`
--
ALTER TABLE `configuracion`
  ADD PRIMARY KEY (`id`);

--
-- Indices de la tabla `detalle_permisos`
--
ALTER TABLE `detalle_permisos`
  ADD PRIMARY KEY (`id`),
  ADD KEY `id_permiso` (`id_permiso`),
  ADD KEY `id_usuario` (`id_usuario`);

--
-- Indices de la tabla `detalle_temp`
--
ALTER TABLE `detalle_temp`
  ADD PRIMARY KEY (`id`),
  ADD KEY `id_usuario` (`id_usuario`),
  ADD KEY `id_producto` (`id_producto`);

--
-- Indices de la tabla `detalle_venta`
--
ALTER TABLE `detalle_venta`
  ADD PRIMARY KEY (`id`),
  ADD KEY `id_producto` (`id_producto`),
  ADD KEY `id_venta` (`id_venta`);

--
-- Indices de la tabla `grupo_cuerpo`
--
ALTER TABLE `grupo_cuerpo`
  ADD PRIMARY KEY (`id_grupo`);

--
-- Indices de la tabla `laboratorios`
--
ALTER TABLE `laboratorios`
  ADD PRIMARY KEY (`id`);

--
-- Indices de la tabla `permisos`
--
ALTER TABLE `permisos`
  ADD PRIMARY KEY (`id`);

--
-- Indices de la tabla `presentacion`
--
ALTER TABLE `presentacion`
  ADD PRIMARY KEY (`id`);

--
-- Indices de la tabla `producto`
--
ALTER TABLE `producto`
  ADD PRIMARY KEY (`codproducto`);

--
-- Indices de la tabla `tipos`
--
ALTER TABLE `tipos`
  ADD PRIMARY KEY (`id`);

--
-- Indices de la tabla `transaccion`
--
ALTER TABLE `transaccion`
  ADD PRIMARY KEY (`id_transaccion`);

--
-- Indices de la tabla `usuario`
--
ALTER TABLE `usuario`
  ADD PRIMARY KEY (`idusuario`);

--
-- Indices de la tabla `ventas`
--
ALTER TABLE `ventas`
  ADD PRIMARY KEY (`id`),
  ADD KEY `id_usuario` (`id_usuario`),
  ADD KEY `id_cliente` (`id_cliente`);

--
-- AUTO_INCREMENT de las tablas volcadas
--

--
-- AUTO_INCREMENT de la tabla `cliente`
--
ALTER TABLE `cliente`
  MODIFY `idcliente` int(11) NOT NULL AUTO_INCREMENT, AUTO_INCREMENT=11;

--
-- AUTO_INCREMENT de la tabla `configuracion`
--
ALTER TABLE `configuracion`
  MODIFY `id` int(11) NOT NULL AUTO_INCREMENT, AUTO_INCREMENT=2;

--
-- AUTO_INCREMENT de la tabla `detalle_permisos`
--
ALTER TABLE `detalle_permisos`
  MODIFY `id` int(11) NOT NULL AUTO_INCREMENT, AUTO_INCREMENT=192;

--
-- AUTO_INCREMENT de la tabla `detalle_temp`
--
ALTER TABLE `detalle_temp`
  MODIFY `id` int(11) NOT NULL AUTO_INCREMENT, AUTO_INCREMENT=220;

--
-- AUTO_INCREMENT de la tabla `detalle_venta`
--
ALTER TABLE `detalle_venta`
  MODIFY `id` int(11) NOT NULL AUTO_INCREMENT, AUTO_INCREMENT=153;

--
-- AUTO_INCREMENT de la tabla `grupo_cuerpo`
--
ALTER TABLE `grupo_cuerpo`
  MODIFY `id_grupo` int(11) NOT NULL AUTO_INCREMENT, AUTO_INCREMENT=2;

--
-- AUTO_INCREMENT de la tabla `laboratorios`
--
ALTER TABLE `laboratorios`
  MODIFY `id` int(11) NOT NULL AUTO_INCREMENT, AUTO_INCREMENT=22;

--
-- AUTO_INCREMENT de la tabla `permisos`
--
ALTER TABLE `permisos`
  MODIFY `id` int(11) NOT NULL AUTO_INCREMENT, AUTO_INCREMENT=13;

--
-- AUTO_INCREMENT de la tabla `presentacion`
--
ALTER TABLE `presentacion`
  MODIFY `id` int(11) NOT NULL AUTO_INCREMENT, AUTO_INCREMENT=18;

--
-- AUTO_INCREMENT de la tabla `producto`
--
ALTER TABLE `producto`
  MODIFY `codproducto` int(11) NOT NULL AUTO_INCREMENT, AUTO_INCREMENT=282;

--
-- AUTO_INCREMENT de la tabla `tipos`
--
ALTER TABLE `tipos`
  MODIFY `id` int(11) NOT NULL AUTO_INCREMENT, AUTO_INCREMENT=29;

--
-- AUTO_INCREMENT de la tabla `usuario`
--
ALTER TABLE `usuario`
  MODIFY `idusuario` int(11) NOT NULL AUTO_INCREMENT, AUTO_INCREMENT=13;

--
-- AUTO_INCREMENT de la tabla `ventas`
--
ALTER TABLE `ventas`
  MODIFY `id` int(11) NOT NULL AUTO_INCREMENT, AUTO_INCREMENT=221;
COMMIT;

/*!40101 SET CHARACTER_SET_CLIENT=@OLD_CHARACTER_SET_CLIENT */;
/*!40101 SET CHARACTER_SET_RESULTS=@OLD_CHARACTER_SET_RESULTS */;
/*!40101 SET COLLATION_CONNECTION=@OLD_COLLATION_CONNECTION */;
